record,day_index,pumping_m3_per_day
designed_confined_T50_rho1_N6,0,120.30418250950572
designed_confined_T50_rho1_N6,1,120.30418250950572
designed_confined_T50_rho1_N6,2,120.30418250950572
designed_confined_T50_rho1_N6,3,120.30418250950572
designed_confined_T50_rho1_N6,4,120.30418250950572
designed_confined_T50_rho1_N6,5,120.30418250950572
designed_confined_T50_rho1_N6,6,120.30418250950572
designed_confined_T50_rho1_N6,7,120.30418250950572
designed_confined_T50_rho1_N6,8,120.30418250950572
designed_confined_T50_rho1_N6,9,120.30418250950572
designed_confined_T50_rho1_N6,10,120.30418250950572
designed_confined_T50_rho1_N6,11,120.30418250950572
designed_confined_T50_rho1_N6,12,120.30418250950572
designed_confined_T50_rho1_N6,13,100.25348542458809
designed_confined_T50_rho1_N6,14,100.25348542458809
designed_confined_T50_rho1_N6,15,100.25348542458809
designed_confined_T50_rho1_N6,16,100.25348542458809
designed_confined_T50_rho1_N6,17,100.25348542458809
designed_confined_T50_rho1_N6,18,100.25348542458809
designed_confined_T50_rho1_N6,19,100.25348542458809
designed_confined_T50_rho1_N6,20,100.25348542458809
designed_confined_T50_rho1_N6,21,100.25348542458809
designed_confined_T50_rho1_N6,22,100.25348542458809
designed_confined_T50_rho1_N6,23,100.25348542458809
designed_confined_T50_rho1_N6,24,100.25348542458809
designed_confined_T50_rho1_N6,25,100.25348542458809
designed_confined_T50_rho1_N6,26,100.25348542458809
designed_confined_T50_rho1_N6,27,100.25348542458809
designed_confined_T50_rho1_N6,28,100.25348542458809
designed_confined_T50_rho1_N6,29,100.25348542458809
designed_confined_T50_rho1_N6,30,100.25348542458809
designed_confined_T50_rho1_N6,31,100.25348542458809
designed_confined_T50_rho1_N6,32,100.25348542458809
designed_confined_T50_rho1_N6,33,100.25348542458809
designed_confined_T50_rho1_N6,34,100.25348542458809
designed_confined_T50_rho1_N6,35,100.25348542458809
designed_confined_T50_rho1_N6,36,100.25348542458809
designed_confined_T50_rho1_N6,37,100.25348542458809
designed_confined_T50_rho1_N6,38,100.25348542458809
designed_confined_T50_rho1_N6,39,100.25348542458809
designed_confined_T50_rho1_N6,40,100.25348542458809
designed_confined_T50_rho1_N6,41,100.25348542458809
designed_confined_T50_rho1_N6,42,100.25348542458809
designed_confined_T50_rho1_N6,43,100.25348542458809
designed_confined_T50_rho1_N6,44,100.25348542458809
designed_confined_T50_rho1_N6,45,100.25348542458809
designed_confined_T50_rho1_N6,46,100.25348542458809
designed_confined_T50_rho1_N6,47,100.25348542458809
designed_confined_T50_rho1_N6,48,80.20278833967048
designed_confined_T50_rho1_N6,49,80.20278833967048
designed_confined_T50_rho1_N6,50,80.20278833967048
designed_confined_T50_rho1_N6,51,80.20278833967048
designed_confined_T50_rho1_N6,52,80.20278833967048
designed_confined_T50_rho1_N6,53,80.20278833967048
designed_confined_T50_rho1_N6,54,80.20278833967048
designed_confined_T50_rho1_N6,55,80.20278833967048
designed_confined_T50_rho1_N6,56,80.20278833967048
designed_confined_T50_rho1_N6,57,80.20278833967048
designed_confined_T50_rho1_N6,58,80.20278833967048
designed_confined_T50_rho1_N6,59,80.20278833967048
designed_confined_T50_rho1_N6,60,80.20278833967048
designed_confined_T50_rho1_N6,61,80.20278833967048
designed_confined_T50_rho1_N6,62,80.20278833967048
designed_confined_T50_rho1_N6,63,80.20278833967048
designed_confined_T50_rho1_N6,64,80.20278833967048
designed_confined_T50_rho1_N6,65,80.20278833967048
designed_confined_T50_rho1_N6,66,80.20278833967048
designed_confined_T50_rho1_N6,67,80.20278833967048
designed_confined_T50_rho1_N6,68,80.20278833967048
designed_confined_T50_rho1_N6,69,80.20278833967048
designed_confined_T50_rho1_N6,70,80.20278833967048
designed_confined_T50_rho1_N6,71,80.20278833967048
designed_confined_T50_rho1_N6,72,80.20278833967048
designed_confined_T50_rho1_N6,73,80.20278833967048
designed_confined_T50_rho1_N6,74,80.20278833967048
designed_confined_T50_rho1_N6,75,80.20278833967048
designed_confined_T50_rho1_N6,76,80.20278833967048
designed_confined_T50_rho1_N6,77,80.20278833967048
designed_confined_T50_rho1_N6,78,80.20278833967048
designed_confined_T50_rho1_N6,79,80.20278833967048
designed_confined_T50_rho1_N6,80,80.20278833967048
designed_confined_T50_rho1_N6,81,80.20278833967048
designed_confined_T50_rho1_N6,82,80.20278833967048
designed_confined_T50_rho1_N6,83,80.20278833967048
designed_confined_T50_rho1_N6,84,80.20278833967048
designed_confined_T50_rho1_N6,85,80.20278833967048
designed_confined_T50_rho1_N6,86,80.20278833967048
designed_confined_T50_rho1_N6,87,80.20278833967048
designed_confined_T50_rho1_N6,88,120.30418250950572
designed_confined_T50_rho1_N6,89,120.30418250950572
designed_confined_T50_rho1_N6,90,120.30418250950572
designed_confined_T50_rho1_N6,91,120.30418250950572
designed_confined_T50_rho1_N6,92,120.30418250950572
designed_confined_T50_rho1_N6,93,120.30418250950572
designed_confined_T50_rho1_N6,94,120.30418250950572
designed_confined_T50_rho1_N6,95,120.30418250950572
designed_confined_T50_rho1_N6,96,120.30418250950572
designed_confined_T50_rho1_N6,97,120.30418250950572
designed_confined_T50_rho1_N6,98,120.30418250950572
designed_confined_T50_rho1_N6,99,120.30418250950572
designed_confined_T50_rho1_N6,100,120.30418250950572
designed_confined_T50_rho1_N6,101,120.30418250950572
designed_confined_T50_rho1_N6,102,120.30418250950572
designed_confined_T50_rho1_N6,103,120.30418250950572
designed_confined_T50_rho1_N6,104,120.30418250950572
designed_confined_T50_rho1_N6,105,120.30418250950572
designed_confined_T50_rho1_N6,106,120.30418250950572
designed_confined_T50_rho1_N6,107,120.30418250950572
designed_confined_T50_rho1_N6,108,120.30418250950572
designed_confined_T50_rho1_N6,109,120.30418250950572
designed_confined_T50_rho1_N6,110,120.30418250950572
designed_confined_T50_rho1_N6,111,120.30418250950572
designed_confined_T50_rho1_N6,112,120.30418250950572
designed_confined_T50_rho1_N6,113,120.30418250950572
designed_confined_T50_rho1_N6,114,120.30418250950572
designed_confined_T50_rho1_N6,115,120.30418250950572
designed_confined_T50_rho1_N6,116,120.30418250950572
designed_confined_T50_rho1_N6,117,120.30418250950572
designed_confined_T50_rho1_N6,118,120.30418250950572
designed_confined_T50_rho1_N6,119,120.30418250950572
designed_confined_T50_rho1_N6,120,120.30418250950572
designed_confined_T50_rho1_N6,121,100.25348542458809
designed_confined_T50_rho1_N6,122,100.25348542458809
designed_confined_T50_rho1_N6,123,100.25348542458809
designed_confined_T50_rho1_N6,124,100.25348542458809
designed_confined_T50_rho1_N6,125,100.25348542458809
designed_confined_T50_rho1_N6,126,100.25348542458809
designed_confined_T50_rho1_N6,127,100.25348542458809
designed_confined_T50_rho1_N6,128,100.25348542458809
designed_confined_T50_rho1_N6,129,100.25348542458809
designed_confined_T50_rho1_N6,130,100.25348542458809
designed_confined_T50_rho1_N6,131,100.25348542458809
designed_confined_T50_rho1_N6,132,100.25348542458809
designed_confined_T50_rho1_N6,133,100.25348542458809
designed_confined_T50_rho1_N6,134,100.25348542458809
designed_confined_T50_rho1_N6,135,100.25348542458809
designed_confined_T50_rho1_N6,136,100.25348542458809
designed_confined_T50_rho1_N6,137,100.25348542458809
designed_confined_T50_rho1_N6,138,100.25348542458809
designed_confined_T50_rho1_N6,139,120.30418250950572
designed_confined_T50_rho1_N6,140,120.30418250950572
designed_confined_T50_rho1_N6,141,120.30418250950572
designed_confined_T50_rho1_N6,142,120.30418250950572
designed_confined_T50_rho1_N6,143,120.30418250950572
designed_confined_T50_rho1_N6,144,120.30418250950572
designed_confined_T50_rho1_N6,145,120.30418250950572
designed_confined_T50_rho1_N6,146,120.30418250950572
designed_confined_T50_rho1_N6,147,120.30418250950572
designed_confined_T50_rho1_N6,148,120.30418250950572
designed_confined_T50_rho1_N6,149,120.30418250950572
designed_confined_T50_rho1_N6,150,120.30418250950572
designed_confined_T50_rho1_N6,151,120.30418250950572
designed_confined_T50_rho1_N6,152,120.30418250950572
designed_confined_T50_rho1_N6,153,120.30418250950572
designed_confined_T50_rho1_N6,154,120.30418250950572
designed_confined_T50_rho1_N6,155,120.30418250950572
designed_confined_T50_rho1_N6,156,120.30418250950572
designed_confined_T50_rho1_N6,157,120.30418250950572
designed_confined_T50_rho1_N6,158,120.30418250950572
designed_confined_T50_rho1_N6,159,120.30418250950572
designed_confined_T50_rho1_N6,160,120.30418250950572
designed_confined_T50_rho1_N6,161,120.30418250950572
designed_confined_T50_rho1_N6,162,120.30418250950572
designed_confined_T50_rho1_N6,163,120.30418250950572
designed_confined_T50_rho1_N6,164,120.30418250950572
designed_confined_T50_rho1_N6,165,120.30418250950572
designed_confined_T50_rho1_N6,166,120.30418250950572
designed_confined_T50_rho1_N6,167,120.30418250950572
designed_confined_T50_rho1_N6,168,120.30418250950572
designed_confined_T50_rho1_N6,169,120.30418250950572
designed_confined_T50_rho1_N6,170,120.30418250950572
designed_confined_T50_rho1_N6,171,120.30418250950572
designed_confined_T50_rho1_N6,172,120.30418250950572
designed_confined_T50_rho1_N6,173,120.30418250950572
designed_confined_T50_rho1_N6,174,120.30418250950572
designed_confined_T50_rho1_N6,175,120.30418250950572
designed_confined_T50_rho1_N6,176,120.30418250950572
designed_confined_T50_rho1_N6,177,120.30418250950572
designed_confined_T50_rho1_N6,178,120.30418250950572
designed_confined_T50_rho1_N6,179,120.30418250950572
designed_confined_T50_rho1_N6,180,120.30418250950572
designed_confined_T50_rho1_N6,181,120.30418250950572
designed_confined_T50_rho1_N6,182,120.30418250950572
designed_confined_T50_rho1_N6,183,120.30418250950572
designed_confined_T50_rho1_N6,184,120.30418250950572
designed_confined_T50_rho1_N6,185,120.30418250950572
designed_confined_T50_rho1_N6,186,120.30418250950572
designed_confined_T50_rho1_N6,187,120.30418250950572
designed_confined_T50_rho1_N6,188,120.30418250950572
designed_confined_T50_rho1_N6,189,120.30418250950572
designed_confined_T50_rho1_N6,190,120.30418250950572
designed_confined_T50_rho1_N6,191,120.30418250950572
designed_confined_T50_rho1_N6,192,120.30418250950572
designed_confined_T50_rho1_N6,193,120.30418250950572
designed_confined_T50_rho1_N6,194,120.30418250950572
designed_confined_T50_rho1_N6,195,120.30418250950572
designed_confined_T50_rho1_N6,196,120.30418250950572
designed_confined_T50_rho1_N6,197,120.30418250950572
designed_confined_T50_rho1_N6,198,120.30418250950572
designed_confined_T50_rho1_N6,199,120.30418250950572
designed_confined_T50_rho1_N6,200,120.30418250950572
designed_confined_T50_rho1_N6,201,120.30418250950572
designed_confined_T50_rho1_N6,202,120.30418250950572
designed_confined_T50_rho1_N6,203,120.30418250950572
designed_confined_T50_rho1_N6,204,120.30418250950572
designed_confined_T50_rho1_N6,205,120.30418250950572
designed_confined_T50_rho1_N6,206,120.30418250950572
designed_confined_T50_rho1_N6,207,120.30418250950572
designed_confined_T50_rho1_N6,208,120.30418250950572
designed_confined_T50_rho1_N6,209,120.30418250950572
designed_confined_T50_rho1_N6,210,120.30418250950572
designed_confined_T50_rho1_N6,211,120.30418250950572
designed_confined_T50_rho1_N6,212,120.30418250950572
designed_confined_T50_rho1_N6,213,120.30418250950572
designed_confined_T50_rho1_N6,214,120.30418250950572
designed_confined_T50_rho1_N6,215,120.30418250950572
designed_confined_T50_rho1_N6,216,120.30418250950572
designed_confined_T50_rho1_N6,217,120.30418250950572
designed_confined_T50_rho1_N6,218,120.30418250950572
designed_confined_T50_rho1_N6,219,120.30418250950572
designed_confined_T50_rho1_N6,220,120.30418250950572
designed_confined_T50_rho1_N6,221,120.30418250950572
designed_confined_T50_rho1_N6,222,120.30418250950572
designed_confined_T50_rho1_N6,223,120.30418250950572
designed_confined_T50_rho1_N6,224,120.30418250950572
designed_confined_T50_rho1_N6,225,120.30418250950572
designed_confined_T50_rho1_N6,226,120.30418250950572
designed_confined_T50_rho1_N6,227,120.30418250950572
designed_confined_T50_rho1_N6,228,120.30418250950572
designed_confined_T50_rho1_N6,229,120.30418250950572
designed_confined_T50_rho1_N6,230,120.30418250950572
designed_confined_T50_rho1_N6,231,120.30418250950572
designed_confined_T50_rho1_N6,232,120.30418250950572
designed_confined_T50_rho1_N6,233,120.30418250950572
designed_confined_T50_rho1_N6,234,120.30418250950572
designed_confined_T50_rho1_N6,235,120.30418250950572
designed_confined_T50_rho1_N6,236,120.30418250950572
designed_confined_T50_rho1_N6,237,120.30418250950572
designed_confined_T50_rho1_N6,238,120.30418250950572
designed_confined_T50_rho1_N6,239,120.30418250950572
designed_confined_T50_rho1_N6,240,120.30418250950572
designed_confined_T50_rho1_N6,241,120.30418250950572
designed_confined_T50_rho1_N6,242,120.30418250950572
designed_confined_T50_rho1_N6,243,120.30418250950572
designed_confined_T50_rho1_N6,244,120.30418250950572
designed_confined_T50_rho1_N6,245,120.30418250950572
designed_confined_T50_rho1_N6,246,120.30418250950572
designed_confined_T50_rho1_N6,247,120.30418250950572
designed_confined_T50_rho1_N6,248,120.30418250950572
designed_confined_T50_rho1_N6,249,120.30418250950572
designed_confined_T50_rho1_N6,250,120.30418250950572
designed_confined_T50_rho1_N6,251,120.30418250950572
designed_confined_T50_rho1_N6,252,120.30418250950572
designed_confined_T50_rho1_N6,253,120.30418250950572
designed_confined_T50_rho1_N6,254,120.30418250950572
designed_confined_T50_rho1_N6,255,120.30418250950572
designed_confined_T50_rho1_N6,256,120.30418250950572
designed_confined_T50_rho1_N6,257,120.30418250950572
designed_confined_T50_rho1_N6,258,120.30418250950572
designed_confined_T50_rho1_N6,259,120.30418250950572
designed_confined_T50_rho1_N6,260,120.30418250950572
designed_confined_T50_rho1_N6,261,120.30418250950572
designed_confined_T50_rho1_N6,262,120.30418250950572
designed_confined_T50_rho1_N6,263,120.30418250950572
designed_confined_T50_rho1_N6,264,120.30418250950572
designed_confined_T50_rho1_N6,265,120.30418250950572
designed_confined_T50_rho1_N6,266,100.25348542458809
designed_confined_T50_rho1_N6,267,100.25348542458809
designed_confined_T50_rho1_N6,268,100.25348542458809
designed_confined_T50_rho1_N6,269,100.25348542458809
designed_confined_T50_rho1_N6,270,100.25348542458809
designed_confined_T50_rho1_N6,271,100.25348542458809
designed_confined_T50_rho1_N6,272,100.25348542458809
designed_confined_T50_rho1_N6,273,100.25348542458809
designed_confined_T50_rho1_N6,274,100.25348542458809
designed_confined_T50_rho1_N6,275,100.25348542458809
designed_confined_T50_rho1_N6,276,100.25348542458809
designed_confined_T50_rho1_N6,277,100.25348542458809
designed_confined_T50_rho1_N6,278,100.25348542458809
designed_confined_T50_rho1_N6,279,100.25348542458809
designed_confined_T50_rho1_N6,280,100.25348542458809
designed_confined_T50_rho1_N6,281,100.25348542458809
designed_confined_T50_rho1_N6,282,100.25348542458809
designed_confined_T50_rho1_N6,283,100.25348542458809
designed_confined_T50_rho1_N6,284,100.25348542458809
designed_confined_T50_rho1_N6,285,100.25348542458809
designed_confined_T50_rho1_N6,286,100.25348542458809
designed_confined_T50_rho1_N6,287,100.25348542458809
designed_confined_T50_rho1_N6,288,100.25348542458809
designed_confined_T50_rho1_N6,289,100.25348542458809
designed_confined_T50_rho1_N6,290,100.25348542458809
designed_confined_T50_rho1_N6,291,100.25348542458809
designed_confined_T50_rho1_N6,292,100.25348542458809
designed_confined_T50_rho1_N6,293,100.25348542458809
designed_confined_T50_rho1_N6,294,100.25348542458809
designed_confined_T50_rho1_N6,295,100.25348542458809
designed_confined_T50_rho1_N6,296,100.25348542458809
designed_confined_T50_rho1_N6,297,100.25348542458809
designed_confined_T50_rho1_N6,298,100.25348542458809
designed_confined_T50_rho1_N6,299,120.30418250950572
designed_confined_T50_rho1_N6,300,120.30418250950572
designed_confined_T50_rho1_N6,301,120.30418250950572
designed_confined_T50_rho1_N6,302,120.30418250950572
designed_confined_T50_rho1_N6,303,120.30418250950572
designed_confined_T50_rho1_N6,304,120.30418250950572
designed_confined_T50_rho1_N6,305,120.30418250950572
designed_confined_T50_rho1_N6,306,120.30418250950572
designed_confined_T50_rho1_N6,307,120.30418250950572
designed_confined_T50_rho1_N6,308,120.30418250950572
designed_confined_T50_rho1_N6,309,120.30418250950572
designed_confined_T50_rho1_N6,310,120.30418250950572
designed_confined_T50_rho1_N6,311,120.30418250950572
designed_confined_T50_rho1_N6,312,120.30418250950572
designed_confined_T50_rho1_N6,313,120.30418250950572
designed_confined_T50_rho1_N6,314,120.30418250950572
designed_confined_T50_rho1_N6,315,120.30418250950572
designed_confined_T50_rho1_N6,316,120.30418250950572
designed_confined_T50_rho1_N6,317,120.30418250950572
designed_confined_T50_rho1_N6,318,120.30418250950572
designed_confined_T50_rho1_N6,319,120.30418250950572
designed_confined_T50_rho1_N6,320,120.30418250950572
designed_confined_T50_rho1_N6,321,120.30418250950572
designed_confined_T50_rho1_N6,322,120.30418250950572
designed_confined_T50_rho1_N6,323,120.30418250950572
designed_confined_T50_rho1_N6,324,120.30418250950572
designed_confined_T50_rho1_N6,325,120.30418250950572
designed_confined_T50_rho1_N6,326,120.30418250950572
designed_confined_T50_rho1_N6,327,120.30418250950572
designed_confined_T50_rho1_N6,328,120.30418250950572
designed_confined_T50_rho1_N6,329,120.30418250950572
designed_confined_T50_rho1_N6,330,120.30418250950572
designed_confined_T50_rho1_N6,331,120.30418250950572
designed_confined_T50_rho1_N6,332,120.30418250950572
designed_confined_T50_rho1_N6,333,80.20278833967048
designed_confined_T50_rho1_N6,334,80.20278833967048
designed_confined_T50_rho1_N6,335,80.20278833967048
designed_confined_T50_rho1_N6,336,80.20278833967048
designed_confined_T50_rho1_N6,337,80.20278833967048
designed_confined_T50_rho1_N6,338,80.20278833967048
designed_confined_T50_rho1_N6,339,80.20278833967048
designed_confined_T50_rho1_N6,340,80.20278833967048
designed_confined_T50_rho1_N6,341,80.20278833967048
designed_confined_T50_rho1_N6,342,80.20278833967048
designed_confined_T50_rho1_N6,343,80.20278833967048
designed_confined_T50_rho1_N6,344,80.20278833967048
designed_confined_T50_rho1_N6,345,80.20278833967048
designed_confined_T50_rho1_N6,346,80.20278833967048
designed_confined_T50_rho1_N6,347,80.20278833967048
designed_confined_T50_rho1_N6,348,120.30418250950572
designed_confined_T50_rho1_N6,349,120.30418250950572
designed_confined_T50_rho1_N6,350,120.30418250950572
designed_confined_T50_rho1_N6,351,120.30418250950572
designed_confined_T50_rho1_N6,352,120.30418250950572
designed_confined_T50_rho1_N6,353,120.30418250950572
designed_confined_T50_rho1_N6,354,120.30418250950572
designed_confined_T50_rho1_N6,355,120.30418250950572
designed_confined_T50_rho1_N6,356,120.30418250950572
designed_confined_T50_rho1_N6,357,120.30418250950572
designed_confined_T50_rho1_N6,358,120.30418250950572
designed_confined_T50_rho1_N6,359,120.30418250950572
designed_confined_T50_rho1_N6,360,120.30418250950572
designed_confined_T50_rho1_N6,361,120.30418250950572
designed_confined_T50_rho1_N6,362,120.30418250950572
designed_confined_T50_rho1_N6,363,120.30418250950572
designed_confined_T50_rho1_N6,364,120.30418250950572
designed_confined_T50_rho1_N6,365,120.30418250950572
designed_confined_T50_rho1_N6,366,120.30418250950572
designed_confined_T50_rho1_N6,367,120.30418250950572
designed_confined_T50_rho1_N6,368,120.30418250950572
designed_confined_T50_rho1_N6,369,120.30418250950572
designed_confined_T50_rho1_N6,370,120.30418250950572
designed_confined_T50_rho1_N6,371,120.30418250950572
designed_confined_T50_rho1_N6,372,120.30418250950572
designed_confined_T50_rho1_N6,373,120.30418250950572
designed_confined_T50_rho1_N6,374,120.30418250950572
designed_confined_T50_rho1_N6,375,120.30418250950572
designed_confined_T50_rho1_N6,376,120.30418250950572
designed_confined_T50_rho1_N6,377,120.30418250950572
designed_confined_T50_rho1_N6,378,120.30418250950572
designed_confined_T50_rho1_N6,379,120.30418250950572
designed_confined_T50_rho1_N6,380,120.30418250950572
designed_confined_T50_rho1_N6,381,120.30418250950572
designed_confined_T50_rho1_N6,382,120.30418250950572
designed_confined_T50_rho1_N6,383,120.30418250950572
designed_confined_T50_rho1_N6,384,120.30418250950572
designed_confined_T50_rho1_N6,385,120.30418250950572
designed_confined_T50_rho1_N6,386,120.30418250950572
designed_confined_T50_rho1_N6,387,120.30418250950572
designed_confined_T50_rho1_N6,388,120.30418250950572
designed_confined_T50_rho1_N6,389,120.30418250950572
designed_confined_T50_rho1_N6,390,120.30418250950572
designed_confined_T50_rho1_N6,391,120.30418250950572
designed_confined_T50_rho1_N6,392,120.30418250950572
designed_confined_T50_rho1_N6,393,120.30418250950572
designed_confined_T50_rho1_N6,394,120.30418250950572
designed_confined_T50_rho1_N6,395,120.30418250950572
designed_confined_T50_rho1_N6,396,120.30418250950572
designed_confined_T50_rho1_N6,397,120.30418250950572
designed_confined_T50_rho1_N6,398,120.30418250950572
designed_confined_T50_rho1_N6,399,120.30418250950572
designed_confined_T50_rho1_N6,400,120.30418250950572
designed_confined_T50_rho1_N6,401,120.30418250950572
designed_confined_T50_rho1_N6,402,120.30418250950572
designed_confined_T50_rho1_N6,403,120.30418250950572
designed_confined_T50_rho1_N6,404,120.30418250950572
designed_confined_T50_rho1_N6,405,120.30418250950572
designed_confined_T50_rho1_N6,406,120.30418250950572
designed_confined_T50_rho1_N6,407,120.30418250950572
designed_confined_T50_rho1_N6,408,120.30418250950572
designed_confined_T50_rho1_N6,409,120.30418250950572
designed_confined_T50_rho1_N6,410,120.30418250950572
designed_confined_T50_rho1_N6,411,120.30418250950572
designed_confined_T50_rho1_N6,412,120.30418250950572
designed_confined_T50_rho1_N6,413,120.30418250950572
designed_confined_T50_rho1_N6,414,120.30418250950572
designed_confined_T50_rho1_N6,415,120.30418250950572
designed_confined_T50_rho1_N6,416,120.30418250950572
designed_confined_T50_rho1_N6,417,120.30418250950572
designed_confined_T50_rho1_N6,418,120.30418250950572
designed_confined_T50_rho1_N6,419,120.30418250950572
designed_confined_T50_rho1_N6,420,120.30418250950572
designed_confined_T50_rho1_N6,421,120.30418250950572
designed_confined_T50_rho1_N6,422,120.30418250950572
designed_confined_T50_rho1_N6,423,120.30418250950572
designed_confined_T50_rho1_N6,424,120.30418250950572
designed_confined_T50_rho1_N6,425,120.30418250950572
designed_confined_T50_rho1_N6,426,120.30418250950572
designed_confined_T50_rho1_N6,427,120.30418250950572
designed_confined_T50_rho1_N6,428,120.30418250950572
designed_confined_T50_rho1_N6,429,120.30418250950572
designed_confined_T50_rho1_N6,430,120.30418250950572
designed_confined_T50_rho1_N6,431,120.30418250950572
designed_confined_T50_rho1_N6,432,120.30418250950572
designed_confined_T50_rho1_N6,433,120.30418250950572
designed_confined_T50_rho1_N6,434,120.30418250950572
designed_confined_T50_rho1_N6,435,120.30418250950572
designed_confined_T50_rho1_N6,436,120.30418250950572
designed_confined_T50_rho1_N6,437,120.30418250950572
designed_confined_T50_rho1_N6,438,120.30418250950572
designed_confined_T50_rho1_N6,439,120.30418250950572
designed_confined_T50_rho1_N6,440,120.30418250950572
designed_confined_T50_rho1_N6,441,120.30418250950572
designed_confined_T50_rho1_N6,442,120.30418250950572
designed_confined_T50_rho1_N6,443,120.30418250950572
designed_confined_T50_rho1_N6,444,120.30418250950572
designed_confined_T50_rho1_N6,445,120.30418250950572
designed_confined_T50_rho1_N6,446,120.30418250950572
designed_confined_T50_rho1_N6,447,120.30418250950572
designed_confined_T50_rho1_N6,448,120.30418250950572
designed_confined_T50_rho1_N6,449,120.30418250950572
designed_confined_T50_rho1_N6,450,120.30418250950572
designed_confined_T50_rho1_N6,451,100.25348542458809
designed_confined_T50_rho1_N6,452,100.25348542458809
designed_confined_T50_rho1_N6,453,100.25348542458809
designed_confined_T50_rho1_N6,454,100.25348542458809
designed_confined_T50_rho1_N6,455,100.25348542458809
designed_confined_T50_rho1_N6,456,100.25348542458809
designed_confined_T50_rho1_N6,457,100.25348542458809
designed_confined_T50_rho1_N6,458,100.25348542458809
designed_confined_T50_rho1_N6,459,100.25348542458809
designed_confined_T50_rho1_N6,460,100.25348542458809
designed_confined_T50_rho1_N6,461,100.25348542458809
designed_confined_T50_rho1_N6,462,100.25348542458809
designed_confined_T50_rho1_N6,463,100.25348542458809
designed_confined_T50_rho1_N6,464,100.25348542458809
designed_confined_T50_rho1_N6,465,100.25348542458809
designed_confined_T50_rho1_N6,466,100.25348542458809
designed_confined_T50_rho1_N6,467,100.25348542458809
designed_confined_T50_rho1_N6,468,100.25348542458809
designed_confined_T50_rho1_N6,469,100.25348542458809
designed_confined_T50_rho1_N6,470,100.25348542458809
designed_confined_T50_rho1_N6,471,100.25348542458809
designed_confined_T50_rho1_N6,472,100.25348542458809
designed_confined_T50_rho1_N6,473,100.25348542458809
designed_confined_T50_rho1_N6,474,100.25348542458809
designed_confined_T50_rho1_N6,475,100.25348542458809
designed_confined_T50_rho1_N6,476,100.25348542458809
designed_confined_T50_rho1_N6,477,80.20278833967048
designed_confined_T50_rho1_N6,478,80.20278833967048
designed_confined_T50_rho1_N6,479,80.20278833967048
designed_confined_T50_rho1_N6,480,80.20278833967048
designed_confined_T50_rho1_N6,481,80.20278833967048
designed_confined_T50_rho1_N6,482,80.20278833967048
designed_confined_T50_rho1_N6,483,80.20278833967048
designed_confined_T50_rho1_N6,484,80.20278833967048
designed_confined_T50_rho1_N6,485,80.20278833967048
designed_confined_T50_rho1_N6,486,80.20278833967048
designed_confined_T50_rho1_N6,487,80.20278833967048
designed_confined_T50_rho1_N6,488,80.20278833967048
designed_confined_T50_rho1_N6,489,80.20278833967048
designed_confined_T50_rho1_N6,490,80.20278833967048
designed_confined_T50_rho1_N6,491,80.20278833967048
designed_confined_T50_rho1_N6,492,80.20278833967048
designed_confined_T50_rho1_N6,493,80.20278833967048
designed_confined_T50_rho1_N6,494,80.20278833967048
designed_confined_T50_rho1_N6,495,80.20278833967048
designed_confined_T50_rho1_N6,496,80.20278833967048
designed_confined_T50_rho1_N6,497,80.20278833967048
designed_confined_T50_rho1_N6,498,80.20278833967048
designed_confined_T50_rho1_N6,499,80.20278833967048
designed_confined_T50_rho1_N6,500,80.20278833967048
designed_confined_T50_rho1_N6,501,80.20278833967048
designed_confined_T50_rho1_N6,502,80.20278833967048
designed_confined_T50_rho1_N6,503,80.20278833967048
designed_confined_T50_rho1_N6,504,80.20278833967048
designed_confined_T50_rho1_N6,505,80.20278833967048
designed_confined_T50_rho1_N6,506,80.20278833967048
designed_confined_T50_rho1_N6,507,80.20278833967048
designed_confined_T50_rho1_N6,508,80.20278833967048
designed_confined_T50_rho1_N6,509,80.20278833967048
designed_confined_T50_rho1_N6,510,80.20278833967048
designed_confined_T50_rho1_N6,511,80.20278833967048
designed_confined_T50_rho1_N6,512,80.20278833967048
designed_confined_T50_rho1_N6,513,80.20278833967048
designed_confined_T50_rho1_N6,514,80.20278833967048
designed_confined_T50_rho1_N6,515,80.20278833967048
designed_confined_T50_rho1_N6,516,80.20278833967048
designed_confined_T50_rho1_N6,517,80.20278833967048
designed_confined_T50_rho1_N6,518,80.20278833967048
designed_confined_T50_rho1_N6,519,80.20278833967048
designed_confined_T50_rho1_N6,520,80.20278833967048
designed_confined_T50_rho1_N6,521,80.20278833967048
designed_confined_T50_rho1_N6,522,80.20278833967048
designed_confined_T50_rho1_N6,523,80.20278833967048
designed_confined_T50_rho1_N6,524,80.20278833967048
designed_confined_T50_rho1_N6,525,80.20278833967048
designed_confined_T50_rho1_N6,526,80.20278833967048
designed_confined_T50_rho1_N6,527,80.20278833967048
designed_confined_T50_rho1_N6,528,80.20278833967048
designed_confined_T50_rho1_N6,529,80.20278833967048
designed_confined_T50_rho1_N6,530,80.20278833967048
designed_confined_T50_rho1_N6,531,80.20278833967048
designed_confined_T50_rho1_N6,532,80.20278833967048
designed_confined_T50_rho1_N6,533,80.20278833967048
designed_confined_T50_rho1_N6,534,80.20278833967048
designed_confined_T50_rho1_N6,535,80.20278833967048
designed_confined_T50_rho1_N6,536,80.20278833967048
designed_confined_T50_rho1_N6,537,80.20278833967048
designed_confined_T50_rho1_N6,538,80.20278833967048
designed_confined_T50_rho1_N6,539,80.20278833967048
designed_confined_T50_rho1_N6,540,80.20278833967048
designed_confined_T50_rho1_N6,541,100.25348542458809
designed_confined_T50_rho1_N6,542,100.25348542458809
designed_confined_T50_rho1_N6,543,100.25348542458809
designed_confined_T50_rho1_N6,544,100.25348542458809
designed_confined_T50_rho1_N6,545,100.25348542458809
designed_confined_T50_rho1_N6,546,100.25348542458809
designed_confined_T50_rho1_N6,547,100.25348542458809
designed_confined_T50_rho1_N6,548,100.25348542458809
designed_confined_T50_rho1_N6,549,100.25348542458809
designed_confined_T50_rho1_N6,550,100.25348542458809
designed_confined_T50_rho1_N6,551,100.25348542458809
designed_confined_T50_rho1_N6,552,100.25348542458809
designed_confined_T50_rho1_N6,553,100.25348542458809
designed_confined_T50_rho1_N6,554,100.25348542458809
designed_confined_T50_rho1_N6,555,100.25348542458809
designed_confined_T50_rho1_N6,556,100.25348542458809
designed_confined_T50_rho1_N6,557,100.25348542458809
designed_confined_T50_rho1_N6,558,100.25348542458809
designed_confined_T50_rho1_N6,559,100.25348542458809
designed_confined_T50_rho1_N6,560,100.25348542458809
designed_confined_T50_rho1_N6,561,100.25348542458809
designed_confined_T50_rho1_N6,562,100.25348542458809
designed_confined_T50_rho1_N6,563,100.25348542458809
designed_confined_T50_rho1_N6,564,100.25348542458809
designed_confined_T50_rho1_N6,565,100.25348542458809
designed_confined_T50_rho1_N6,566,100.25348542458809
designed_confined_T50_rho1_N6,567,100.25348542458809
designed_confined_T50_rho1_N6,568,100.25348542458809
designed_confined_T50_rho1_N6,569,100.25348542458809
designed_confined_T50_rho1_N6,570,100.25348542458809
designed_confined_T50_rho1_N6,571,100.25348542458809
designed_confined_T50_rho1_N6,572,100.25348542458809
designed_confined_T50_rho1_N6,573,120.30418250950572
designed_confined_T50_rho1_N6,574,120.30418250950572
designed_confined_T50_rho1_N6,575,120.30418250950572
designed_confined_T50_rho1_N6,576,120.30418250950572
designed_confined_T50_rho1_N6,577,120.30418250950572
designed_confined_T50_rho1_N6,578,120.30418250950572
designed_confined_T50_rho1_N6,579,120.30418250950572
designed_confined_T50_rho1_N6,580,120.30418250950572
designed_confined_T50_rho1_N6,581,120.30418250950572
designed_confined_T50_rho1_N6,582,120.30418250950572
designed_confined_T50_rho1_N6,583,120.30418250950572
designed_confined_T50_rho1_N6,584,120.30418250950572
designed_confined_T50_rho1_N6,585,120.30418250950572
designed_confined_T50_rho1_N6,586,120.30418250950572
designed_confined_T50_rho1_N6,587,120.30418250950572
designed_confined_T50_rho1_N6,588,120.30418250950572
designed_confined_T50_rho1_N6,589,120.30418250950572
designed_confined_T50_rho1_N6,590,80.20278833967048
designed_confined_T50_rho1_N6,591,80.20278833967048
designed_confined_T50_rho1_N6,592,80.20278833967048
designed_confined_T50_rho1_N6,593,80.20278833967048
designed_confined_T50_rho1_N6,594,80.20278833967048
designed_confined_T50_rho1_N6,595,80.20278833967048
designed_confined_T50_rho1_N6,596,80.20278833967048
designed_confined_T50_rho1_N6,597,80.20278833967048
designed_confined_T50_rho1_N6,598,80.20278833967048
designed_confined_T50_rho1_N6,599,80.20278833967048
designed_confined_T50_rho1_N6,600,80.20278833967048
designed_confined_T50_rho1_N6,601,80.20278833967048
designed_confined_T50_rho1_N6,602,80.20278833967048
designed_confined_T50_rho1_N6,603,80.20278833967048
designed_confined_T50_rho1_N6,604,80.20278833967048
designed_confined_T50_rho1_N6,605,80.20278833967048
designed_confined_T50_rho1_N6,606,80.20278833967048
designed_confined_T50_rho1_N6,607,80.20278833967048
designed_confined_T50_rho1_N6,608,80.20278833967048
designed_confined_T50_rho1_N6,609,80.20278833967048
designed_confined_T50_rho1_N6,610,80.20278833967048
designed_confined_T50_rho1_N6,611,80.20278833967048
designed_confined_T50_rho1_N6,612,80.20278833967048
designed_confined_T50_rho1_N6,613,80.20278833967048
designed_confined_T50_rho1_N6,614,80.20278833967048
designed_confined_T50_rho1_N6,615,80.20278833967048
designed_confined_T50_rho1_N6,616,80.20278833967048
designed_confined_T50_rho1_N6,617,100.25348542458809
designed_confined_T50_rho1_N6,618,100.25348542458809
designed_confined_T50_rho1_N6,619,100.25348542458809
designed_confined_T50_rho1_N6,620,100.25348542458809
designed_confined_T50_rho1_N6,621,100.25348542458809
designed_confined_T50_rho1_N6,622,100.25348542458809
designed_confined_T50_rho1_N6,623,100.25348542458809
designed_confined_T50_rho1_N6,624,100.25348542458809
designed_confined_T50_rho1_N6,625,100.25348542458809
designed_confined_T50_rho1_N6,626,100.25348542458809
designed_confined_T50_rho1_N6,627,100.25348542458809
designed_confined_T50_rho1_N6,628,100.25348542458809
designed_confined_T50_rho1_N6,629,100.25348542458809
designed_confined_T50_rho1_N6,630,100.25348542458809
designed_confined_T50_rho1_N6,631,100.25348542458809
designed_confined_T50_rho1_N6,632,100.25348542458809
designed_confined_T50_rho1_N6,633,100.25348542458809
designed_confined_T50_rho1_N6,634,100.25348542458809
designed_confined_T50_rho1_N6,635,100.25348542458809
designed_confined_T50_rho1_N6,636,100.25348542458809
designed_confined_T50_rho1_N6,637,100.25348542458809
designed_confined_T50_rho1_N6,638,100.25348542458809
designed_confined_T50_rho1_N6,639,100.25348542458809
designed_confined_T50_rho1_N6,640,100.25348542458809
designed_confined_T50_rho1_N6,641,100.25348542458809
designed_confined_T50_rho1_N6,642,100.25348542458809
designed_confined_T50_rho1_N6,643,100.25348542458809
designed_confined_T50_rho1_N6,644,100.25348542458809
designed_confined_T50_rho1_N6,645,100.25348542458809
designed_confined_T50_rho1_N6,646,100.25348542458809
designed_confined_T50_rho1_N6,647,100.25348542458809
designed_confined_T50_rho1_N6,648,100.25348542458809
designed_confined_T50_rho1_N6,649,100.25348542458809
designed_confined_T50_rho1_N6,650,100.25348542458809
designed_confined_T50_rho1_N6,651,100.25348542458809
designed_confined_T50_rho1_N6,652,100.25348542458809
designed_confined_T50_rho1_N6,653,100.25348542458809
designed_confined_T50_rho1_N6,654,100.25348542458809
designed_confined_T50_rho1_N6,655,100.25348542458809
designed_confined_T50_rho1_N6,656,100.25348542458809
designed_confined_T50_rho1_N6,657,100.25348542458809
designed_confined_T50_rho1_N6,658,100.25348542458809
designed_confined_T50_rho1_N6,659,100.25348542458809
designed_confined_T50_rho1_N6,660,100.25348542458809
designed_confined_T50_rho1_N6,661,100.25348542458809
designed_confined_T50_rho1_N6,662,100.25348542458809
designed_confined_T50_rho1_N6,663,100.25348542458809
designed_confined_T50_rho1_N6,664,100.25348542458809
designed_confined_T50_rho1_N6,665,100.25348542458809
designed_confined_T50_rho1_N6,666,100.25348542458809
designed_confined_T50_rho1_N6,667,100.25348542458809
designed_confined_T50_rho1_N6,668,100.25348542458809
designed_confined_T50_rho1_N6,669,100.25348542458809
designed_confined_T50_rho1_N6,670,100.25348542458809
designed_confined_T50_rho1_N6,671,100.25348542458809
designed_confined_T50_rho1_N6,672,100.25348542458809
designed_confined_T50_rho1_N6,673,100.25348542458809
designed_confined_T50_rho1_N6,674,100.25348542458809
designed_confined_T50_rho1_N6,675,100.25348542458809
designed_confined_T50_rho1_N6,676,100.25348542458809
designed_confined_T50_rho1_N6,677,100.25348542458809
designed_confined_T50_rho1_N6,678,100.25348542458809
designed_confined_T50_rho1_N6,679,100.25348542458809
designed_confined_T50_rho1_N6,680,100.25348542458809
designed_confined_T50_rho1_N6,681,100.25348542458809
designed_confined_T50_rho1_N6,682,100.25348542458809
designed_confined_T50_rho1_N6,683,100.25348542458809
designed_confined_T50_rho1_N6,684,100.25348542458809
designed_confined_T50_rho1_N6,685,100.25348542458809
designed_confined_T50_rho1_N6,686,100.25348542458809
designed_confined_T50_rho1_N6,687,100.25348542458809
designed_confined_T50_rho1_N6,688,100.25348542458809
designed_confined_T50_rho1_N6,689,100.25348542458809
designed_confined_T50_rho1_N6,690,100.25348542458809
designed_confined_T50_rho1_N6,691,100.25348542458809
designed_confined_T50_rho1_N6,692,100.25348542458809
designed_confined_T50_rho1_N6,693,100.25348542458809
designed_confined_T50_rho1_N6,694,100.25348542458809
designed_confined_T50_rho1_N6,695,100.25348542458809
designed_confined_T50_rho1_N6,696,100.25348542458809
designed_confined_T50_rho1_N6,697,100.25348542458809
designed_confined_T50_rho1_N6,698,100.25348542458809
designed_confined_T50_rho1_N6,699,100.25348542458809
designed_confined_T50_rho1_N6,700,100.25348542458809
designed_confined_T50_rho1_N6,701,100.25348542458809
designed_confined_T50_rho1_N6,702,100.25348542458809
designed_confined_T50_rho1_N6,703,100.25348542458809
designed_confined_T50_rho1_N6,704,100.25348542458809
designed_confined_T50_rho1_N6,705,100.25348542458809
designed_confined_T50_rho1_N6,706,100.25348542458809
designed_confined_T50_rho1_N6,707,100.25348542458809
designed_confined_T50_rho1_N6,708,100.25348542458809
designed_confined_T50_rho1_N6,709,100.25348542458809
designed_confined_T50_rho1_N6,710,120.30418250950572
designed_confined_T50_rho1_N6,711,120.30418250950572
designed_confined_T50_rho1_N6,712,120.30418250950572
designed_confined_T50_rho1_N6,713,120.30418250950572
designed_confined_T50_rho1_N6,714,120.30418250950572
designed_confined_T50_rho1_N6,715,120.30418250950572
designed_confined_T50_rho1_N6,716,120.30418250950572
designed_confined_T50_rho1_N6,717,120.30418250950572
designed_confined_T50_rho1_N6,718,120.30418250950572
designed_confined_T50_rho1_N6,719,120.30418250950572
designed_confined_T50_rho1_N6,720,120.30418250950572
designed_confined_T50_rho1_N6,721,120.30418250950572
designed_confined_T50_rho1_N6,722,120.30418250950572
designed_confined_T50_rho1_N6,723,120.30418250950572
designed_confined_T50_rho1_N6,724,120.30418250950572
designed_confined_T50_rho1_N6,725,120.30418250950572
designed_confined_T50_rho1_N6,726,120.30418250950572
designed_confined_T50_rho1_N6,727,120.30418250950572
designed_confined_T50_rho1_N6,728,120.30418250950572
designed_confined_T50_rho1_N6,729,120.30418250950572
designed_confined_T50_rho1_N6,730,120.30418250950572
designed_confined_T50_rho1_N6,731,120.30418250950572
designed_confined_T50_rho1_N6,732,120.30418250950572
designed_confined_T50_rho1_N6,733,120.30418250950572
designed_confined_T50_rho1_N6,734,120.30418250950572
designed_confined_T50_rho1_N6,735,120.30418250950572
designed_confined_T50_rho1_N6,736,100.25348542458809
designed_confined_T50_rho1_N6,737,100.25348542458809
designed_confined_T50_rho1_N6,738,100.25348542458809
designed_confined_T50_rho1_N6,739,100.25348542458809
designed_confined_T50_rho1_N6,740,100.25348542458809
designed_confined_T50_rho1_N6,741,100.25348542458809
designed_confined_T50_rho1_N6,742,100.25348542458809
designed_confined_T50_rho1_N6,743,100.25348542458809
designed_confined_T50_rho1_N6,744,100.25348542458809
designed_confined_T50_rho1_N6,745,100.25348542458809
designed_confined_T50_rho1_N6,746,100.25348542458809
designed_confined_T50_rho1_N6,747,100.25348542458809
designed_confined_T50_rho1_N6,748,100.25348542458809
designed_confined_T50_rho1_N6,749,100.25348542458809
designed_confined_T50_rho1_N6,750,100.25348542458809
designed_confined_T50_rho1_N6,751,100.25348542458809
designed_confined_T50_rho1_N6,752,100.25348542458809
designed_confined_T50_rho1_N6,753,100.25348542458809
designed_confined_T50_rho1_N6,754,100.25348542458809
designed_confined_T50_rho1_N6,755,100.25348542458809
designed_confined_T50_rho1_N6,756,100.25348542458809
designed_confined_T50_rho1_N6,757,100.25348542458809
designed_confined_T50_rho1_N6,758,100.25348542458809
designed_confined_T50_rho1_N6,759,100.25348542458809
designed_confined_T50_rho1_N6,760,100.25348542458809
designed_confined_T50_rho1_N6,761,100.25348542458809
designed_confined_T50_rho1_N6,762,100.25348542458809
designed_confined_T50_rho1_N6,763,100.25348542458809
designed_confined_T50_rho1_N6,764,100.25348542458809
designed_confined_T50_rho1_N6,765,100.25348542458809
designed_confined_T50_rho1_N6,766,100.25348542458809
designed_confined_T50_rho1_N6,767,100.25348542458809
designed_confined_T50_rho1_N6,768,100.25348542458809
designed_confined_T50_rho1_N6,769,100.25348542458809
designed_confined_T50_rho1_N6,770,100.25348542458809
designed_confined_T50_rho1_N6,771,100.25348542458809
designed_confined_T50_rho1_N6,772,100.25348542458809
designed_confined_T50_rho1_N6,773,100.25348542458809
designed_confined_T50_rho1_N6,774,100.25348542458809
designed_confined_T50_rho1_N6,775,100.25348542458809
designed_confined_T50_rho1_N6,776,100.25348542458809
designed_confined_T50_rho1_N6,777,100.25348542458809
designed_confined_T50_rho1_N6,778,100.25348542458809
designed_confined_T50_rho1_N6,779,100.25348542458809
designed_confined_T50_rho1_N6,780,100.25348542458809
designed_confined_T50_rho1_N6,781,100.25348542458809
designed_confined_T50_rho1_N6,782,100.25348542458809
designed_confined_T50_rho1_N6,783,100.25348542458809
designed_confined_T50_rho1_N6,784,100.25348542458809
designed_confined_T50_rho1_N6,785,100.25348542458809
designed_confined_T50_rho1_N6,786,100.25348542458809
designed_confined_T50_rho1_N6,787,100.25348542458809
designed_confined_T50_rho1_N6,788,100.25348542458809
designed_confined_T50_rho1_N6,789,100.25348542458809
designed_confined_T50_rho1_N6,790,100.25348542458809
designed_confined_T50_rho1_N6,791,100.25348542458809
designed_confined_T50_rho1_N6,792,100.25348542458809
designed_confined_T50_rho1_N6,793,100.25348542458809
designed_confined_T50_rho1_N6,794,100.25348542458809
designed_confined_T50_rho1_N6,795,100.25348542458809
designed_confined_T50_rho1_N6,796,100.25348542458809
designed_confined_T50_rho1_N6,797,100.25348542458809
designed_confined_T50_rho1_N6,798,100.25348542458809
designed_confined_T50_rho1_N6,799,80.20278833967048
designed_confined_T50_rho1_N6,800,80.20278833967048
designed_confined_T50_rho1_N6,801,80.20278833967048
designed_confined_T50_rho1_N6,802,80.20278833967048
designed_confined_T50_rho1_N6,803,80.20278833967048
designed_confined_T50_rho1_N6,804,80.20278833967048
designed_confined_T50_rho1_N6,805,80.20278833967048
designed_confined_T50_rho1_N6,806,80.20278833967048
designed_confined_T50_rho1_N6,807,80.20278833967048
designed_confined_T50_rho1_N6,808,80.20278833967048
designed_confined_T50_rho1_N6,809,80.20278833967048
designed_confined_T50_rho1_N6,810,80.20278833967048
designed_confined_T50_rho1_N6,811,80.20278833967048
designed_confined_T50_rho1_N6,812,80.20278833967048
designed_confined_T50_rho1_N6,813,80.20278833967048
designed_confined_T50_rho1_N6,814,80.20278833967048
designed_confined_T50_rho1_N6,815,80.20278833967048
designed_confined_T50_rho1_N6,816,120.30418250950572
designed_confined_T50_rho1_N6,817,120.30418250950572
designed_confined_T50_rho1_N6,818,120.30418250950572
designed_confined_T50_rho1_N6,819,100.25348542458809
designed_confined_T50_rho1_N6,820,100.25348542458809
designed_confined_T50_rho1_N6,821,100.25348542458809
designed_confined_T50_rho1_N6,822,100.25348542458809
designed_confined_T50_rho1_N6,823,100.25348542458809
designed_confined_T50_rho1_N6,824,100.25348542458809
designed_confined_T50_rho1_N6,825,100.25348542458809
designed_confined_T50_rho1_N6,826,100.25348542458809
designed_confined_T50_rho1_N6,827,100.25348542458809
designed_confined_T50_rho1_N6,828,100.25348542458809
designed_confined_T50_rho1_N6,829,100.25348542458809
designed_confined_T50_rho1_N6,830,100.25348542458809
designed_confined_T50_rho1_N6,831,100.25348542458809
designed_confined_T50_rho1_N6,832,100.25348542458809
designed_confined_T50_rho1_N6,833,100.25348542458809
designed_confined_T50_rho1_N6,834,100.25348542458809
designed_confined_T50_rho1_N6,835,100.25348542458809
designed_confined_T50_rho1_N6,836,100.25348542458809
designed_confined_T50_rho1_N6,837,100.25348542458809
designed_confined_T50_rho1_N6,838,100.25348542458809
designed_confined_T50_rho1_N6,839,100.25348542458809
designed_confined_T50_rho1_N6,840,100.25348542458809
designed_confined_T50_rho1_N6,841,100.25348542458809
designed_confined_T50_rho1_N6,842,100.25348542458809
designed_confined_T50_rho1_N6,843,100.25348542458809
designed_confined_T50_rho1_N6,844,100.25348542458809
designed_confined_T50_rho1_N6,845,100.25348542458809
designed_confined_T50_rho1_N6,846,100.25348542458809
designed_confined_T50_rho1_N6,847,100.25348542458809
designed_confined_T50_rho1_N6,848,100.25348542458809
designed_confined_T50_rho1_N6,849,100.25348542458809
designed_confined_T50_rho1_N6,850,100.25348542458809
designed_confined_T50_rho1_N6,851,100.25348542458809
designed_confined_T50_rho1_N6,852,100.25348542458809
designed_confined_T50_rho1_N6,853,80.20278833967048
designed_confined_T50_rho1_N6,854,80.20278833967048
designed_confined_T50_rho1_N6,855,80.20278833967048
designed_confined_T50_rho1_N6,856,80.20278833967048
designed_confined_T50_rho1_N6,857,80.20278833967048
designed_confined_T50_rho1_N6,858,80.20278833967048
designed_confined_T50_rho1_N6,859,80.20278833967048
designed_confined_T50_rho1_N6,860,80.20278833967048
designed_confined_T50_rho1_N6,861,80.20278833967048
designed_confined_T50_rho1_N6,862,80.20278833967048
designed_confined_T50_rho1_N6,863,80.20278833967048
designed_confined_T50_rho1_N6,864,80.20278833967048
designed_confined_T50_rho1_N6,865,80.20278833967048
designed_confined_T50_rho1_N6,866,80.20278833967048
designed_confined_T50_rho1_N6,867,80.20278833967048
designed_confined_T50_rho1_N6,868,80.20278833967048
designed_confined_T50_rho1_N6,869,80.20278833967048
designed_confined_T50_rho1_N6,870,80.20278833967048
designed_confined_T50_rho1_N6,871,80.20278833967048
designed_confined_T50_rho1_N6,872,80.20278833967048
designed_confined_T50_rho1_N6,873,80.20278833967048
designed_confined_T50_rho1_N6,874,80.20278833967048
designed_confined_T50_rho1_N6,875,80.20278833967048
designed_confined_T50_rho1_N6,876,80.20278833967048
designed_confined_T50_rho1_N6,877,80.20278833967048
designed_confined_T50_rho1_N6,878,80.20278833967048
designed_confined_T50_rho1_N6,879,80.20278833967048
designed_confined_T50_rho1_N6,880,80.20278833967048
designed_confined_T50_rho1_N6,881,80.20278833967048
designed_confined_T50_rho1_N6,882,80.20278833967048
designed_confined_T50_rho1_N6,883,80.20278833967048
designed_confined_T50_rho1_N6,884,80.20278833967048
designed_confined_T50_rho1_N6,885,80.20278833967048
designed_confined_T50_rho1_N6,886,80.20278833967048
designed_confined_T50_rho1_N6,887,80.20278833967048
designed_confined_T50_rho1_N6,888,80.20278833967048
designed_confined_T50_rho1_N6,889,80.20278833967048
designed_confined_T50_rho1_N6,890,80.20278833967048
designed_confined_T50_rho1_N6,891,80.20278833967048
designed_confined_T50_rho1_N6,892,80.20278833967048
designed_confined_T50_rho1_N6,893,80.20278833967048
designed_confined_T50_rho1_N6,894,80.20278833967048
designed_confined_T50_rho1_N6,895,80.20278833967048
designed_confined_T50_rho1_N6,896,80.20278833967048
designed_confined_T50_rho1_N6,897,80.20278833967048
designed_confined_T50_rho1_N6,898,80.20278833967048
designed_confined_T50_rho1_N6,899,80.20278833967048
designed_confined_T50_rho1_N6,900,80.20278833967048
designed_confined_T50_rho1_N6,901,80.20278833967048
designed_confined_T50_rho1_N6,902,80.20278833967048
designed_confined_T50_rho1_N6,903,80.20278833967048
designed_confined_T50_rho1_N6,904,80.20278833967048
designed_confined_T50_rho1_N6,905,80.20278833967048
designed_confined_T50_rho1_N6,906,80.20278833967048
designed_confined_T50_rho1_N6,907,80.20278833967048
designed_confined_T50_rho1_N6,908,80.20278833967048
designed_confined_T50_rho1_N6,909,80.20278833967048
designed_confined_T50_rho1_N6,910,80.20278833967048
designed_confined_T50_rho1_N6,911,80.20278833967048
designed_confined_T50_rho1_N6,912,80.20278833967048
designed_confined_T50_rho1_N6,913,80.20278833967048
designed_confined_T50_rho1_N6,914,80.20278833967048
designed_confined_T50_rho1_N6,915,80.20278833967048
designed_confined_T50_rho1_N6,916,80.20278833967048
designed_confined_T50_rho1_N6,917,80.20278833967048
designed_confined_T50_rho1_N6,918,80.20278833967048
designed_confined_T50_rho1_N6,919,80.20278833967048
designed_confined_T50_rho1_N6,920,80.20278833967048
designed_confined_T50_rho1_N6,921,80.20278833967048
designed_confined_T50_rho1_N6,922,80.0
designed_confined_T50_rho1_N6,923,80.0
designed_confined_T50_rho1_N6,924,80.0
designed_confined_T50_rho1_N6,925,80.0
designed_confined_T50_rho1_N6,926,80.0
designed_confined_T50_rho1_N6,927,80.0
designed_confined_T50_rho1_N6,928,80.0
designed_confined_T50_rho1_N6,929,80.0
designed_confined_T50_rho1_N6,930,80.0
designed_confined_T50_rho1_N6,931,80.0
designed_confined_T50_rho1_N6,932,80.0
designed_confined_T50_rho1_N6,933,80.0
designed_confined_T50_rho1_N6,934,80.0
designed_confined_T50_rho1_N6,935,120.0
designed_confined_T50_rho1_N6,936,120.0
designed_confined_T50_rho1_N6,937,120.0
designed_confined_T50_rho1_N6,938,120.0
designed_confined_T50_rho1_N6,939,120.0
designed_confined_T50_rho1_N6,940,120.0
designed_confined_T50_rho1_N6,941,120.0
designed_confined_T50_rho1_N6,942,120.0
designed_confined_T50_rho1_N6,943,80.0
designed_confined_T50_rho1_N6,944,80.0
designed_confined_T50_rho1_N6,945,80.0
designed_confined_T50_rho1_N6,946,80.0
designed_confined_T50_rho1_N6,947,80.0
designed_confined_T50_rho1_N6,948,80.0
designed_confined_T50_rho1_N6,949,80.0
designed_confined_T50_rho1_N6,950,80.0
designed_confined_T50_rho1_N6,951,80.0
designed_confined_T50_rho1_N6,952,80.0
designed_confined_T50_rho1_N6,953,80.0
designed_confined_T50_rho1_N6,954,80.0
designed_confined_T50_rho1_N6,955,80.0
designed_confined_T50_rho1_N6,956,80.0
designed_confined_T50_rho1_N6,957,80.0
designed_confined_T50_rho1_N6,958,80.0
designed_confined_T50_rho1_N6,959,80.0
designed_confined_T50_rho1_N6,960,80.0
designed_confined_T50_rho1_N6,961,80.0
designed_confined_T50_rho1_N6,962,80.0
designed_confined_T50_rho1_N6,963,80.0
designed_confined_T50_rho1_N6,964,80.0
designed_confined_T50_rho1_N6,965,80.0
designed_confined_T50_rho1_N6,966,80.0
designed_confined_T50_rho1_N6,967,80.0
designed_confined_T50_rho1_N6,968,80.0
designed_confined_T50_rho1_N6,969,80.0
designed_confined_T50_rho1_N6,970,80.0
designed_confined_T50_rho1_N6,971,80.0
designed_confined_T50_rho1_N6,972,0.0
designed_confined_T50_rho1_N6,973,0.0
designed_confined_T50_rho1_N6,974,0.0
designed_confined_T50_rho1_N6,975,0.0
designed_confined_T50_rho1_N6,976,0.0
designed_confined_T50_rho1_N6,977,0.0
designed_confined_T50_rho1_N6,978,0.0
designed_confined_T50_rho1_N6,979,0.0
designed_confined_T50_rho1_N6,980,0.0
designed_confined_T50_rho1_N6,981,0.0
designed_confined_T50_rho1_N6,982,0.0
designed_confined_T50_rho1_N6,983,0.0
designed_confined_T50_rho1_N6,984,0.0
designed_confined_T50_rho1_N6,985,0.0
designed_confined_T50_rho1_N6,986,0.0
designed_confined_T50_rho1_N6,987,0.0
designed_confined_T50_rho1_N6,988,0.0
designed_confined_T50_rho1_N6,989,80.0
designed_confined_T50_rho1_N6,990,0.0
designed_confined_T50_rho1_N6,991,80.0
designed_confined_T50_rho1_N6,992,0.0
designed_confined_T50_rho1_N6,993,80.0
designed_confined_T50_rho1_N6,994,0.0
designed_confined_T50_rho1_N6,995,80.0
designed_confined_T50_rho1_N6,996,80.0
designed_confined_T50_rho1_N6,997,80.0
designed_confined_T50_rho1_N6,998,120.0
designed_confined_T50_rho1_N6,999,120.0
designed_confined_T50_rho1_N6,1000,120.0
designed_confined_T50_rho1_N6,1001,120.0
designed_confined_T50_rho1_N6,1002,120.0
designed_confined_T50_rho1_N6,1003,120.0
designed_confined_T50_rho1_N6,1004,120.0
designed_confined_T50_rho1_N6,1005,120.0
designed_confined_T50_rho1_N6,1006,120.0
designed_confined_T50_rho1_N6,1007,120.0
designed_confined_T50_rho1_N6,1008,120.0
designed_confined_T50_rho1_N6,1009,120.0
designed_confined_T50_rho1_N6,1010,120.0
designed_confined_T50_rho1_N6,1011,120.0
designed_confined_T50_rho1_N6,1012,120.0
designed_confined_T50_rho1_N6,1013,120.0
designed_confined_T50_rho1_N6,1014,80.0
designed_confined_T50_rho1_N6,1015,80.0
designed_confined_T50_rho1_N6,1016,80.0
designed_confined_T50_rho1_N6,1017,80.0
designed_confined_T50_rho1_N6,1018,80.0
designed_confined_T50_rho1_N6,1019,80.0
designed_confined_T50_rho1_N6,1020,80.0
designed_confined_T50_rho1_N6,1021,80.0
designed_confined_T50_rho1_N6,1022,80.0
designed_confined_T50_rho1_N6,1023,80.0
paddy_m07_r00_confined_T50,0,0.0
paddy_m07_r00_confined_T50,1,0.0
paddy_m07_r00_confined_T50,2,0.0
paddy_m07_r00_confined_T50,3,0.0
paddy_m07_r00_confined_T50,4,0.0
paddy_m07_r00_confined_T50,5,0.0
paddy_m07_r00_confined_T50,6,0.0
paddy_m07_r00_confined_T50,7,0.0
paddy_m07_r00_confined_T50,8,0.0
paddy_m07_r00_confined_T50,9,0.0
paddy_m07_r00_confined_T50,10,0.0
paddy_m07_r00_confined_T50,11,0.0
paddy_m07_r00_confined_T50,12,0.0
paddy_m07_r00_confined_T50,13,0.0
paddy_m07_r00_confined_T50,14,0.0
paddy_m07_r00_confined_T50,15,0.0
paddy_m07_r00_confined_T50,16,0.0
paddy_m07_r00_confined_T50,17,0.0
paddy_m07_r00_confined_T50,18,0.0
paddy_m07_r00_confined_T50,19,0.0
paddy_m07_r00_confined_T50,20,0.0
paddy_m07_r00_confined_T50,21,0.0
paddy_m07_r00_confined_T50,22,0.0
paddy_m07_r00_confined_T50,23,0.0
paddy_m07_r00_confined_T50,24,0.0
paddy_m07_r00_confined_T50,25,0.0
paddy_m07_r00_confined_T50,26,0.0
paddy_m07_r00_confined_T50,27,0.0
paddy_m07_r00_confined_T50,28,0.0
paddy_m07_r00_confined_T50,29,0.0
paddy_m07_r00_confined_T50,30,0.0
paddy_m07_r00_confined_T50,31,0.0
paddy_m07_r00_confined_T50,32,0.0
paddy_m07_r00_confined_T50,33,0.0
paddy_m07_r00_confined_T50,34,0.0
paddy_m07_r00_confined_T50,35,0.0
paddy_m07_r00_confined_T50,36,0.0
paddy_m07_r00_confined_T50,37,0.0
paddy_m07_r00_confined_T50,38,0.0
paddy_m07_r00_confined_T50,39,0.0
paddy_m07_r00_confined_T50,40,0.0
paddy_m07_r00_confined_T50,41,0.0
paddy_m07_r00_confined_T50,42,0.0
paddy_m07_r00_confined_T50,43,0.0
paddy_m07_r00_confined_T50,44,0.0
paddy_m07_r00_confined_T50,45,0.0
paddy_m07_r00_confined_T50,46,0.0
paddy_m07_r00_confined_T50,47,0.0
paddy_m07_r00_confined_T50,48,0.0
paddy_m07_r00_confined_T50,49,0.0
paddy_m07_r00_confined_T50,50,0.0
paddy_m07_r00_confined_T50,51,0.0
paddy_m07_r00_confined_T50,52,0.0
paddy_m07_r00_confined_T50,53,0.0
paddy_m07_r00_confined_T50,54,0.0
paddy_m07_r00_confined_T50,55,0.0
paddy_m07_r00_confined_T50,56,0.0
paddy_m07_r00_confined_T50,57,0.0
paddy_m07_r00_confined_T50,58,0.0
paddy_m07_r00_confined_T50,59,0.0
paddy_m07_r00_confined_T50,60,0.0
paddy_m07_r00_confined_T50,61,0.0
paddy_m07_r00_confined_T50,62,0.0
paddy_m07_r00_confined_T50,63,0.0
paddy_m07_r00_confined_T50,64,0.0
paddy_m07_r00_confined_T50,65,0.0
paddy_m07_r00_confined_T50,66,0.0
paddy_m07_r00_confined_T50,67,0.0
paddy_m07_r00_confined_T50,68,0.0
paddy_m07_r00_confined_T50,69,0.0
paddy_m07_r00_confined_T50,70,0.0
paddy_m07_r00_confined_T50,71,0.0
paddy_m07_r00_confined_T50,72,0.0
paddy_m07_r00_confined_T50,73,0.0
paddy_m07_r00_confined_T50,74,0.0
paddy_m07_r00_confined_T50,75,0.0
paddy_m07_r00_confined_T50,76,0.0
paddy_m07_r00_confined_T50,77,0.0
paddy_m07_r00_confined_T50,78,0.0
paddy_m07_r00_confined_T50,79,0.0
paddy_m07_r00_confined_T50,80,0.0
paddy_m07_r00_confined_T50,81,0.0
paddy_m07_r00_confined_T50,82,0.0
paddy_m07_r00_confined_T50,83,0.0
paddy_m07_r00_confined_T50,84,0.0
paddy_m07_r00_confined_T50,85,0.0
paddy_m07_r00_confined_T50,86,0.0
paddy_m07_r00_confined_T50,87,0.0
paddy_m07_r00_confined_T50,88,0.0
paddy_m07_r00_confined_T50,89,0.0
paddy_m07_r00_confined_T50,90,0.0
paddy_m07_r00_confined_T50,91,0.0
paddy_m07_r00_confined_T50,92,0.0
paddy_m07_r00_confined_T50,93,0.0
paddy_m07_r00_confined_T50,94,0.0
paddy_m07_r00_confined_T50,95,0.0
paddy_m07_r00_confined_T50,96,0.0
paddy_m07_r00_confined_T50,97,0.0
paddy_m07_r00_confined_T50,98,0.0
paddy_m07_r00_confined_T50,99,0.0
paddy_m07_r00_confined_T50,100,0.0
paddy_m07_r00_confined_T50,101,0.0
paddy_m07_r00_confined_T50,102,0.0
paddy_m07_r00_confined_T50,103,0.0
paddy_m07_r00_confined_T50,104,0.0
paddy_m07_r00_confined_T50,105,0.0
paddy_m07_r00_confined_T50,106,0.0
paddy_m07_r00_confined_T50,107,0.0
paddy_m07_r00_confined_T50,108,0.0
paddy_m07_r00_confined_T50,109,0.0
paddy_m07_r00_confined_T50,110,0.0
paddy_m07_r00_confined_T50,111,0.0
paddy_m07_r00_confined_T50,112,0.0
paddy_m07_r00_confined_T50,113,0.0
paddy_m07_r00_confined_T50,114,0.0
paddy_m07_r00_confined_T50,115,0.0
paddy_m07_r00_confined_T50,116,0.0
paddy_m07_r00_confined_T50,117,0.0
paddy_m07_r00_confined_T50,118,0.0
paddy_m07_r00_confined_T50,119,0.0
paddy_m07_r00_confined_T50,120,0.0
paddy_m07_r00_confined_T50,121,0.0
paddy_m07_r00_confined_T50,122,0.0
paddy_m07_r00_confined_T50,123,0.0
paddy_m07_r00_confined_T50,124,0.0
paddy_m07_r00_confined_T50,125,0.0
paddy_m07_r00_confined_T50,126,0.0
paddy_m07_r00_confined_T50,127,0.0
paddy_m07_r00_confined_T50,128,0.0
paddy_m07_r00_confined_T50,129,0.0
paddy_m07_r00_confined_T50,130,0.0
paddy_m07_r00_confined_T50,131,0.0
paddy_m07_r00_confined_T50,132,0.0
paddy_m07_r00_confined_T50,133,0.0
paddy_m07_r00_confined_T50,134,0.0
paddy_m07_r00_confined_T50,135,0.0
paddy_m07_r00_confined_T50,136,0.0
paddy_m07_r00_confined_T50,137,0.0
paddy_m07_r00_confined_T50,138,0.0
paddy_m07_r00_confined_T50,139,0.0
paddy_m07_r00_confined_T50,140,0.0
paddy_m07_r00_confined_T50,141,0.0
paddy_m07_r00_confined_T50,142,0.0
paddy_m07_r00_confined_T50,143,0.0
paddy_m07_r00_confined_T50,144,0.0
paddy_m07_r00_confined_T50,145,0.0
paddy_m07_r00_confined_T50,146,0.0
paddy_m07_r00_confined_T50,147,0.0
paddy_m07_r00_confined_T50,148,0.0
paddy_m07_r00_confined_T50,149,0.0
paddy_m07_r00_confined_T50,150,0.0
paddy_m07_r00_confined_T50,151,0.0
paddy_m07_r00_confined_T50,152,0.0
paddy_m07_r00_confined_T50,153,0.0
paddy_m07_r00_confined_T50,154,0.0
paddy_m07_r00_confined_T50,155,0.0
paddy_m07_r00_confined_T50,156,0.0
paddy_m07_r00_confined_T50,157,0.0
paddy_m07_r00_confined_T50,158,0.0
paddy_m07_r00_confined_T50,159,0.0
paddy_m07_r00_confined_T50,160,0.0
paddy_m07_r00_confined_T50,161,0.0
paddy_m07_r00_confined_T50,162,0.0
paddy_m07_r00_confined_T50,163,0.0
paddy_m07_r00_confined_T50,164,0.0
paddy_m07_r00_confined_T50,165,0.0
paddy_m07_r00_confined_T50,166,0.0
paddy_m07_r00_confined_T50,167,0.0
paddy_m07_r00_confined_T50,168,0.0
paddy_m07_r00_confined_T50,169,0.0
paddy_m07_r00_confined_T50,170,0.0
paddy_m07_r00_confined_T50,171,0.0
paddy_m07_r00_confined_T50,172,0.0
paddy_m07_r00_confined_T50,173,0.0
paddy_m07_r00_confined_T50,174,0.0
paddy_m07_r00_confined_T50,175,0.0
paddy_m07_r00_confined_T50,176,0.0
paddy_m07_r00_confined_T50,177,0.0
paddy_m07_r00_confined_T50,178,0.0
paddy_m07_r00_confined_T50,179,0.0
paddy_m07_r00_confined_T50,180,0.0
paddy_m07_r00_confined_T50,181,0.0
paddy_m07_r00_confined_T50,182,0.0
paddy_m07_r00_confined_T50,183,0.0
paddy_m07_r00_confined_T50,184,0.0
paddy_m07_r00_confined_T50,185,0.0
paddy_m07_r00_confined_T50,186,0.0
paddy_m07_r00_confined_T50,187,0.0
paddy_m07_r00_confined_T50,188,0.0
paddy_m07_r00_confined_T50,189,0.0
paddy_m07_r00_confined_T50,190,0.0
paddy_m07_r00_confined_T50,191,0.0
paddy_m07_r00_confined_T50,192,0.0
paddy_m07_r00_confined_T50,193,0.0
paddy_m07_r00_confined_T50,194,0.0
paddy_m07_r00_confined_T50,195,0.0
paddy_m07_r00_confined_T50,196,0.0
paddy_m07_r00_confined_T50,197,0.0
paddy_m07_r00_confined_T50,198,0.0
paddy_m07_r00_confined_T50,199,0.0
paddy_m07_r00_confined_T50,200,0.0
paddy_m07_r00_confined_T50,201,0.0
paddy_m07_r00_confined_T50,202,0.0
paddy_m07_r00_confined_T50,203,0.0
paddy_m07_r00_confined_T50,204,0.0
paddy_m07_r00_confined_T50,205,0.0
paddy_m07_r00_confined_T50,206,0.0
paddy_m07_r00_confined_T50,207,0.0
paddy_m07_r00_confined_T50,208,0.0
paddy_m07_r00_confined_T50,209,0.0
paddy_m07_r00_confined_T50,210,0.0
paddy_m07_r00_confined_T50,211,0.0
paddy_m07_r00_confined_T50,212,0.0
paddy_m07_r00_confined_T50,213,0.0
paddy_m07_r00_confined_T50,214,0.0
paddy_m07_r00_confined_T50,215,0.0
paddy_m07_r00_confined_T50,216,0.0
paddy_m07_r00_confined_T50,217,0.0
paddy_m07_r00_confined_T50,218,0.0
paddy_m07_r00_confined_T50,219,0.0
paddy_m07_r00_confined_T50,220,0.0
paddy_m07_r00_confined_T50,221,0.0
paddy_m07_r00_confined_T50,222,0.0
paddy_m07_r00_confined_T50,223,0.0
paddy_m07_r00_confined_T50,224,0.0
paddy_m07_r00_confined_T50,225,0.0
paddy_m07_r00_confined_T50,226,0.0
paddy_m07_r00_confined_T50,227,0.0
paddy_m07_r00_confined_T50,228,0.0
paddy_m07_r00_confined_T50,229,0.0
paddy_m07_r00_confined_T50,230,0.0
paddy_m07_r00_confined_T50,231,0.0
paddy_m07_r00_confined_T50,232,0.0
paddy_m07_r00_confined_T50,233,100.0
paddy_m07_r00_confined_T50,234,100.0
paddy_m07_r00_confined_T50,235,100.0
paddy_m07_r00_confined_T50,236,0.0
paddy_m07_r00_confined_T50,237,0.0
paddy_m07_r00_confined_T50,238,100.0
paddy_m07_r00_confined_T50,239,100.0
paddy_m07_r00_confined_T50,240,100.0
paddy_m07_r00_confined_T50,241,100.0
paddy_m07_r00_confined_T50,242,100.0
paddy_m07_r00_confined_T50,243,100.0
paddy_m07_r00_confined_T50,244,100.0
paddy_m07_r00_confined_T50,245,0.0
paddy_m07_r00_confined_T50,246,0.0
paddy_m07_r00_confined_T50,247,100.0
paddy_m07_r00_confined_T50,248,100.0
paddy_m07_r00_confined_T50,249,100.0
paddy_m07_r00_confined_T50,250,0.0
paddy_m07_r00_confined_T50,251,0.0
paddy_m07_r00_confined_T50,252,100.0
paddy_m07_r00_confined_T50,253,100.0
paddy_m07_r00_confined_T50,254,100.0
paddy_m07_r00_confined_T50,255,0.0
paddy_m07_r00_confined_T50,256,0.0
paddy_m07_r00_confined_T50,257,100.0
paddy_m07_r00_confined_T50,258,100.0
paddy_m07_r00_confined_T50,259,100.0
paddy_m07_r00_confined_T50,260,0.0
paddy_m07_r00_confined_T50,261,100.0
paddy_m07_r00_confined_T50,262,100.0
paddy_m07_r00_confined_T50,263,100.0
paddy_m07_r00_confined_T50,264,100.0
paddy_m07_r00_confined_T50,265,100.0
paddy_m07_r00_confined_T50,266,100.0
paddy_m07_r00_confined_T50,267,0.0
paddy_m07_r00_confined_T50,268,0.0
paddy_m07_r00_confined_T50,269,100.0
paddy_m07_r00_confined_T50,270,100.0
paddy_m07_r00_confined_T50,271,0.0
paddy_m07_r00_confined_T50,272,100.0
paddy_m07_r00_confined_T50,273,100.0
paddy_m07_r00_confined_T50,274,100.0
paddy_m07_r00_confined_T50,275,100.0
paddy_m07_r00_confined_T50,276,100.0
paddy_m07_r00_confined_T50,277,100.0
paddy_m07_r00_confined_T50,278,100.0
paddy_m07_r00_confined_T50,279,100.0
paddy_m07_r00_confined_T50,280,100.0
paddy_m07_r00_confined_T50,281,0.0
paddy_m07_r00_confined_T50,282,100.0
paddy_m07_r00_confined_T50,283,100.0
paddy_m07_r00_confined_T50,284,0.0
paddy_m07_r00_confined_T50,285,100.0
paddy_m07_r00_confined_T50,286,100.0
paddy_m07_r00_confined_T50,287,100.0
paddy_m07_r00_confined_T50,288,100.0
paddy_m07_r00_confined_T50,289,100.0
paddy_m07_r00_confined_T50,290,100.0
paddy_m07_r00_confined_T50,291,0.0
paddy_m07_r00_confined_T50,292,0.0
paddy_m07_r00_confined_T50,293,100.0
paddy_m07_r00_confined_T50,294,100.0
paddy_m07_r00_confined_T50,295,0.0
paddy_m07_r00_confined_T50,296,0.0
paddy_m07_r00_confined_T50,297,100.0
paddy_m07_r00_confined_T50,298,100.0
paddy_m07_r00_confined_T50,299,100.0
paddy_m07_r00_confined_T50,300,100.0
paddy_m07_r00_confined_T50,301,100.0
paddy_m07_r00_confined_T50,302,100.0
paddy_m07_r00_confined_T50,303,100.0
paddy_m07_r00_confined_T50,304,100.0
paddy_m07_r00_confined_T50,305,100.0
paddy_m07_r00_confined_T50,306,0.0
paddy_m07_r00_confined_T50,307,100.0
paddy_m07_r00_confined_T50,308,0.0
paddy_m07_r00_confined_T50,309,0.0
paddy_m07_r00_confined_T50,310,0.0
paddy_m07_r00_confined_T50,311,100.0
paddy_m07_r00_confined_T50,312,0.0
paddy_m07_r00_confined_T50,313,0.0
paddy_m07_r00_confined_T50,314,100.0
paddy_m07_r00_confined_T50,315,0.0
paddy_m07_r00_confined_T50,316,0.0
paddy_m07_r00_confined_T50,317,0.0
paddy_m07_r00_confined_T50,318,0.0
paddy_m07_r00_confined_T50,319,0.0
paddy_m07_r00_confined_T50,320,100.0
paddy_m07_r00_confined_T50,321,100.0
paddy_m07_r00_confined_T50,322,100.0
paddy_m07_r00_confined_T50,323,0.0
paddy_m07_r00_confined_T50,324,0.0
paddy_m07_r00_confined_T50,325,100.0
paddy_m07_r00_confined_T50,326,100.0
paddy_m07_r00_confined_T50,327,0.0
paddy_m07_r00_confined_T50,328,100.0
paddy_m07_r00_confined_T50,329,100.0
paddy_m07_r00_confined_T50,330,100.0
paddy_m07_r00_confined_T50,331,100.0
paddy_m07_r00_confined_T50,332,100.0
paddy_m07_r00_confined_T50,333,0.0
paddy_m07_r00_confined_T50,334,100.0
paddy_m07_r00_confined_T50,335,100.0
paddy_m07_r00_confined_T50,336,0.0
paddy_m07_r00_confined_T50,337,0.0
paddy_m07_r00_confined_T50,338,100.0
paddy_m07_r00_confined_T50,339,0.0
paddy_m07_r00_confined_T50,340,0.0
paddy_m07_r00_confined_T50,341,0.0
paddy_m07_r00_confined_T50,342,0.0
paddy_m07_r00_confined_T50,343,0.0
paddy_m07_r00_confined_T50,344,0.0
paddy_m07_r00_confined_T50,345,100.0
paddy_m07_r00_confined_T50,346,0.0
paddy_m07_r00_confined_T50,347,0.0
paddy_m07_r00_confined_T50,348,100.0
paddy_m07_r00_confined_T50,349,100.0
paddy_m07_r00_confined_T50,350,100.0
paddy_m07_r00_confined_T50,351,100.0
paddy_m07_r00_confined_T50,352,100.0
paddy_m07_r00_confined_T50,353,100.0
paddy_m07_r00_confined_T50,354,100.0
paddy_m07_r00_confined_T50,355,100.0
paddy_m07_r00_confined_T50,356,0.0
paddy_m07_r00_confined_T50,357,0.0
paddy_m07_r00_confined_T50,358,0.0
paddy_m07_r00_confined_T50,359,0.0
paddy_m07_r00_confined_T50,360,0.0
paddy_m07_r00_confined_T50,361,0.0
paddy_m07_r00_confined_T50,362,0.0
paddy_m07_r00_confined_T50,363,0.0
paddy_m07_r00_confined_T50,364,0.0
paddy_m07_r00_confined_T50,365,0.0
paddy_m07_r00_confined_T50,366,0.0
paddy_m07_r00_confined_T50,367,0.0
paddy_m07_r00_confined_T50,368,0.0
paddy_m07_r00_confined_T50,369,0.0
paddy_m07_r00_confined_T50,370,0.0
paddy_m07_r00_confined_T50,371,0.0
paddy_m07_r00_confined_T50,372,0.0
paddy_m07_r00_confined_T50,373,0.0
paddy_m07_r00_confined_T50,374,0.0
paddy_m07_r00_confined_T50,375,0.0
paddy_m07_r00_confined_T50,376,0.0
paddy_m07_r00_confined_T50,377,0.0
paddy_m07_r00_confined_T50,378,0.0
paddy_m07_r00_confined_T50,379,0.0
paddy_m07_r00_confined_T50,380,0.0
paddy_m07_r00_confined_T50,381,0.0
paddy_m07_r00_confined_T50,382,0.0
paddy_m07_r00_confined_T50,383,0.0
paddy_m07_r00_confined_T50,384,0.0
paddy_m07_r00_confined_T50,385,0.0
paddy_m07_r00_confined_T50,386,0.0
paddy_m07_r00_confined_T50,387,0.0
paddy_m07_r00_confined_T50,388,0.0
paddy_m07_r00_confined_T50,389,0.0
paddy_m07_r00_confined_T50,390,0.0
paddy_m07_r00_confined_T50,391,0.0
paddy_m07_r00_confined_T50,392,0.0
paddy_m07_r00_confined_T50,393,0.0
paddy_m07_r00_confined_T50,394,0.0
paddy_m07_r00_confined_T50,395,0.0
paddy_m07_r00_confined_T50,396,0.0
paddy_m07_r00_confined_T50,397,0.0
paddy_m07_r00_confined_T50,398,0.0
paddy_m07_r00_confined_T50,399,0.0
paddy_m07_r00_confined_T50,400,0.0
paddy_m07_r00_confined_T50,401,0.0
paddy_m07_r00_confined_T50,402,0.0
paddy_m07_r00_confined_T50,403,0.0
paddy_m07_r00_confined_T50,404,0.0
paddy_m07_r00_confined_T50,405,0.0
paddy_m07_r00_confined_T50,406,0.0
paddy_m07_r00_confined_T50,407,0.0
paddy_m07_r00_confined_T50,408,0.0
paddy_m07_r00_confined_T50,409,0.0
paddy_m07_r00_confined_T50,410,0.0
paddy_m07_r00_confined_T50,411,0.0
paddy_m07_r00_confined_T50,412,0.0
paddy_m07_r00_confined_T50,413,0.0
paddy_m07_r00_confined_T50,414,0.0
paddy_m07_r00_confined_T50,415,0.0
paddy_m07_r00_confined_T50,416,0.0
paddy_m07_r00_confined_T50,417,0.0
paddy_m07_r00_confined_T50,418,0.0
paddy_m07_r00_confined_T50,419,0.0
paddy_m07_r00_confined_T50,420,0.0
paddy_m07_r00_confined_T50,421,0.0
paddy_m07_r00_confined_T50,422,0.0
paddy_m07_r00_confined_T50,423,0.0
paddy_m07_r00_confined_T50,424,0.0
paddy_m07_r00_confined_T50,425,0.0
paddy_m07_r00_confined_T50,426,0.0
paddy_m07_r00_confined_T50,427,0.0
paddy_m07_r00_confined_T50,428,0.0
paddy_m07_r00_confined_T50,429,0.0
paddy_m07_r00_confined_T50,430,0.0
paddy_m07_r00_confined_T50,431,0.0
paddy_m07_r00_confined_T50,432,0.0
paddy_m07_r00_confined_T50,433,0.0
paddy_m07_r00_confined_T50,434,0.0
paddy_m07_r00_confined_T50,435,0.0
paddy_m07_r00_confined_T50,436,0.0
paddy_m07_r00_confined_T50,437,0.0
paddy_m07_r00_confined_T50,438,0.0
paddy_m07_r00_confined_T50,439,0.0
paddy_m07_r00_confined_T50,440,0.0
paddy_m07_r00_confined_T50,441,0.0
paddy_m07_r00_confined_T50,442,0.0
paddy_m07_r00_confined_T50,443,0.0
paddy_m07_r00_confined_T50,444,0.0
paddy_m07_r00_confined_T50,445,0.0
paddy_m07_r00_confined_T50,446,0.0
paddy_m07_r00_confined_T50,447,0.0
paddy_m07_r00_confined_T50,448,0.0
paddy_m07_r00_confined_T50,449,0.0
paddy_m07_r00_confined_T50,450,0.0
paddy_m07_r00_confined_T50,451,0.0
paddy_m07_r00_confined_T50,452,0.0
paddy_m07_r00_confined_T50,453,0.0
paddy_m07_r00_confined_T50,454,0.0
paddy_m07_r00_confined_T50,455,0.0
paddy_m07_r00_confined_T50,456,0.0
paddy_m07_r00_confined_T50,457,0.0
paddy_m07_r00_confined_T50,458,0.0
paddy_m07_r00_confined_T50,459,0.0
paddy_m07_r00_confined_T50,460,0.0
paddy_m07_r00_confined_T50,461,0.0
paddy_m07_r00_confined_T50,462,0.0
paddy_m07_r00_confined_T50,463,0.0
paddy_m07_r00_confined_T50,464,0.0
paddy_m07_r00_confined_T50,465,0.0
paddy_m07_r00_confined_T50,466,0.0
paddy_m07_r00_confined_T50,467,0.0
paddy_m07_r00_confined_T50,468,0.0
paddy_m07_r00_confined_T50,469,0.0
paddy_m07_r00_confined_T50,470,0.0
paddy_m07_r00_confined_T50,471,0.0
paddy_m07_r00_confined_T50,472,0.0
paddy_m07_r00_confined_T50,473,0.0
paddy_m07_r00_confined_T50,474,0.0
paddy_m07_r00_confined_T50,475,0.0
paddy_m07_r00_confined_T50,476,0.0
paddy_m07_r00_confined_T50,477,0.0
paddy_m07_r00_confined_T50,478,0.0
paddy_m07_r00_confined_T50,479,0.0
paddy_m07_r00_confined_T50,480,0.0
paddy_m07_r00_confined_T50,481,0.0
paddy_m07_r00_confined_T50,482,0.0
paddy_m07_r00_confined_T50,483,0.0
paddy_m07_r00_confined_T50,484,0.0
paddy_m07_r00_confined_T50,485,0.0
paddy_m07_r00_confined_T50,486,0.0
paddy_m07_r00_confined_T50,487,0.0
paddy_m07_r00_confined_T50,488,0.0
paddy_m07_r00_confined_T50,489,0.0
paddy_m07_r00_confined_T50,490,0.0
paddy_m07_r00_confined_T50,491,0.0
paddy_m07_r00_confined_T50,492,0.0
paddy_m07_r00_confined_T50,493,0.0
paddy_m07_r00_confined_T50,494,0.0
paddy_m07_r00_confined_T50,495,0.0
paddy_m07_r00_confined_T50,496,0.0
paddy_m07_r00_confined_T50,497,0.0
paddy_m07_r00_confined_T50,498,0.0
paddy_m07_r00_confined_T50,499,0.0
paddy_m07_r00_confined_T50,500,0.0
paddy_m07_r00_confined_T50,501,0.0
paddy_m07_r00_confined_T50,502,0.0
paddy_m07_r00_confined_T50,503,0.0
paddy_m07_r00_confined_T50,504,0.0
paddy_m07_r00_confined_T50,505,0.0
paddy_m07_r00_confined_T50,506,0.0
paddy_m07_r00_confined_T50,507,0.0
paddy_m07_r00_confined_T50,508,0.0
paddy_m07_r00_confined_T50,509,0.0
paddy_m07_r00_confined_T50,510,0.0
paddy_m07_r00_confined_T50,511,0.0
paddy_m07_r00_confined_T50,512,0.0
paddy_m07_r00_confined_T50,513,0.0
paddy_m07_r00_confined_T50,514,0.0
paddy_m07_r00_confined_T50,515,0.0
paddy_m07_r00_confined_T50,516,0.0
paddy_m07_r00_confined_T50,517,0.0
paddy_m07_r00_confined_T50,518,0.0
paddy_m07_r00_confined_T50,519,0.0
paddy_m07_r00_confined_T50,520,0.0
paddy_m07_r00_confined_T50,521,0.0
paddy_m07_r00_confined_T50,522,0.0
paddy_m07_r00_confined_T50,523,0.0
paddy_m07_r00_confined_T50,524,0.0
paddy_m07_r00_confined_T50,525,0.0
paddy_m07_r00_confined_T50,526,0.0
paddy_m07_r00_confined_T50,527,0.0
paddy_m07_r00_confined_T50,528,0.0
paddy_m07_r00_confined_T50,529,0.0
paddy_m07_r00_confined_T50,530,0.0
paddy_m07_r00_confined_T50,531,0.0
paddy_m07_r00_confined_T50,532,0.0
paddy_m07_r00_confined_T50,533,0.0
paddy_m07_r00_confined_T50,534,0.0
paddy_m07_r00_confined_T50,535,0.0
paddy_m07_r00_confined_T50,536,0.0
paddy_m07_r00_confined_T50,537,0.0
paddy_m07_r00_confined_T50,538,0.0
paddy_m07_r00_confined_T50,539,0.0
paddy_m07_r00_confined_T50,540,0.0
paddy_m07_r00_confined_T50,541,0.0
paddy_m07_r00_confined_T50,542,0.0
paddy_m07_r00_confined_T50,543,0.0
paddy_m07_r00_confined_T50,544,0.0
paddy_m07_r00_confined_T50,545,0.0
paddy_m07_r00_confined_T50,546,0.0
paddy_m07_r00_confined_T50,547,0.0
paddy_m07_r00_confined_T50,548,0.0
paddy_m07_r00_confined_T50,549,0.0
paddy_m07_r00_confined_T50,550,0.0
paddy_m07_r00_confined_T50,551,0.0
paddy_m07_r00_confined_T50,552,0.0
paddy_m07_r00_confined_T50,553,0.0
paddy_m07_r00_confined_T50,554,0.0
paddy_m07_r00_confined_T50,555,0.0
paddy_m07_r00_confined_T50,556,0.0
paddy_m07_r00_confined_T50,557,0.0
paddy_m07_r00_confined_T50,558,0.0
paddy_m07_r00_confined_T50,559,0.0
paddy_m07_r00_confined_T50,560,0.0
paddy_m07_r00_confined_T50,561,0.0
paddy_m07_r00_confined_T50,562,0.0
paddy_m07_r00_confined_T50,563,0.0
paddy_m07_r00_confined_T50,564,0.0
paddy_m07_r00_confined_T50,565,0.0
paddy_m07_r00_confined_T50,566,0.0
paddy_m07_r00_confined_T50,567,0.0
paddy_m07_r00_confined_T50,568,0.0
paddy_m07_r00_confined_T50,569,0.0
paddy_m07_r00_confined_T50,570,0.0
paddy_m07_r00_confined_T50,571,0.0
paddy_m07_r00_confined_T50,572,0.0
paddy_m07_r00_confined_T50,573,0.0
paddy_m07_r00_confined_T50,574,0.0
paddy_m07_r00_confined_T50,575,0.0
paddy_m07_r00_confined_T50,576,0.0
paddy_m07_r00_confined_T50,577,0.0
paddy_m07_r00_confined_T50,578,0.0
paddy_m07_r00_confined_T50,579,0.0
paddy_m07_r00_confined_T50,580,0.0
paddy_m07_r00_confined_T50,581,0.0
paddy_m07_r00_confined_T50,582,0.0
paddy_m07_r00_confined_T50,583,0.0
paddy_m07_r00_confined_T50,584,0.0
paddy_m07_r00_confined_T50,585,0.0
paddy_m07_r00_confined_T50,586,0.0
paddy_m07_r00_confined_T50,587,0.0
paddy_m07_r00_confined_T50,588,0.0
paddy_m07_r00_confined_T50,589,0.0
paddy_m07_r00_confined_T50,590,0.0
paddy_m07_r00_confined_T50,591,0.0
paddy_m07_r00_confined_T50,592,0.0
paddy_m07_r00_confined_T50,593,0.0
paddy_m07_r00_confined_T50,594,0.0
paddy_m07_r00_confined_T50,595,0.0
paddy_m07_r00_confined_T50,596,0.0
paddy_m07_r00_confined_T50,597,0.0
paddy_m07_r00_confined_T50,598,100.0
paddy_m07_r00_confined_T50,599,0.0
paddy_m07_r00_confined_T50,600,0.0
paddy_m07_r00_confined_T50,601,0.0
paddy_m07_r00_confined_T50,602,100.0
paddy_m07_r00_confined_T50,603,100.0
paddy_m07_r00_confined_T50,604,100.0
paddy_m07_r00_confined_T50,605,100.0
paddy_m07_r00_confined_T50,606,100.0
paddy_m07_r00_confined_T50,607,100.0
paddy_m07_r00_confined_T50,608,100.0
paddy_m07_r00_confined_T50,609,0.0
paddy_m07_r00_confined_T50,610,100.0
paddy_m07_r00_confined_T50,611,100.0
paddy_m07_r00_confined_T50,612,0.0
paddy_m07_r00_confined_T50,613,0.0
paddy_m07_r00_confined_T50,614,0.0
paddy_m07_r00_confined_T50,615,100.0
paddy_m07_r00_confined_T50,616,100.0
paddy_m07_r00_confined_T50,617,100.0
paddy_m07_r00_confined_T50,618,0.0
paddy_m07_r00_confined_T50,619,100.0
paddy_m07_r00_confined_T50,620,0.0
paddy_m07_r00_confined_T50,621,0.0
paddy_m07_r00_confined_T50,622,100.0
paddy_m07_r00_confined_T50,623,100.0
paddy_m07_r00_confined_T50,624,100.0
paddy_m07_r00_confined_T50,625,100.0
paddy_m07_r00_confined_T50,626,100.0
paddy_m07_r00_confined_T50,627,100.0
paddy_m07_r00_confined_T50,628,100.0
paddy_m07_r00_confined_T50,629,100.0
paddy_m07_r00_confined_T50,630,0.0
paddy_m07_r00_confined_T50,631,0.0
paddy_m07_r00_confined_T50,632,100.0
paddy_m07_r00_confined_T50,633,100.0
paddy_m07_r00_confined_T50,634,100.0
paddy_m07_r00_confined_T50,635,100.0
paddy_m07_r00_confined_T50,636,100.0
paddy_m07_r00_confined_T50,637,0.0
paddy_m07_r00_confined_T50,638,0.0
paddy_m07_r00_confined_T50,639,0.0
paddy_m07_r00_confined_T50,640,100.0
paddy_m07_r00_confined_T50,641,100.0
paddy_m07_r00_confined_T50,642,100.0
paddy_m07_r00_confined_T50,643,100.0
paddy_m07_r00_confined_T50,644,0.0
paddy_m07_r00_confined_T50,645,100.0
paddy_m07_r00_confined_T50,646,100.0
paddy_m07_r00_confined_T50,647,100.0
paddy_m07_r00_confined_T50,648,0.0
paddy_m07_r00_confined_T50,649,0.0
paddy_m07_r00_confined_T50,650,0.0
paddy_m07_r00_confined_T50,651,100.0
paddy_m07_r00_confined_T50,652,100.0
paddy_m07_r00_confined_T50,653,100.0
paddy_m07_r00_confined_T50,654,100.0
paddy_m07_r00_confined_T50,655,100.0
paddy_m07_r00_confined_T50,656,100.0
paddy_m07_r00_confined_T50,657,0.0
paddy_m07_r00_confined_T50,658,0.0
paddy_m07_r00_confined_T50,659,100.0
paddy_m07_r00_confined_T50,660,0.0
paddy_m07_r00_confined_T50,661,0.0
paddy_m07_r00_confined_T50,662,100.0
paddy_m07_r00_confined_T50,663,100.0
paddy_m07_r00_confined_T50,664,100.0
paddy_m07_r00_confined_T50,665,0.0
paddy_m07_r00_confined_T50,666,100.0
paddy_m07_r00_confined_T50,667,0.0
paddy_m07_r00_confined_T50,668,100.0
paddy_m07_r00_confined_T50,669,0.0
paddy_m07_r00_confined_T50,670,0.0
paddy_m07_r00_confined_T50,671,0.0
paddy_m07_r00_confined_T50,672,0.0
paddy_m07_r00_confined_T50,673,0.0
paddy_m07_r00_confined_T50,674,0.0
paddy_m07_r00_confined_T50,675,0.0
paddy_m07_r00_confined_T50,676,100.0
paddy_m07_r00_confined_T50,677,0.0
paddy_m07_r00_confined_T50,678,100.0
paddy_m07_r00_confined_T50,679,0.0
paddy_m07_r00_confined_T50,680,100.0
paddy_m07_r00_confined_T50,681,100.0
paddy_m07_r00_confined_T50,682,0.0
paddy_m07_r00_confined_T50,683,0.0
paddy_m07_r00_confined_T50,684,0.0
paddy_m07_r00_confined_T50,685,100.0
paddy_m07_r00_confined_T50,686,0.0
paddy_m07_r00_confined_T50,687,0.0
paddy_m07_r00_confined_T50,688,100.0
paddy_m07_r00_confined_T50,689,100.0
paddy_m07_r00_confined_T50,690,100.0
paddy_m07_r00_confined_T50,691,100.0
paddy_m07_r00_confined_T50,692,100.0
paddy_m07_r00_confined_T50,693,100.0
paddy_m07_r00_confined_T50,694,100.0
paddy_m07_r00_confined_T50,695,0.0
paddy_m07_r00_confined_T50,696,0.0
paddy_m07_r00_confined_T50,697,100.0
paddy_m07_r00_confined_T50,698,100.0
paddy_m07_r00_confined_T50,699,100.0
paddy_m07_r00_confined_T50,700,0.0
paddy_m07_r00_confined_T50,701,0.0
paddy_m07_r00_confined_T50,702,0.0
paddy_m07_r00_confined_T50,703,100.0
paddy_m07_r00_confined_T50,704,100.0
paddy_m07_r00_confined_T50,705,100.0
paddy_m07_r00_confined_T50,706,100.0
paddy_m07_r00_confined_T50,707,100.0
paddy_m07_r00_confined_T50,708,100.0
paddy_m07_r00_confined_T50,709,0.0
paddy_m07_r00_confined_T50,710,100.0
paddy_m07_r00_confined_T50,711,100.0
paddy_m07_r00_confined_T50,712,100.0
paddy_m07_r00_confined_T50,713,100.0
paddy_m07_r00_confined_T50,714,100.0
paddy_m07_r00_confined_T50,715,100.0
paddy_m07_r00_confined_T50,716,0.0
paddy_m07_r00_confined_T50,717,100.0
paddy_m07_r00_confined_T50,718,100.0
paddy_m07_r00_confined_T50,719,100.0
paddy_m07_r00_confined_T50,720,100.0
paddy_m07_r00_confined_T50,721,0.0
paddy_m07_r00_confined_T50,722,0.0
paddy_m07_r00_confined_T50,723,0.0
paddy_m07_r00_confined_T50,724,0.0
paddy_m07_r00_confined_T50,725,0.0
paddy_m07_r00_confined_T50,726,0.0
paddy_m07_r00_confined_T50,727,0.0
paddy_m07_r00_confined_T50,728,0.0
paddy_m07_r00_confined_T50,729,0.0
paddy_m07_r00_confined_T50,730,0.0
paddy_m07_r00_confined_T50,731,0.0
paddy_m07_r00_confined_T50,732,0.0
paddy_m07_r00_confined_T50,733,0.0
paddy_m07_r00_confined_T50,734,0.0
paddy_m07_r00_confined_T50,735,0.0
paddy_m07_r00_confined_T50,736,0.0
paddy_m07_r00_confined_T50,737,0.0
paddy_m07_r00_confined_T50,738,0.0
paddy_m07_r00_confined_T50,739,0.0
paddy_m07_r00_confined_T50,740,0.0
paddy_m07_r00_confined_T50,741,0.0
paddy_m07_r00_confined_T50,742,0.0
paddy_m07_r00_confined_T50,743,0.0
paddy_m07_r00_confined_T50,744,0.0
paddy_m07_r00_confined_T50,745,0.0
paddy_m07_r00_confined_T50,746,0.0
paddy_m07_r00_confined_T50,747,0.0
paddy_m07_r00_confined_T50,748,0.0
paddy_m07_r00_confined_T50,749,0.0
paddy_m07_r00_confined_T50,750,0.0
paddy_m07_r00_confined_T50,751,0.0
paddy_m07_r00_confined_T50,752,0.0
paddy_m07_r00_confined_T50,753,0.0
paddy_m07_r00_confined_T50,754,0.0
paddy_m07_r00_confined_T50,755,0.0
paddy_m07_r00_confined_T50,756,0.0
paddy_m07_r00_confined_T50,757,0.0
paddy_m07_r00_confined_T50,758,0.0
paddy_m07_r00_confined_T50,759,0.0
paddy_m07_r00_confined_T50,760,0.0
paddy_m07_r00_confined_T50,761,0.0
paddy_m07_r00_confined_T50,762,0.0
paddy_m07_r00_confined_T50,763,0.0
paddy_m07_r00_confined_T50,764,0.0
paddy_m07_r00_confined_T50,765,0.0
paddy_m07_r00_confined_T50,766,0.0
paddy_m07_r00_confined_T50,767,0.0
paddy_m07_r00_confined_T50,768,0.0
paddy_m07_r00_confined_T50,769,0.0
paddy_m07_r00_confined_T50,770,0.0
paddy_m07_r00_confined_T50,771,0.0
paddy_m07_r00_confined_T50,772,0.0
paddy_m07_r00_confined_T50,773,0.0
paddy_m07_r00_confined_T50,774,0.0
paddy_m07_r00_confined_T50,775,0.0
paddy_m07_r00_confined_T50,776,0.0
paddy_m07_r00_confined_T50,777,0.0
paddy_m07_r00_confined_T50,778,0.0
paddy_m07_r00_confined_T50,779,0.0
paddy_m07_r00_confined_T50,780,0.0
paddy_m07_r00_confined_T50,781,0.0
paddy_m07_r00_confined_T50,782,0.0
paddy_m07_r00_confined_T50,783,0.0
paddy_m07_r00_confined_T50,784,0.0
paddy_m07_r00_confined_T50,785,0.0
paddy_m07_r00_confined_T50,786,0.0
paddy_m07_r00_confined_T50,787,0.0
paddy_m07_r00_confined_T50,788,0.0
paddy_m07_r00_confined_T50,789,0.0
paddy_m07_r00_confined_T50,790,0.0
paddy_m07_r00_confined_T50,791,0.0
paddy_m07_r00_confined_T50,792,0.0
paddy_m07_r00_confined_T50,793,0.0
paddy_m07_r00_confined_T50,794,0.0
paddy_m07_r00_confined_T50,795,0.0
paddy_m07_r00_confined_T50,796,0.0
paddy_m07_r00_confined_T50,797,0.0
paddy_m07_r00_confined_T50,798,0.0
paddy_m07_r00_confined_T50,799,0.0
paddy_m07_r00_confined_T50,800,0.0
paddy_m07_r00_confined_T50,801,0.0
paddy_m07_r00_confined_T50,802,0.0
paddy_m07_r00_confined_T50,803,0.0
paddy_m07_r00_confined_T50,804,0.0
paddy_m07_r00_confined_T50,805,0.0
paddy_m07_r00_confined_T50,806,0.0
paddy_m07_r00_confined_T50,807,0.0
paddy_m07_r00_confined_T50,808,0.0
paddy_m07_r00_confined_T50,809,0.0
paddy_m07_r00_confined_T50,810,0.0
paddy_m07_r00_confined_T50,811,0.0
paddy_m07_r00_confined_T50,812,0.0
paddy_m07_r00_confined_T50,813,0.0
paddy_m07_r00_confined_T50,814,0.0
paddy_m07_r00_confined_T50,815,0.0
paddy_m07_r00_confined_T50,816,0.0
paddy_m07_r00_confined_T50,817,0.0
paddy_m07_r00_confined_T50,818,0.0
paddy_m07_r00_confined_T50,819,0.0
paddy_m07_r00_confined_T50,820,0.0
paddy_m07_r00_confined_T50,821,0.0
paddy_m07_r00_confined_T50,822,0.0
paddy_m07_r00_confined_T50,823,0.0
paddy_m07_r00_confined_T50,824,0.0
paddy_m07_r00_confined_T50,825,0.0
paddy_m07_r00_confined_T50,826,0.0
paddy_m07_r00_confined_T50,827,0.0
paddy_m07_r00_confined_T50,828,0.0
paddy_m07_r00_confined_T50,829,0.0
paddy_m07_r00_confined_T50,830,0.0
paddy_m07_r00_confined_T50,831,0.0
paddy_m07_r00_confined_T50,832,0.0
paddy_m07_r00_confined_T50,833,0.0
paddy_m07_r00_confined_T50,834,0.0
paddy_m07_r00_confined_T50,835,0.0
paddy_m07_r00_confined_T50,836,0.0
paddy_m07_r00_confined_T50,837,0.0
paddy_m07_r00_confined_T50,838,0.0
paddy_m07_r00_confined_T50,839,0.0
paddy_m07_r00_confined_T50,840,0.0
paddy_m07_r00_confined_T50,841,0.0
paddy_m07_r00_confined_T50,842,0.0
paddy_m07_r00_confined_T50,843,0.0
paddy_m07_r00_confined_T50,844,0.0
paddy_m07_r00_confined_T50,845,0.0
paddy_m07_r00_confined_T50,846,0.0
paddy_m07_r00_confined_T50,847,0.0
paddy_m07_r00_confined_T50,848,0.0
paddy_m07_r00_confined_T50,849,0.0
paddy_m07_r00_confined_T50,850,0.0
paddy_m07_r00_confined_T50,851,0.0
paddy_m07_r00_confined_T50,852,0.0
paddy_m07_r00_confined_T50,853,0.0
paddy_m07_r00_confined_T50,854,0.0
paddy_m07_r00_confined_T50,855,0.0
paddy_m07_r00_confined_T50,856,0.0
paddy_m07_r00_confined_T50,857,0.0
paddy_m07_r00_confined_T50,858,0.0
paddy_m07_r00_confined_T50,859,0.0
paddy_m07_r00_confined_T50,860,0.0
paddy_m07_r00_confined_T50,861,0.0
paddy_m07_r00_confined_T50,862,0.0
paddy_m07_r00_confined_T50,863,0.0
paddy_m07_r00_confined_T50,864,0.0
paddy_m07_r00_confined_T50,865,0.0
paddy_m07_r00_confined_T50,866,0.0
paddy_m07_r00_confined_T50,867,0.0
paddy_m07_r00_confined_T50,868,0.0
paddy_m07_r00_confined_T50,869,0.0
paddy_m07_r00_confined_T50,870,0.0
paddy_m07_r00_confined_T50,871,0.0
paddy_m07_r00_confined_T50,872,0.0
paddy_m07_r00_confined_T50,873,0.0
paddy_m07_r00_confined_T50,874,0.0
paddy_m07_r00_confined_T50,875,0.0
paddy_m07_r00_confined_T50,876,0.0
paddy_m07_r00_confined_T50,877,0.0
paddy_m07_r00_confined_T50,878,0.0
paddy_m07_r00_confined_T50,879,0.0
paddy_m07_r00_confined_T50,880,0.0
paddy_m07_r00_confined_T50,881,0.0
paddy_m07_r00_confined_T50,882,0.0
paddy_m07_r00_confined_T50,883,0.0
paddy_m07_r00_confined_T50,884,0.0
paddy_m07_r00_confined_T50,885,0.0
paddy_m07_r00_confined_T50,886,0.0
paddy_m07_r00_confined_T50,887,0.0
paddy_m07_r00_confined_T50,888,0.0
paddy_m07_r00_confined_T50,889,0.0
paddy_m07_r00_confined_T50,890,0.0
paddy_m07_r00_confined_T50,891,0.0
paddy_m07_r00_confined_T50,892,0.0
paddy_m07_r00_confined_T50,893,0.0
paddy_m07_r00_confined_T50,894,0.0
paddy_m07_r00_confined_T50,895,0.0
paddy_m07_r00_confined_T50,896,0.0
paddy_m07_r00_confined_T50,897,0.0
paddy_m07_r00_confined_T50,898,0.0
paddy_m07_r00_confined_T50,899,0.0
paddy_m07_r00_confined_T50,900,0.0
paddy_m07_r00_confined_T50,901,0.0
paddy_m07_r00_confined_T50,902,0.0
paddy_m07_r00_confined_T50,903,0.0
paddy_m07_r00_confined_T50,904,0.0
paddy_m07_r00_confined_T50,905,0.0
paddy_m07_r00_confined_T50,906,0.0
paddy_m07_r00_confined_T50,907,0.0
paddy_m07_r00_confined_T50,908,0.0
paddy_m07_r00_confined_T50,909,0.0
paddy_m07_r00_confined_T50,910,0.0
paddy_m07_r00_confined_T50,911,0.0
paddy_m07_r00_confined_T50,912,0.0
paddy_m07_r00_confined_T50,913,0.0
paddy_m07_r00_confined_T50,914,0.0
paddy_m07_r00_confined_T50,915,0.0
paddy_m07_r00_confined_T50,916,0.0
paddy_m07_r00_confined_T50,917,0.0
paddy_m07_r00_confined_T50,918,0.0
paddy_m07_r00_confined_T50,919,0.0
paddy_m07_r00_confined_T50,920,0.0
paddy_m07_r00_confined_T50,921,0.0
paddy_m07_r00_confined_T50,922,0.0
paddy_m07_r00_confined_T50,923,0.0
paddy_m07_r00_confined_T50,924,0.0
paddy_m07_r00_confined_T50,925,0.0
paddy_m07_r00_confined_T50,926,0.0
paddy_m07_r00_confined_T50,927,0.0
paddy_m07_r00_confined_T50,928,0.0
paddy_m07_r00_confined_T50,929,0.0
paddy_m07_r00_confined_T50,930,0.0
paddy_m07_r00_confined_T50,931,0.0
paddy_m07_r00_confined_T50,932,0.0
paddy_m07_r00_confined_T50,933,0.0
paddy_m07_r00_confined_T50,934,0.0
paddy_m07_r00_confined_T50,935,0.0
paddy_m07_r00_confined_T50,936,0.0
paddy_m07_r00_confined_T50,937,0.0
paddy_m07_r00_confined_T50,938,0.0
paddy_m07_r00_confined_T50,939,0.0
paddy_m07_r00_confined_T50,940,0.0
paddy_m07_r00_confined_T50,941,0.0
paddy_m07_r00_confined_T50,942,0.0
paddy_m07_r00_confined_T50,943,0.0
paddy_m07_r00_confined_T50,944,0.0
paddy_m07_r00_confined_T50,945,0.0
paddy_m07_r00_confined_T50,946,0.0
paddy_m07_r00_confined_T50,947,0.0
paddy_m07_r00_confined_T50,948,0.0
paddy_m07_r00_confined_T50,949,0.0
paddy_m07_r00_confined_T50,950,0.0
paddy_m07_r00_confined_T50,951,0.0
paddy_m07_r00_confined_T50,952,0.0
paddy_m07_r00_confined_T50,953,0.0
paddy_m07_r00_confined_T50,954,0.0
paddy_m07_r00_confined_T50,955,0.0
paddy_m07_r00_confined_T50,956,0.0
paddy_m07_r00_confined_T50,957,0.0
paddy_m07_r00_confined_T50,958,0.0
paddy_m07_r00_confined_T50,959,0.0
paddy_m07_r00_confined_T50,960,0.0
paddy_m07_r00_confined_T50,961,0.0
paddy_m07_r00_confined_T50,962,0.0
paddy_m07_r00_confined_T50,963,100.0
paddy_m07_r00_confined_T50,964,100.0
paddy_m07_r00_confined_T50,965,100.0
paddy_m07_r00_confined_T50,966,100.0
paddy_m07_r00_confined_T50,967,0.0
paddy_m07_r00_confined_T50,968,0.0
paddy_m07_r00_confined_T50,969,100.0
paddy_m07_r00_confined_T50,970,100.0
paddy_m07_r00_confined_T50,971,100.0
paddy_m07_r00_confined_T50,972,0.0
paddy_m07_r00_confined_T50,973,100.0
paddy_m07_r00_confined_T50,974,100.0
paddy_m07_r00_confined_T50,975,100.0
paddy_m07_r00_confined_T50,976,100.0
paddy_m07_r00_confined_T50,977,100.0
paddy_m07_r00_confined_T50,978,100.0
paddy_m07_r00_confined_T50,979,0.0
paddy_m07_r00_confined_T50,980,0.0
paddy_m07_r00_confined_T50,981,0.0
paddy_m07_r00_confined_T50,982,100.0
paddy_m07_r00_confined_T50,983,100.0
paddy_m07_r00_confined_T50,984,0.0
paddy_m07_r00_confined_T50,985,0.0
paddy_m07_r00_confined_T50,986,0.0
paddy_m07_r00_confined_T50,987,0.0
paddy_m07_r00_confined_T50,988,100.0
paddy_m07_r00_confined_T50,989,100.0
paddy_m07_r00_confined_T50,990,100.0
paddy_m07_r00_confined_T50,991,100.0
paddy_m07_r00_confined_T50,992,100.0
paddy_m07_r00_confined_T50,993,100.0
paddy_m07_r00_confined_T50,994,100.0
paddy_m07_r00_confined_T50,995,100.0
paddy_m07_r00_confined_T50,996,100.0
paddy_m07_r00_confined_T50,997,100.0
paddy_m07_r00_confined_T50,998,100.0
paddy_m07_r00_confined_T50,999,100.0
paddy_m07_r00_confined_T50,1000,100.0
paddy_m07_r00_confined_T50,1001,100.0
paddy_m07_r00_confined_T50,1002,100.0
paddy_m07_r00_confined_T50,1003,100.0
paddy_m07_r00_confined_T50,1004,100.0
paddy_m07_r00_confined_T50,1005,0.0
paddy_m07_r00_confined_T50,1006,100.0
paddy_m07_r00_confined_T50,1007,100.0
paddy_m07_r00_confined_T50,1008,0.0
paddy_m07_r00_confined_T50,1009,100.0
paddy_m07_r00_confined_T50,1010,100.0
paddy_m07_r00_confined_T50,1011,100.0
paddy_m07_r00_confined_T50,1012,0.0
paddy_m07_r00_confined_T50,1013,0.0
paddy_m07_r00_confined_T50,1014,100.0
paddy_m07_r00_confined_T50,1015,100.0
paddy_m07_r00_confined_T50,1016,100.0
paddy_m07_r00_confined_T50,1017,100.0
paddy_m07_r00_confined_T50,1018,0.0
paddy_m07_r00_confined_T50,1019,0.0
paddy_m07_r00_confined_T50,1020,0.0
paddy_m07_r00_confined_T50,1021,100.0
paddy_m07_r00_confined_T50,1022,100.0
paddy_m07_r00_confined_T50,1023,100.0
water_curtain_m01_r00_confined_T50,0,60.416666666666664
water_curtain_m01_r00_confined_T50,1,60.416666666666664
water_curtain_m01_r00_confined_T50,2,60.416666666666664
water_curtain_m01_r00_confined_T50,3,60.416666666666664
water_curtain_m01_r00_confined_T50,4,60.416666666666664
water_curtain_m01_r00_confined_T50,5,60.416666666666664
water_curtain_m01_r00_confined_T50,6,60.416666666666664
water_curtain_m01_r00_confined_T50,7,60.416666666666664
water_curtain_m01_r00_confined_T50,8,60.416666666666664
water_curtain_m01_r00_confined_T50,9,60.416666666666664
water_curtain_m01_r00_confined_T50,10,60.416666666666664
water_curtain_m01_r00_confined_T50,11,60.416666666666664
water_curtain_m01_r00_confined_T50,12,60.416666666666664
water_curtain_m01_r00_confined_T50,13,60.416666666666664
water_curtain_m01_r00_confined_T50,14,60.416666666666664
water_curtain_m01_r00_confined_T50,15,60.416666666666664
water_curtain_m01_r00_confined_T50,16,60.416666666666664
water_curtain_m01_r00_confined_T50,17,60.416666666666664
water_curtain_m01_r00_confined_T50,18,0.0
water_curtain_m01_r00_confined_T50,19,0.0
water_curtain_m01_r00_confined_T50,20,0.0
water_curtain_m01_r00_confined_T50,21,0.0
water_curtain_m01_r00_confined_T50,22,0.0
water_curtain_m01_r00_confined_T50,23,0.0
water_curtain_m01_r00_confined_T50,24,0.0
water_curtain_m01_r00_confined_T50,25,0.0
water_curtain_m01_r00_confined_T50,26,0.0
water_curtain_m01_r00_confined_T50,27,0.0
water_curtain_m01_r00_confined_T50,28,0.0
water_curtain_m01_r00_confined_T50,29,0.0
water_curtain_m01_r00_confined_T50,30,0.0
water_curtain_m01_r00_confined_T50,31,0.0
water_curtain_m01_r00_confined_T50,32,0.0
water_curtain_m01_r00_confined_T50,33,0.0
water_curtain_m01_r00_confined_T50,34,0.0
water_curtain_m01_r00_confined_T50,35,0.0
water_curtain_m01_r00_confined_T50,36,0.0
water_curtain_m01_r00_confined_T50,37,0.0
water_curtain_m01_r00_confined_T50,38,0.0
water_curtain_m01_r00_confined_T50,39,0.0
water_curtain_m01_r00_confined_T50,40,0.0
water_curtain_m01_r00_confined_T50,41,0.0
water_curtain_m01_r00_confined_T50,42,0.0
water_curtain_m01_r00_confined_T50,43,0.0
water_curtain_m01_r00_confined_T50,44,0.0
water_curtain_m01_r00_confined_T50,45,0.0
water_curtain_m01_r00_confined_T50,46,0.0
water_curtain_m01_r00_confined_T50,47,0.0
water_curtain_m01_r00_confined_T50,48,0.0
water_curtain_m01_r00_confined_T50,49,0.0
water_curtain_m01_r00_confined_T50,50,0.0
water_curtain_m01_r00_confined_T50,51,0.0
water_curtain_m01_r00_confined_T50,52,0.0
water_curtain_m01_r00_confined_T50,53,0.0
water_curtain_m01_r00_confined_T50,54,0.0
water_curtain_m01_r00_confined_T50,55,0.0
water_curtain_m01_r00_confined_T50,56,0.0
water_curtain_m01_r00_confined_T50,57,0.0
water_curtain_m01_r00_confined_T50,58,0.0
water_curtain_m01_r00_confined_T50,59,0.0
water_curtain_m01_r00_confined_T50,60,0.0
water_curtain_m01_r00_confined_T50,61,0.0
water_curtain_m01_r00_confined_T50,62,0.0
water_curtain_m01_r00_confined_T50,63,0.0
water_curtain_m01_r00_confined_T50,64,0.0
water_curtain_m01_r00_confined_T50,65,0.0
water_curtain_m01_r00_confined_T50,66,0.0
water_curtain_m01_r00_confined_T50,67,0.0
water_curtain_m01_r00_confined_T50,68,0.0
water_curtain_m01_r00_confined_T50,69,0.0
water_curtain_m01_r00_confined_T50,70,0.0
water_curtain_m01_r00_confined_T50,71,0.0
water_curtain_m01_r00_confined_T50,72,0.0
water_curtain_m01_r00_confined_T50,73,0.0
water_curtain_m01_r00_confined_T50,74,0.0
water_curtain_m01_r00_confined_T50,75,0.0
water_curtain_m01_r00_confined_T50,76,0.0
water_curtain_m01_r00_confined_T50,77,0.0
water_curtain_m01_r00_confined_T50,78,0.0
water_curtain_m01_r00_confined_T50,79,0.0
water_curtain_m01_r00_confined_T50,80,0.0
water_curtain_m01_r00_confined_T50,81,0.0
water_curtain_m01_r00_confined_T50,82,0.0
water_curtain_m01_r00_confined_T50,83,0.0
water_curtain_m01_r00_confined_T50,84,0.0
water_curtain_m01_r00_confined_T50,85,0.0
water_curtain_m01_r00_confined_T50,86,0.0
water_curtain_m01_r00_confined_T50,87,0.0
water_curtain_m01_r00_confined_T50,88,0.0
water_curtain_m01_r00_confined_T50,89,0.0
water_curtain_m01_r00_confined_T50,90,0.0
water_curtain_m01_r00_confined_T50,91,0.0
water_curtain_m01_r00_confined_T50,92,0.0
water_curtain_m01_r00_confined_T50,93,0.0
water_curtain_m01_r00_confined_T50,94,0.0
water_curtain_m01_r00_confined_T50,95,0.0
water_curtain_m01_r00_confined_T50,96,0.0
water_curtain_m01_r00_confined_T50,97,0.0
water_curtain_m01_r00_confined_T50,98,0.0
water_curtain_m01_r00_confined_T50,99,0.0
water_curtain_m01_r00_confined_T50,100,0.0
water_curtain_m01_r00_confined_T50,101,0.0
water_curtain_m01_r00_confined_T50,102,0.0
water_curtain_m01_r00_confined_T50,103,0.0
water_curtain_m01_r00_confined_T50,104,0.0
water_curtain_m01_r00_confined_T50,105,0.0
water_curtain_m01_r00_confined_T50,106,0.0
water_curtain_m01_r00_confined_T50,107,0.0
water_curtain_m01_r00_confined_T50,108,0.0
water_curtain_m01_r00_confined_T50,109,0.0
water_curtain_m01_r00_confined_T50,110,0.0
water_curtain_m01_r00_confined_T50,111,0.0
water_curtain_m01_r00_confined_T50,112,0.0
water_curtain_m01_r00_confined_T50,113,0.0
water_curtain_m01_r00_confined_T50,114,0.0
water_curtain_m01_r00_confined_T50,115,0.0
water_curtain_m01_r00_confined_T50,116,0.0
water_curtain_m01_r00_confined_T50,117,0.0
water_curtain_m01_r00_confined_T50,118,0.0
water_curtain_m01_r00_confined_T50,119,0.0
water_curtain_m01_r00_confined_T50,120,0.0
water_curtain_m01_r00_confined_T50,121,0.0
water_curtain_m01_r00_confined_T50,122,0.0
water_curtain_m01_r00_confined_T50,123,0.0
water_curtain_m01_r00_confined_T50,124,0.0
water_curtain_m01_r00_confined_T50,125,0.0
water_curtain_m01_r00_confined_T50,126,0.0
water_curtain_m01_r00_confined_T50,127,0.0
water_curtain_m01_r00_confined_T50,128,0.0
water_curtain_m01_r00_confined_T50,129,0.0
water_curtain_m01_r00_confined_T50,130,0.0
water_curtain_m01_r00_confined_T50,131,0.0
water_curtain_m01_r00_confined_T50,132,0.0
water_curtain_m01_r00_confined_T50,133,0.0
water_curtain_m01_r00_confined_T50,134,0.0
water_curtain_m01_r00_confined_T50,135,0.0
water_curtain_m01_r00_confined_T50,136,0.0
water_curtain_m01_r00_confined_T50,137,0.0
water_curtain_m01_r00_confined_T50,138,0.0
water_curtain_m01_r00_confined_T50,139,0.0
water_curtain_m01_r00_confined_T50,140,0.0
water_curtain_m01_r00_confined_T50,141,0.0
water_curtain_m01_r00_confined_T50,142,0.0
water_curtain_m01_r00_confined_T50,143,0.0
water_curtain_m01_r00_confined_T50,144,0.0
water_curtain_m01_r00_confined_T50,145,0.0
water_curtain_m01_r00_confined_T50,146,0.0
water_curtain_m01_r00_confined_T50,147,0.0
water_curtain_m01_r00_confined_T50,148,0.0
water_curtain_m01_r00_confined_T50,149,0.0
water_curtain_m01_r00_confined_T50,150,0.0
water_curtain_m01_r00_confined_T50,151,0.0
water_curtain_m01_r00_confined_T50,152,0.0
water_curtain_m01_r00_confined_T50,153,0.0
water_curtain_m01_r00_confined_T50,154,0.0
water_curtain_m01_r00_confined_T50,155,0.0
water_curtain_m01_r00_confined_T50,156,0.0
water_curtain_m01_r00_confined_T50,157,0.0
water_curtain_m01_r00_confined_T50,158,0.0
water_curtain_m01_r00_confined_T50,159,0.0
water_curtain_m01_r00_confined_T50,160,0.0
water_curtain_m01_r00_confined_T50,161,0.0
water_curtain_m01_r00_confined_T50,162,0.0
water_curtain_m01_r00_confined_T50,163,0.0
water_curtain_m01_r00_confined_T50,164,0.0
water_curtain_m01_r00_confined_T50,165,0.0
water_curtain_m01_r00_confined_T50,166,0.0
water_curtain_m01_r00_confined_T50,167,0.0
water_curtain_m01_r00_confined_T50,168,0.0
water_curtain_m01_r00_confined_T50,169,0.0
water_curtain_m01_r00_confined_T50,170,0.0
water_curtain_m01_r00_confined_T50,171,0.0
water_curtain_m01_r00_confined_T50,172,0.0
water_curtain_m01_r00_confined_T50,173,0.0
water_curtain_m01_r00_confined_T50,174,0.0
water_curtain_m01_r00_confined_T50,175,0.0
water_curtain_m01_r00_confined_T50,176,0.0
water_curtain_m01_r00_confined_T50,177,0.0
water_curtain_m01_r00_confined_T50,178,0.0
water_curtain_m01_r00_confined_T50,179,0.0
water_curtain_m01_r00_confined_T50,180,0.0
water_curtain_m01_r00_confined_T50,181,0.0
water_curtain_m01_r00_confined_T50,182,0.0
water_curtain_m01_r00_confined_T50,183,0.0
water_curtain_m01_r00_confined_T50,184,0.0
water_curtain_m01_r00_confined_T50,185,0.0
water_curtain_m01_r00_confined_T50,186,0.0
water_curtain_m01_r00_confined_T50,187,0.0
water_curtain_m01_r00_confined_T50,188,0.0
water_curtain_m01_r00_confined_T50,189,0.0
water_curtain_m01_r00_confined_T50,190,0.0
water_curtain_m01_r00_confined_T50,191,0.0
water_curtain_m01_r00_confined_T50,192,0.0
water_curtain_m01_r00_confined_T50,193,0.0
water_curtain_m01_r00_confined_T50,194,0.0
water_curtain_m01_r00_confined_T50,195,0.0
water_curtain_m01_r00_confined_T50,196,0.0
water_curtain_m01_r00_confined_T50,197,0.0
water_curtain_m01_r00_confined_T50,198,0.0
water_curtain_m01_r00_confined_T50,199,0.0
water_curtain_m01_r00_confined_T50,200,0.0
water_curtain_m01_r00_confined_T50,201,0.0
water_curtain_m01_r00_confined_T50,202,0.0
water_curtain_m01_r00_confined_T50,203,0.0
water_curtain_m01_r00_confined_T50,204,0.0
water_curtain_m01_r00_confined_T50,205,0.0
water_curtain_m01_r00_confined_T50,206,0.0
water_curtain_m01_r00_confined_T50,207,0.0
water_curtain_m01_r00_confined_T50,208,0.0
water_curtain_m01_r00_confined_T50,209,0.0
water_curtain_m01_r00_confined_T50,210,0.0
water_curtain_m01_r00_confined_T50,211,0.0
water_curtain_m01_r00_confined_T50,212,0.0
water_curtain_m01_r00_confined_T50,213,0.0
water_curtain_m01_r00_confined_T50,214,0.0
water_curtain_m01_r00_confined_T50,215,0.0
water_curtain_m01_r00_confined_T50,216,0.0
water_curtain_m01_r00_confined_T50,217,0.0
water_curtain_m01_r00_confined_T50,218,0.0
water_curtain_m01_r00_confined_T50,219,0.0
water_curtain_m01_r00_confined_T50,220,0.0
water_curtain_m01_r00_confined_T50,221,0.0
water_curtain_m01_r00_confined_T50,222,0.0
water_curtain_m01_r00_confined_T50,223,0.0
water_curtain_m01_r00_confined_T50,224,0.0
water_curtain_m01_r00_confined_T50,225,0.0
water_curtain_m01_r00_confined_T50,226,0.0
water_curtain_m01_r00_confined_T50,227,0.0
water_curtain_m01_r00_confined_T50,228,0.0
water_curtain_m01_r00_confined_T50,229,0.0
water_curtain_m01_r00_confined_T50,230,0.0
water_curtain_m01_r00_confined_T50,231,0.0
water_curtain_m01_r00_confined_T50,232,60.416666666666664
water_curtain_m01_r00_confined_T50,233,60.416666666666664
water_curtain_m01_r00_confined_T50,234,60.416666666666664
water_curtain_m01_r00_confined_T50,235,60.416666666666664
water_curtain_m01_r00_confined_T50,236,60.416666666666664
water_curtain_m01_r00_confined_T50,237,60.416666666666664
water_curtain_m01_r00_confined_T50,238,60.416666666666664
water_curtain_m01_r00_confined_T50,239,60.416666666666664
water_curtain_m01_r00_confined_T50,240,60.416666666666664
water_curtain_m01_r00_confined_T50,241,60.416666666666664
water_curtain_m01_r00_confined_T50,242,60.416666666666664
water_curtain_m01_r00_confined_T50,243,60.416666666666664
water_curtain_m01_r00_confined_T50,244,60.416666666666664
water_curtain_m01_r00_confined_T50,245,60.416666666666664
water_curtain_m01_r00_confined_T50,246,60.416666666666664
water_curtain_m01_r00_confined_T50,247,60.416666666666664
water_curtain_m01_r00_confined_T50,248,0.0
water_curtain_m01_r00_confined_T50,249,60.416666666666664
water_curtain_m01_r00_confined_T50,250,0.0
water_curtain_m01_r00_confined_T50,251,60.416666666666664
water_curtain_m01_r00_confined_T50,252,60.416666666666664
water_curtain_m01_r00_confined_T50,253,0.0
water_curtain_m01_r00_confined_T50,254,60.416666666666664
water_curtain_m01_r00_confined_T50,255,60.416666666666664
water_curtain_m01_r00_confined_T50,256,60.416666666666664
water_curtain_m01_r00_confined_T50,257,60.416666666666664
water_curtain_m01_r00_confined_T50,258,60.416666666666664
water_curtain_m01_r00_confined_T50,259,60.416666666666664
water_curtain_m01_r00_confined_T50,260,60.416666666666664
water_curtain_m01_r00_confined_T50,261,60.416666666666664
water_curtain_m01_r00_confined_T50,262,60.416666666666664
water_curtain_m01_r00_confined_T50,263,60.416666666666664
water_curtain_m01_r00_confined_T50,264,60.416666666666664
water_curtain_m01_r00_confined_T50,265,60.416666666666664
water_curtain_m01_r00_confined_T50,266,60.416666666666664
water_curtain_m01_r00_confined_T50,267,60.416666666666664
water_curtain_m01_r00_confined_T50,268,60.416666666666664
water_curtain_m01_r00_confined_T50,269,60.416666666666664
water_curtain_m01_r00_confined_T50,270,60.416666666666664
water_curtain_m01_r00_confined_T50,271,60.416666666666664
water_curtain_m01_r00_confined_T50,272,60.416666666666664
water_curtain_m01_r00_confined_T50,273,60.416666666666664
water_curtain_m01_r00_confined_T50,274,60.416666666666664
water_curtain_m01_r00_confined_T50,275,60.416666666666664
water_curtain_m01_r00_confined_T50,276,60.416666666666664
water_curtain_m01_r00_confined_T50,277,60.416666666666664
water_curtain_m01_r00_confined_T50,278,60.416666666666664
water_curtain_m01_r00_confined_T50,279,60.416666666666664
water_curtain_m01_r00_confined_T50,280,60.416666666666664
water_curtain_m01_r00_confined_T50,281,60.416666666666664
water_curtain_m01_r00_confined_T50,282,60.416666666666664
water_curtain_m01_r00_confined_T50,283,0.0
water_curtain_m01_r00_confined_T50,284,60.416666666666664
water_curtain_m01_r00_confined_T50,285,60.416666666666664
water_curtain_m01_r00_confined_T50,286,60.416666666666664
water_curtain_m01_r00_confined_T50,287,60.416666666666664
water_curtain_m01_r00_confined_T50,288,60.416666666666664
water_curtain_m01_r00_confined_T50,289,60.416666666666664
water_curtain_m01_r00_confined_T50,290,60.416666666666664
water_curtain_m01_r00_confined_T50,291,0.0
water_curtain_m01_r00_confined_T50,292,60.416666666666664
water_curtain_m01_r00_confined_T50,293,60.416666666666664
water_curtain_m01_r00_confined_T50,294,60.416666666666664
water_curtain_m01_r00_confined_T50,295,60.416666666666664
water_curtain_m01_r00_confined_T50,296,60.416666666666664
water_curtain_m01_r00_confined_T50,297,60.416666666666664
water_curtain_m01_r00_confined_T50,298,60.416666666666664
water_curtain_m01_r00_confined_T50,299,60.416666666666664
water_curtain_m01_r00_confined_T50,300,60.416666666666664
water_curtain_m01_r00_confined_T50,301,60.416666666666664
water_curtain_m01_r00_confined_T50,302,60.416666666666664
water_curtain_m01_r00_confined_T50,303,60.416666666666664
water_curtain_m01_r00_confined_T50,304,60.416666666666664
water_curtain_m01_r00_confined_T50,305,60.416666666666664
water_curtain_m01_r00_confined_T50,306,60.416666666666664
water_curtain_m01_r00_confined_T50,307,60.416666666666664
water_curtain_m01_r00_confined_T50,308,60.416666666666664
water_curtain_m01_r00_confined_T50,309,0.0
water_curtain_m01_r00_confined_T50,310,60.416666666666664
water_curtain_m01_r00_confined_T50,311,0.0
water_curtain_m01_r00_confined_T50,312,60.416666666666664
water_curtain_m01_r00_confined_T50,313,60.416666666666664
water_curtain_m01_r00_confined_T50,314,60.416666666666664
water_curtain_m01_r00_confined_T50,315,60.416666666666664
water_curtain_m01_r00_confined_T50,316,0.0
water_curtain_m01_r00_confined_T50,317,0.0
water_curtain_m01_r00_confined_T50,318,60.416666666666664
water_curtain_m01_r00_confined_T50,319,60.416666666666664
water_curtain_m01_r00_confined_T50,320,60.416666666666664
water_curtain_m01_r00_confined_T50,321,60.416666666666664
water_curtain_m01_r00_confined_T50,322,60.416666666666664
water_curtain_m01_r00_confined_T50,323,60.416666666666664
water_curtain_m01_r00_confined_T50,324,60.416666666666664
water_curtain_m01_r00_confined_T50,325,60.416666666666664
water_curtain_m01_r00_confined_T50,326,60.416666666666664
water_curtain_m01_r00_confined_T50,327,60.416666666666664
water_curtain_m01_r00_confined_T50,328,60.416666666666664
water_curtain_m01_r00_confined_T50,329,60.416666666666664
water_curtain_m01_r00_confined_T50,330,60.416666666666664
water_curtain_m01_r00_confined_T50,331,60.416666666666664
water_curtain_m01_r00_confined_T50,332,0.0
water_curtain_m01_r00_confined_T50,333,60.416666666666664
water_curtain_m01_r00_confined_T50,334,60.416666666666664
water_curtain_m01_r00_confined_T50,335,60.416666666666664
water_curtain_m01_r00_confined_T50,336,60.416666666666664
water_curtain_m01_r00_confined_T50,337,60.416666666666664
water_curtain_m01_r00_confined_T50,338,0.0
water_curtain_m01_r00_confined_T50,339,60.416666666666664
water_curtain_m01_r00_confined_T50,340,60.416666666666664
water_curtain_m01_r00_confined_T50,341,60.416666666666664
water_curtain_m01_r00_confined_T50,342,60.416666666666664
water_curtain_m01_r00_confined_T50,343,0.0
water_curtain_m01_r00_confined_T50,344,60.416666666666664
water_curtain_m01_r00_confined_T50,345,60.416666666666664
water_curtain_m01_r00_confined_T50,346,60.416666666666664
water_curtain_m01_r00_confined_T50,347,60.416666666666664
water_curtain_m01_r00_confined_T50,348,60.416666666666664
water_curtain_m01_r00_confined_T50,349,0.0
water_curtain_m01_r00_confined_T50,350,0.0
water_curtain_m01_r00_confined_T50,351,60.416666666666664
water_curtain_m01_r00_confined_T50,352,0.0
water_curtain_m01_r00_confined_T50,353,60.416666666666664
water_curtain_m01_r00_confined_T50,354,60.416666666666664
water_curtain_m01_r00_confined_T50,355,60.416666666666664
water_curtain_m01_r00_confined_T50,356,60.416666666666664
water_curtain_m01_r00_confined_T50,357,60.416666666666664
water_curtain_m01_r00_confined_T50,358,60.416666666666664
water_curtain_m01_r00_confined_T50,359,60.416666666666664
water_curtain_m01_r00_confined_T50,360,60.416666666666664
water_curtain_m01_r00_confined_T50,361,60.416666666666664
water_curtain_m01_r00_confined_T50,362,0.0
water_curtain_m01_r00_confined_T50,363,0.0
water_curtain_m01_r00_confined_T50,364,60.416666666666664
water_curtain_m01_r00_confined_T50,365,60.416666666666664
water_curtain_m01_r00_confined_T50,366,0.0
water_curtain_m01_r00_confined_T50,367,60.416666666666664
water_curtain_m01_r00_confined_T50,368,0.0
water_curtain_m01_r00_confined_T50,369,60.416666666666664
water_curtain_m01_r00_confined_T50,370,60.416666666666664
water_curtain_m01_r00_confined_T50,371,60.416666666666664
water_curtain_m01_r00_confined_T50,372,60.416666666666664
water_curtain_m01_r00_confined_T50,373,60.416666666666664
water_curtain_m01_r00_confined_T50,374,0.0
water_curtain_m01_r00_confined_T50,375,60.416666666666664
water_curtain_m01_r00_confined_T50,376,60.416666666666664
water_curtain_m01_r00_confined_T50,377,60.416666666666664
water_curtain_m01_r00_confined_T50,378,60.416666666666664
water_curtain_m01_r00_confined_T50,379,60.416666666666664
water_curtain_m01_r00_confined_T50,380,60.416666666666664
water_curtain_m01_r00_confined_T50,381,60.416666666666664
water_curtain_m01_r00_confined_T50,382,60.416666666666664
water_curtain_m01_r00_confined_T50,383,60.416666666666664
water_curtain_m01_r00_confined_T50,384,0.0
water_curtain_m01_r00_confined_T50,385,0.0
water_curtain_m01_r00_confined_T50,386,0.0
water_curtain_m01_r00_confined_T50,387,0.0
water_curtain_m01_r00_confined_T50,388,0.0
water_curtain_m01_r00_confined_T50,389,0.0
water_curtain_m01_r00_confined_T50,390,0.0
water_curtain_m01_r00_confined_T50,391,0.0
water_curtain_m01_r00_confined_T50,392,0.0
water_curtain_m01_r00_confined_T50,393,0.0
water_curtain_m01_r00_confined_T50,394,0.0
water_curtain_m01_r00_confined_T50,395,0.0
water_curtain_m01_r00_confined_T50,396,0.0
water_curtain_m01_r00_confined_T50,397,0.0
water_curtain_m01_r00_confined_T50,398,0.0
water_curtain_m01_r00_confined_T50,399,0.0
water_curtain_m01_r00_confined_T50,400,0.0
water_curtain_m01_r00_confined_T50,401,0.0
water_curtain_m01_r00_confined_T50,402,0.0
water_curtain_m01_r00_confined_T50,403,0.0
water_curtain_m01_r00_confined_T50,404,0.0
water_curtain_m01_r00_confined_T50,405,0.0
water_curtain_m01_r00_confined_T50,406,0.0
water_curtain_m01_r00_confined_T50,407,0.0
water_curtain_m01_r00_confined_T50,408,0.0
water_curtain_m01_r00_confined_T50,409,0.0
water_curtain_m01_r00_confined_T50,410,0.0
water_curtain_m01_r00_confined_T50,411,0.0
water_curtain_m01_r00_confined_T50,412,0.0
water_curtain_m01_r00_confined_T50,413,0.0
water_curtain_m01_r00_confined_T50,414,0.0
water_curtain_m01_r00_confined_T50,415,0.0
water_curtain_m01_r00_confined_T50,416,0.0
water_curtain_m01_r00_confined_T50,417,0.0
water_curtain_m01_r00_confined_T50,418,0.0
water_curtain_m01_r00_confined_T50,419,0.0
water_curtain_m01_r00_confined_T50,420,0.0
water_curtain_m01_r00_confined_T50,421,0.0
water_curtain_m01_r00_confined_T50,422,0.0
water_curtain_m01_r00_confined_T50,423,0.0
water_curtain_m01_r00_confined_T50,424,0.0
water_curtain_m01_r00_confined_T50,425,0.0
water_curtain_m01_r00_confined_T50,426,0.0
water_curtain_m01_r00_confined_T50,427,0.0
water_curtain_m01_r00_confined_T50,428,0.0
water_curtain_m01_r00_confined_T50,429,0.0
water_curtain_m01_r00_confined_T50,430,0.0
water_curtain_m01_r00_confined_T50,431,0.0
water_curtain_m01_r00_confined_T50,432,0.0
water_curtain_m01_r00_confined_T50,433,0.0
water_curtain_m01_r00_confined_T50,434,0.0
water_curtain_m01_r00_confined_T50,435,0.0
water_curtain_m01_r00_confined_T50,436,0.0
water_curtain_m01_r00_confined_T50,437,0.0
water_curtain_m01_r00_confined_T50,438,0.0
water_curtain_m01_r00_confined_T50,439,0.0
water_curtain_m01_r00_confined_T50,440,0.0
water_curtain_m01_r00_confined_T50,441,0.0
water_curtain_m01_r00_confined_T50,442,0.0
water_curtain_m01_r00_confined_T50,443,0.0
water_curtain_m01_r00_confined_T50,444,0.0
water_curtain_m01_r00_confined_T50,445,0.0
water_curtain_m01_r00_confined_T50,446,0.0
water_curtain_m01_r00_confined_T50,447,0.0
water_curtain_m01_r00_confined_T50,448,0.0
water_curtain_m01_r00_confined_T50,449,0.0
water_curtain_m01_r00_confined_T50,450,0.0
water_curtain_m01_r00_confined_T50,451,0.0
water_curtain_m01_r00_confined_T50,452,0.0
water_curtain_m01_r00_confined_T50,453,0.0
water_curtain_m01_r00_confined_T50,454,0.0
water_curtain_m01_r00_confined_T50,455,0.0
water_curtain_m01_r00_confined_T50,456,0.0
water_curtain_m01_r00_confined_T50,457,0.0
water_curtain_m01_r00_confined_T50,458,0.0
water_curtain_m01_r00_confined_T50,459,0.0
water_curtain_m01_r00_confined_T50,460,0.0
water_curtain_m01_r00_confined_T50,461,0.0
water_curtain_m01_r00_confined_T50,462,0.0
water_curtain_m01_r00_confined_T50,463,0.0
water_curtain_m01_r00_confined_T50,464,0.0
water_curtain_m01_r00_confined_T50,465,0.0
water_curtain_m01_r00_confined_T50,466,0.0
water_curtain_m01_r00_confined_T50,467,0.0
water_curtain_m01_r00_confined_T50,468,0.0
water_curtain_m01_r00_confined_T50,469,0.0
water_curtain_m01_r00_confined_T50,470,0.0
water_curtain_m01_r00_confined_T50,471,0.0
water_curtain_m01_r00_confined_T50,472,0.0
water_curtain_m01_r00_confined_T50,473,0.0
water_curtain_m01_r00_confined_T50,474,0.0
water_curtain_m01_r00_confined_T50,475,0.0
water_curtain_m01_r00_confined_T50,476,0.0
water_curtain_m01_r00_confined_T50,477,0.0
water_curtain_m01_r00_confined_T50,478,0.0
water_curtain_m01_r00_confined_T50,479,0.0
water_curtain_m01_r00_confined_T50,480,0.0
water_curtain_m01_r00_confined_T50,481,0.0
water_curtain_m01_r00_confined_T50,482,0.0
water_curtain_m01_r00_confined_T50,483,0.0
water_curtain_m01_r00_confined_T50,484,0.0
water_curtain_m01_r00_confined_T50,485,0.0
water_curtain_m01_r00_confined_T50,486,0.0
water_curtain_m01_r00_confined_T50,487,0.0
water_curtain_m01_r00_confined_T50,488,0.0
water_curtain_m01_r00_confined_T50,489,0.0
water_curtain_m01_r00_confined_T50,490,0.0
water_curtain_m01_r00_confined_T50,491,0.0
water_curtain_m01_r00_confined_T50,492,0.0
water_curtain_m01_r00_confined_T50,493,0.0
water_curtain_m01_r00_confined_T50,494,0.0
water_curtain_m01_r00_confined_T50,495,0.0
water_curtain_m01_r00_confined_T50,496,0.0
water_curtain_m01_r00_confined_T50,497,0.0
water_curtain_m01_r00_confined_T50,498,0.0
water_curtain_m01_r00_confined_T50,499,0.0
water_curtain_m01_r00_confined_T50,500,0.0
water_curtain_m01_r00_confined_T50,501,0.0
water_curtain_m01_r00_confined_T50,502,0.0
water_curtain_m01_r00_confined_T50,503,0.0
water_curtain_m01_r00_confined_T50,504,0.0
water_curtain_m01_r00_confined_T50,505,0.0
water_curtain_m01_r00_confined_T50,506,0.0
water_curtain_m01_r00_confined_T50,507,0.0
water_curtain_m01_r00_confined_T50,508,0.0
water_curtain_m01_r00_confined_T50,509,0.0
water_curtain_m01_r00_confined_T50,510,0.0
water_curtain_m01_r00_confined_T50,511,0.0
water_curtain_m01_r00_confined_T50,512,0.0
water_curtain_m01_r00_confined_T50,513,0.0
water_curtain_m01_r00_confined_T50,514,0.0
water_curtain_m01_r00_confined_T50,515,0.0
water_curtain_m01_r00_confined_T50,516,0.0
water_curtain_m01_r00_confined_T50,517,0.0
water_curtain_m01_r00_confined_T50,518,0.0
water_curtain_m01_r00_confined_T50,519,0.0
water_curtain_m01_r00_confined_T50,520,0.0
water_curtain_m01_r00_confined_T50,521,0.0
water_curtain_m01_r00_confined_T50,522,0.0
water_curtain_m01_r00_confined_T50,523,0.0
water_curtain_m01_r00_confined_T50,524,0.0
water_curtain_m01_r00_confined_T50,525,0.0
water_curtain_m01_r00_confined_T50,526,0.0
water_curtain_m01_r00_confined_T50,527,0.0
water_curtain_m01_r00_confined_T50,528,0.0
water_curtain_m01_r00_confined_T50,529,0.0
water_curtain_m01_r00_confined_T50,530,0.0
water_curtain_m01_r00_confined_T50,531,0.0
water_curtain_m01_r00_confined_T50,532,0.0
water_curtain_m01_r00_confined_T50,533,0.0
water_curtain_m01_r00_confined_T50,534,0.0
water_curtain_m01_r00_confined_T50,535,0.0
water_curtain_m01_r00_confined_T50,536,0.0
water_curtain_m01_r00_confined_T50,537,0.0
water_curtain_m01_r00_confined_T50,538,0.0
water_curtain_m01_r00_confined_T50,539,0.0
water_curtain_m01_r00_confined_T50,540,0.0
water_curtain_m01_r00_confined_T50,541,0.0
water_curtain_m01_r00_confined_T50,542,0.0
water_curtain_m01_r00_confined_T50,543,0.0
water_curtain_m01_r00_confined_T50,544,0.0
water_curtain_m01_r00_confined_T50,545,0.0
water_curtain_m01_r00_confined_T50,546,0.0
water_curtain_m01_r00_confined_T50,547,0.0
water_curtain_m01_r00_confined_T50,548,0.0
water_curtain_m01_r00_confined_T50,549,0.0
water_curtain_m01_r00_confined_T50,550,0.0
water_curtain_m01_r00_confined_T50,551,0.0
water_curtain_m01_r00_confined_T50,552,0.0
water_curtain_m01_r00_confined_T50,553,0.0
water_curtain_m01_r00_confined_T50,554,0.0
water_curtain_m01_r00_confined_T50,555,0.0
water_curtain_m01_r00_confined_T50,556,0.0
water_curtain_m01_r00_confined_T50,557,0.0
water_curtain_m01_r00_confined_T50,558,0.0
water_curtain_m01_r00_confined_T50,559,0.0
water_curtain_m01_r00_confined_T50,560,0.0
water_curtain_m01_r00_confined_T50,561,0.0
water_curtain_m01_r00_confined_T50,562,0.0
water_curtain_m01_r00_confined_T50,563,0.0
water_curtain_m01_r00_confined_T50,564,0.0
water_curtain_m01_r00_confined_T50,565,0.0
water_curtain_m01_r00_confined_T50,566,0.0
water_curtain_m01_r00_confined_T50,567,0.0
water_curtain_m01_r00_confined_T50,568,0.0
water_curtain_m01_r00_confined_T50,569,0.0
water_curtain_m01_r00_confined_T50,570,0.0
water_curtain_m01_r00_confined_T50,571,0.0
water_curtain_m01_r00_confined_T50,572,0.0
water_curtain_m01_r00_confined_T50,573,0.0
water_curtain_m01_r00_confined_T50,574,0.0
water_curtain_m01_r00_confined_T50,575,0.0
water_curtain_m01_r00_confined_T50,576,0.0
water_curtain_m01_r00_confined_T50,577,0.0
water_curtain_m01_r00_confined_T50,578,0.0
water_curtain_m01_r00_confined_T50,579,0.0
water_curtain_m01_r00_confined_T50,580,0.0
water_curtain_m01_r00_confined_T50,581,0.0
water_curtain_m01_r00_confined_T50,582,0.0
water_curtain_m01_r00_confined_T50,583,0.0
water_curtain_m01_r00_confined_T50,584,0.0
water_curtain_m01_r00_confined_T50,585,0.0
water_curtain_m01_r00_confined_T50,586,0.0
water_curtain_m01_r00_confined_T50,587,0.0
water_curtain_m01_r00_confined_T50,588,0.0
water_curtain_m01_r00_confined_T50,589,0.0
water_curtain_m01_r00_confined_T50,590,0.0
water_curtain_m01_r00_confined_T50,591,0.0
water_curtain_m01_r00_confined_T50,592,0.0
water_curtain_m01_r00_confined_T50,593,0.0
water_curtain_m01_r00_confined_T50,594,0.0
water_curtain_m01_r00_confined_T50,595,0.0
water_curtain_m01_r00_confined_T50,596,0.0
water_curtain_m01_r00_confined_T50,597,0.0
water_curtain_m01_r00_confined_T50,598,60.416666666666664
water_curtain_m01_r00_confined_T50,599,0.0
water_curtain_m01_r00_confined_T50,600,60.416666666666664
water_curtain_m01_r00_confined_T50,601,60.416666666666664
water_curtain_m01_r00_confined_T50,602,60.416666666666664
water_curtain_m01_r00_confined_T50,603,60.416666666666664
water_curtain_m01_r00_confined_T50,604,60.416666666666664
water_curtain_m01_r00_confined_T50,605,60.416666666666664
water_curtain_m01_r00_confined_T50,606,60.416666666666664
water_curtain_m01_r00_confined_T50,607,60.416666666666664
water_curtain_m01_r00_confined_T50,608,60.416666666666664
water_curtain_m01_r00_confined_T50,609,60.416666666666664
water_curtain_m01_r00_confined_T50,610,0.0
water_curtain_m01_r00_confined_T50,611,60.416666666666664
water_curtain_m01_r00_confined_T50,612,60.416666666666664
water_curtain_m01_r00_confined_T50,613,60.416666666666664
water_curtain_m01_r00_confined_T50,614,60.416666666666664
water_curtain_m01_r00_confined_T50,615,60.416666666666664
water_curtain_m01_r00_confined_T50,616,60.416666666666664
water_curtain_m01_r00_confined_T50,617,0.0
water_curtain_m01_r00_confined_T50,618,60.416666666666664
water_curtain_m01_r00_confined_T50,619,60.416666666666664
water_curtain_m01_r00_confined_T50,620,60.416666666666664
water_curtain_m01_r00_confined_T50,621,60.416666666666664
water_curtain_m01_r00_confined_T50,622,60.416666666666664
water_curtain_m01_r00_confined_T50,623,60.416666666666664
water_curtain_m01_r00_confined_T50,624,60.416666666666664
water_curtain_m01_r00_confined_T50,625,60.416666666666664
water_curtain_m01_r00_confined_T50,626,60.416666666666664
water_curtain_m01_r00_confined_T50,627,60.416666666666664
water_curtain_m01_r00_confined_T50,628,60.416666666666664
water_curtain_m01_r00_confined_T50,629,60.416666666666664
water_curtain_m01_r00_confined_T50,630,60.416666666666664
water_curtain_m01_r00_confined_T50,631,60.416666666666664
water_curtain_m01_r00_confined_T50,632,60.416666666666664
water_curtain_m01_r00_confined_T50,633,60.416666666666664
water_curtain_m01_r00_confined_T50,634,60.416666666666664
water_curtain_m01_r00_confined_T50,635,0.0
water_curtain_m01_r00_confined_T50,636,60.416666666666664
water_curtain_m01_r00_confined_T50,637,60.416666666666664
water_curtain_m01_r00_confined_T50,638,60.416666666666664
water_curtain_m01_r00_confined_T50,639,60.416666666666664
water_curtain_m01_r00_confined_T50,640,0.0
water_curtain_m01_r00_confined_T50,641,60.416666666666664
water_curtain_m01_r00_confined_T50,642,60.416666666666664
water_curtain_m01_r00_confined_T50,643,60.416666666666664
water_curtain_m01_r00_confined_T50,644,60.416666666666664
water_curtain_m01_r00_confined_T50,645,60.416666666666664
water_curtain_m01_r00_confined_T50,646,60.416666666666664
water_curtain_m01_r00_confined_T50,647,0.0
water_curtain_m01_r00_confined_T50,648,60.416666666666664
water_curtain_m01_r00_confined_T50,649,60.416666666666664
water_curtain_m01_r00_confined_T50,650,60.416666666666664
water_curtain_m01_r00_confined_T50,651,60.416666666666664
water_curtain_m01_r00_confined_T50,652,60.416666666666664
water_curtain_m01_r00_confined_T50,653,60.416666666666664
water_curtain_m01_r00_confined_T50,654,0.0
water_curtain_m01_r00_confined_T50,655,0.0
water_curtain_m01_r00_confined_T50,656,60.416666666666664
water_curtain_m01_r00_confined_T50,657,60.416666666666664
water_curtain_m01_r00_confined_T50,658,60.416666666666664
water_curtain_m01_r00_confined_T50,659,0.0
water_curtain_m01_r00_confined_T50,660,60.416666666666664
water_curtain_m01_r00_confined_T50,661,60.416666666666664
water_curtain_m01_r00_confined_T50,662,60.416666666666664
water_curtain_m01_r00_confined_T50,663,0.0
water_curtain_m01_r00_confined_T50,664,60.416666666666664
water_curtain_m01_r00_confined_T50,665,60.416666666666664
water_curtain_m01_r00_confined_T50,666,0.0
water_curtain_m01_r00_confined_T50,667,0.0
water_curtain_m01_r00_confined_T50,668,60.416666666666664
water_curtain_m01_r00_confined_T50,669,60.416666666666664
water_curtain_m01_r00_confined_T50,670,60.416666666666664
water_curtain_m01_r00_confined_T50,671,60.416666666666664
water_curtain_m01_r00_confined_T50,672,60.416666666666664
water_curtain_m01_r00_confined_T50,673,60.416666666666664
water_curtain_m01_r00_confined_T50,674,0.0
water_curtain_m01_r00_confined_T50,675,60.416666666666664
water_curtain_m01_r00_confined_T50,676,60.416666666666664
water_curtain_m01_r00_confined_T50,677,60.416666666666664
water_curtain_m01_r00_confined_T50,678,60.416666666666664
water_curtain_m01_r00_confined_T50,679,60.416666666666664
water_curtain_m01_r00_confined_T50,680,60.416666666666664
water_curtain_m01_r00_confined_T50,681,60.416666666666664
water_curtain_m01_r00_confined_T50,682,60.416666666666664
water_curtain_m01_r00_confined_T50,683,60.416666666666664
water_curtain_m01_r00_confined_T50,684,60.416666666666664
water_curtain_m01_r00_confined_T50,685,60.416666666666664
water_curtain_m01_r00_confined_T50,686,60.416666666666664
water_curtain_m01_r00_confined_T50,687,60.416666666666664
water_curtain_m01_r00_confined_T50,688,60.416666666666664
water_curtain_m01_r00_confined_T50,689,60.416666666666664
water_curtain_m01_r00_confined_T50,690,60.416666666666664
water_curtain_m01_r00_confined_T50,691,60.416666666666664
water_curtain_m01_r00_confined_T50,692,60.416666666666664
water_curtain_m01_r00_confined_T50,693,0.0
water_curtain_m01_r00_confined_T50,694,60.416666666666664
water_curtain_m01_r00_confined_T50,695,60.416666666666664
water_curtain_m01_r00_confined_T50,696,60.416666666666664
water_curtain_m01_r00_confined_T50,697,0.0
water_curtain_m01_r00_confined_T50,698,60.416666666666664
water_curtain_m01_r00_confined_T50,699,60.416666666666664
water_curtain_m01_r00_confined_T50,700,60.416666666666664
water_curtain_m01_r00_confined_T50,701,60.416666666666664
water_curtain_m01_r00_confined_T50,702,0.0
water_curtain_m01_r00_confined_T50,703,60.416666666666664
water_curtain_m01_r00_confined_T50,704,60.416666666666664
water_curtain_m01_r00_confined_T50,705,60.416666666666664
water_curtain_m01_r00_confined_T50,706,0.0
water_curtain_m01_r00_confined_T50,707,0.0
water_curtain_m01_r00_confined_T50,708,60.416666666666664
water_curtain_m01_r00_confined_T50,709,60.416666666666664
water_curtain_m01_r00_confined_T50,710,60.416666666666664
water_curtain_m01_r00_confined_T50,711,60.416666666666664
water_curtain_m01_r00_confined_T50,712,60.416666666666664
water_curtain_m01_r00_confined_T50,713,60.416666666666664
water_curtain_m01_r00_confined_T50,714,60.416666666666664
water_curtain_m01_r00_confined_T50,715,60.416666666666664
water_curtain_m01_r00_confined_T50,716,60.416666666666664
water_curtain_m01_r00_confined_T50,717,60.416666666666664
water_curtain_m01_r00_confined_T50,718,60.416666666666664
water_curtain_m01_r00_confined_T50,719,60.416666666666664
water_curtain_m01_r00_confined_T50,720,60.416666666666664
water_curtain_m01_r00_confined_T50,721,60.416666666666664
water_curtain_m01_r00_confined_T50,722,60.416666666666664
water_curtain_m01_r00_confined_T50,723,60.416666666666664
water_curtain_m01_r00_confined_T50,724,60.416666666666664
water_curtain_m01_r00_confined_T50,725,0.0
water_curtain_m01_r00_confined_T50,726,60.416666666666664
water_curtain_m01_r00_confined_T50,727,60.416666666666664
water_curtain_m01_r00_confined_T50,728,60.416666666666664
water_curtain_m01_r00_confined_T50,729,0.0
water_curtain_m01_r00_confined_T50,730,60.416666666666664
water_curtain_m01_r00_confined_T50,731,0.0
water_curtain_m01_r00_confined_T50,732,60.416666666666664
water_curtain_m01_r00_confined_T50,733,0.0
water_curtain_m01_r00_confined_T50,734,60.416666666666664
water_curtain_m01_r00_confined_T50,735,60.416666666666664
water_curtain_m01_r00_confined_T50,736,60.416666666666664
water_curtain_m01_r00_confined_T50,737,60.416666666666664
water_curtain_m01_r00_confined_T50,738,60.416666666666664
water_curtain_m01_r00_confined_T50,739,60.416666666666664
water_curtain_m01_r00_confined_T50,740,60.416666666666664
water_curtain_m01_r00_confined_T50,741,0.0
water_curtain_m01_r00_confined_T50,742,60.416666666666664
water_curtain_m01_r00_confined_T50,743,60.416666666666664
water_curtain_m01_r00_confined_T50,744,60.416666666666664
water_curtain_m01_r00_confined_T50,745,0.0
water_curtain_m01_r00_confined_T50,746,60.416666666666664
water_curtain_m01_r00_confined_T50,747,60.416666666666664
water_curtain_m01_r00_confined_T50,748,60.416666666666664
water_curtain_m01_r00_confined_T50,749,0.0
water_curtain_m01_r00_confined_T50,750,0.0
water_curtain_m01_r00_confined_T50,751,0.0
water_curtain_m01_r00_confined_T50,752,0.0
water_curtain_m01_r00_confined_T50,753,0.0
water_curtain_m01_r00_confined_T50,754,0.0
water_curtain_m01_r00_confined_T50,755,0.0
water_curtain_m01_r00_confined_T50,756,0.0
water_curtain_m01_r00_confined_T50,757,0.0
water_curtain_m01_r00_confined_T50,758,0.0
water_curtain_m01_r00_confined_T50,759,0.0
water_curtain_m01_r00_confined_T50,760,0.0
water_curtain_m01_r00_confined_T50,761,0.0
water_curtain_m01_r00_confined_T50,762,0.0
water_curtain_m01_r00_confined_T50,763,0.0
water_curtain_m01_r00_confined_T50,764,0.0
water_curtain_m01_r00_confined_T50,765,0.0
water_curtain_m01_r00_confined_T50,766,0.0
water_curtain_m01_r00_confined_T50,767,0.0
water_curtain_m01_r00_confined_T50,768,0.0
water_curtain_m01_r00_confined_T50,769,0.0
water_curtain_m01_r00_confined_T50,770,0.0
water_curtain_m01_r00_confined_T50,771,0.0
water_curtain_m01_r00_confined_T50,772,0.0
water_curtain_m01_r00_confined_T50,773,0.0
water_curtain_m01_r00_confined_T50,774,0.0
water_curtain_m01_r00_confined_T50,775,0.0
water_curtain_m01_r00_confined_T50,776,0.0
water_curtain_m01_r00_confined_T50,777,0.0
water_curtain_m01_r00_confined_T50,778,0.0
water_curtain_m01_r00_confined_T50,779,0.0
water_curtain_m01_r00_confined_T50,780,0.0
water_curtain_m01_r00_confined_T50,781,0.0
water_curtain_m01_r00_confined_T50,782,0.0
water_curtain_m01_r00_confined_T50,783,0.0
water_curtain_m01_r00_confined_T50,784,0.0
water_curtain_m01_r00_confined_T50,785,0.0
water_curtain_m01_r00_confined_T50,786,0.0
water_curtain_m01_r00_confined_T50,787,0.0
water_curtain_m01_r00_confined_T50,788,0.0
water_curtain_m01_r00_confined_T50,789,0.0
water_curtain_m01_r00_confined_T50,790,0.0
water_curtain_m01_r00_confined_T50,791,0.0
water_curtain_m01_r00_confined_T50,792,0.0
water_curtain_m01_r00_confined_T50,793,0.0
water_curtain_m01_r00_confined_T50,794,0.0
water_curtain_m01_r00_confined_T50,795,0.0
water_curtain_m01_r00_confined_T50,796,0.0
water_curtain_m01_r00_confined_T50,797,0.0
water_curtain_m01_r00_confined_T50,798,0.0
water_curtain_m01_r00_confined_T50,799,0.0
water_curtain_m01_r00_confined_T50,800,0.0
water_curtain_m01_r00_confined_T50,801,0.0
water_curtain_m01_r00_confined_T50,802,0.0
water_curtain_m01_r00_confined_T50,803,0.0
water_curtain_m01_r00_confined_T50,804,0.0
water_curtain_m01_r00_confined_T50,805,0.0
water_curtain_m01_r00_confined_T50,806,0.0
water_curtain_m01_r00_confined_T50,807,0.0
water_curtain_m01_r00_confined_T50,808,0.0
water_curtain_m01_r00_confined_T50,809,0.0
water_curtain_m01_r00_confined_T50,810,0.0
water_curtain_m01_r00_confined_T50,811,0.0
water_curtain_m01_r00_confined_T50,812,0.0
water_curtain_m01_r00_confined_T50,813,0.0
water_curtain_m01_r00_confined_T50,814,0.0
water_curtain_m01_r00_confined_T50,815,0.0
water_curtain_m01_r00_confined_T50,816,0.0
water_curtain_m01_r00_confined_T50,817,0.0
water_curtain_m01_r00_confined_T50,818,0.0
water_curtain_m01_r00_confined_T50,819,0.0
water_curtain_m01_r00_confined_T50,820,0.0
water_curtain_m01_r00_confined_T50,821,0.0
water_curtain_m01_r00_confined_T50,822,0.0
water_curtain_m01_r00_confined_T50,823,0.0
water_curtain_m01_r00_confined_T50,824,0.0
water_curtain_m01_r00_confined_T50,825,0.0
water_curtain_m01_r00_confined_T50,826,0.0
water_curtain_m01_r00_confined_T50,827,0.0
water_curtain_m01_r00_confined_T50,828,0.0
water_curtain_m01_r00_confined_T50,829,0.0
water_curtain_m01_r00_confined_T50,830,0.0
water_curtain_m01_r00_confined_T50,831,0.0
water_curtain_m01_r00_confined_T50,832,0.0
water_curtain_m01_r00_confined_T50,833,0.0
water_curtain_m01_r00_confined_T50,834,0.0
water_curtain_m01_r00_confined_T50,835,0.0
water_curtain_m01_r00_confined_T50,836,0.0
water_curtain_m01_r00_confined_T50,837,0.0
water_curtain_m01_r00_confined_T50,838,0.0
water_curtain_m01_r00_confined_T50,839,0.0
water_curtain_m01_r00_confined_T50,840,0.0
water_curtain_m01_r00_confined_T50,841,0.0
water_curtain_m01_r00_confined_T50,842,0.0
water_curtain_m01_r00_confined_T50,843,0.0
water_curtain_m01_r00_confined_T50,844,0.0
water_curtain_m01_r00_confined_T50,845,0.0
water_curtain_m01_r00_confined_T50,846,0.0
water_curtain_m01_r00_confined_T50,847,0.0
water_curtain_m01_r00_confined_T50,848,0.0
water_curtain_m01_r00_confined_T50,849,0.0
water_curtain_m01_r00_confined_T50,850,0.0
water_curtain_m01_r00_confined_T50,851,0.0
water_curtain_m01_r00_confined_T50,852,0.0
water_curtain_m01_r00_confined_T50,853,0.0
water_curtain_m01_r00_confined_T50,854,0.0
water_curtain_m01_r00_confined_T50,855,0.0
water_curtain_m01_r00_confined_T50,856,0.0
water_curtain_m01_r00_confined_T50,857,0.0
water_curtain_m01_r00_confined_T50,858,0.0
water_curtain_m01_r00_confined_T50,859,0.0
water_curtain_m01_r00_confined_T50,860,0.0
water_curtain_m01_r00_confined_T50,861,0.0
water_curtain_m01_r00_confined_T50,862,0.0
water_curtain_m01_r00_confined_T50,863,0.0
water_curtain_m01_r00_confined_T50,864,0.0
water_curtain_m01_r00_confined_T50,865,0.0
water_curtain_m01_r00_confined_T50,866,0.0
water_curtain_m01_r00_confined_T50,867,0.0
water_curtain_m01_r00_confined_T50,868,0.0
water_curtain_m01_r00_confined_T50,869,0.0
water_curtain_m01_r00_confined_T50,870,0.0
water_curtain_m01_r00_confined_T50,871,0.0
water_curtain_m01_r00_confined_T50,872,0.0
water_curtain_m01_r00_confined_T50,873,0.0
water_curtain_m01_r00_confined_T50,874,0.0
water_curtain_m01_r00_confined_T50,875,0.0
water_curtain_m01_r00_confined_T50,876,0.0
water_curtain_m01_r00_confined_T50,877,0.0
water_curtain_m01_r00_confined_T50,878,0.0
water_curtain_m01_r00_confined_T50,879,0.0
water_curtain_m01_r00_confined_T50,880,0.0
water_curtain_m01_r00_confined_T50,881,0.0
water_curtain_m01_r00_confined_T50,882,0.0
water_curtain_m01_r00_confined_T50,883,0.0
water_curtain_m01_r00_confined_T50,884,0.0
water_curtain_m01_r00_confined_T50,885,0.0
water_curtain_m01_r00_confined_T50,886,0.0
water_curtain_m01_r00_confined_T50,887,0.0
water_curtain_m01_r00_confined_T50,888,0.0
water_curtain_m01_r00_confined_T50,889,0.0
water_curtain_m01_r00_confined_T50,890,0.0
water_curtain_m01_r00_confined_T50,891,0.0
water_curtain_m01_r00_confined_T50,892,0.0
water_curtain_m01_r00_confined_T50,893,0.0
water_curtain_m01_r00_confined_T50,894,0.0
water_curtain_m01_r00_confined_T50,895,0.0
water_curtain_m01_r00_confined_T50,896,0.0
water_curtain_m01_r00_confined_T50,897,0.0
water_curtain_m01_r00_confined_T50,898,0.0
water_curtain_m01_r00_confined_T50,899,0.0
water_curtain_m01_r00_confined_T50,900,0.0
water_curtain_m01_r00_confined_T50,901,0.0
water_curtain_m01_r00_confined_T50,902,0.0
water_curtain_m01_r00_confined_T50,903,0.0
water_curtain_m01_r00_confined_T50,904,0.0
water_curtain_m01_r00_confined_T50,905,0.0
water_curtain_m01_r00_confined_T50,906,0.0
water_curtain_m01_r00_confined_T50,907,0.0
water_curtain_m01_r00_confined_T50,908,0.0
water_curtain_m01_r00_confined_T50,909,0.0
water_curtain_m01_r00_confined_T50,910,0.0
water_curtain_m01_r00_confined_T50,911,0.0
water_curtain_m01_r00_confined_T50,912,0.0
water_curtain_m01_r00_confined_T50,913,0.0
water_curtain_m01_r00_confined_T50,914,0.0
water_curtain_m01_r00_confined_T50,915,0.0
water_curtain_m01_r00_confined_T50,916,0.0
water_curtain_m01_r00_confined_T50,917,0.0
water_curtain_m01_r00_confined_T50,918,0.0
water_curtain_m01_r00_confined_T50,919,0.0
water_curtain_m01_r00_confined_T50,920,0.0
water_curtain_m01_r00_confined_T50,921,0.0
water_curtain_m01_r00_confined_T50,922,0.0
water_curtain_m01_r00_confined_T50,923,0.0
water_curtain_m01_r00_confined_T50,924,0.0
water_curtain_m01_r00_confined_T50,925,0.0
water_curtain_m01_r00_confined_T50,926,0.0
water_curtain_m01_r00_confined_T50,927,0.0
water_curtain_m01_r00_confined_T50,928,0.0
water_curtain_m01_r00_confined_T50,929,0.0
water_curtain_m01_r00_confined_T50,930,0.0
water_curtain_m01_r00_confined_T50,931,0.0
water_curtain_m01_r00_confined_T50,932,0.0
water_curtain_m01_r00_confined_T50,933,0.0
water_curtain_m01_r00_confined_T50,934,0.0
water_curtain_m01_r00_confined_T50,935,0.0
water_curtain_m01_r00_confined_T50,936,0.0
water_curtain_m01_r00_confined_T50,937,0.0
water_curtain_m01_r00_confined_T50,938,0.0
water_curtain_m01_r00_confined_T50,939,0.0
water_curtain_m01_r00_confined_T50,940,0.0
water_curtain_m01_r00_confined_T50,941,0.0
water_curtain_m01_r00_confined_T50,942,0.0
water_curtain_m01_r00_confined_T50,943,0.0
water_curtain_m01_r00_confined_T50,944,0.0
water_curtain_m01_r00_confined_T50,945,0.0
water_curtain_m01_r00_confined_T50,946,0.0
water_curtain_m01_r00_confined_T50,947,0.0
water_curtain_m01_r00_confined_T50,948,0.0
water_curtain_m01_r00_confined_T50,949,0.0
water_curtain_m01_r00_confined_T50,950,0.0
water_curtain_m01_r00_confined_T50,951,0.0
water_curtain_m01_r00_confined_T50,952,0.0
water_curtain_m01_r00_confined_T50,953,0.0
water_curtain_m01_r00_confined_T50,954,0.0
water_curtain_m01_r00_confined_T50,955,0.0
water_curtain_m01_r00_confined_T50,956,0.0
water_curtain_m01_r00_confined_T50,957,0.0
water_curtain_m01_r00_confined_T50,958,0.0
water_curtain_m01_r00_confined_T50,959,0.0
water_curtain_m01_r00_confined_T50,960,0.0
water_curtain_m01_r00_confined_T50,961,0.0
water_curtain_m01_r00_confined_T50,962,0.0
water_curtain_m01_r00_confined_T50,963,60.416666666666664
water_curtain_m01_r00_confined_T50,964,60.416666666666664
water_curtain_m01_r00_confined_T50,965,60.416666666666664
water_curtain_m01_r00_confined_T50,966,60.416666666666664
water_curtain_m01_r00_confined_T50,967,60.416666666666664
water_curtain_m01_r00_confined_T50,968,0.0
water_curtain_m01_r00_confined_T50,969,60.416666666666664
water_curtain_m01_r00_confined_T50,970,60.416666666666664
water_curtain_m01_r00_confined_T50,971,60.416666666666664
water_curtain_m01_r00_confined_T50,972,60.416666666666664
water_curtain_m01_r00_confined_T50,973,60.416666666666664
water_curtain_m01_r00_confined_T50,974,60.416666666666664
water_curtain_m01_r00_confined_T50,975,60.416666666666664
water_curtain_m01_r00_confined_T50,976,60.416666666666664
water_curtain_m01_r00_confined_T50,977,60.416666666666664
water_curtain_m01_r00_confined_T50,978,0.0
water_curtain_m01_r00_confined_T50,979,60.416666666666664
water_curtain_m01_r00_confined_T50,980,60.416666666666664
water_curtain_m01_r00_confined_T50,981,0.0
water_curtain_m01_r00_confined_T50,982,60.416666666666664
water_curtain_m01_r00_confined_T50,983,60.416666666666664
water_curtain_m01_r00_confined_T50,984,60.416666666666664
water_curtain_m01_r00_confined_T50,985,60.416666666666664
water_curtain_m01_r00_confined_T50,986,60.416666666666664
water_curtain_m01_r00_confined_T50,987,60.416666666666664
water_curtain_m01_r00_confined_T50,988,0.0
water_curtain_m01_r00_confined_T50,989,60.416666666666664
water_curtain_m01_r00_confined_T50,990,60.416666666666664
water_curtain_m01_r00_confined_T50,991,60.416666666666664
water_curtain_m01_r00_confined_T50,992,60.416666666666664
water_curtain_m01_r00_confined_T50,993,0.0
water_curtain_m01_r00_confined_T50,994,60.416666666666664
water_curtain_m01_r00_confined_T50,995,60.416666666666664
water_curtain_m01_r00_confined_T50,996,60.416666666666664
water_curtain_m01_r00_confined_T50,997,60.416666666666664
water_curtain_m01_r00_confined_T50,998,0.0
water_curtain_m01_r00_confined_T50,999,60.416666666666664
water_curtain_m01_r00_confined_T50,1000,60.416666666666664
water_curtain_m01_r00_confined_T50,1001,0.0
water_curtain_m01_r00_confined_T50,1002,60.416666666666664
water_curtain_m01_r00_confined_T50,1003,60.416666666666664
water_curtain_m01_r00_confined_T50,1004,60.416666666666664
water_curtain_m01_r00_confined_T50,1005,60.416666666666664
water_curtain_m01_r00_confined_T50,1006,60.416666666666664
water_curtain_m01_r00_confined_T50,1007,60.416666666666664
water_curtain_m01_r00_confined_T50,1008,60.416666666666664
water_curtain_m01_r00_confined_T50,1009,60.416666666666664
water_curtain_m01_r00_confined_T50,1010,60.416666666666664
water_curtain_m01_r00_confined_T50,1011,0.0
water_curtain_m01_r00_confined_T50,1012,60.416666666666664
water_curtain_m01_r00_confined_T50,1013,0.0
water_curtain_m01_r00_confined_T50,1014,60.416666666666664
water_curtain_m01_r00_confined_T50,1015,0.0
water_curtain_m01_r00_confined_T50,1016,60.416666666666664
water_curtain_m01_r00_confined_T50,1017,60.416666666666664
water_curtain_m01_r00_confined_T50,1018,0.0
water_curtain_m01_r00_confined_T50,1019,60.416666666666664
water_curtain_m01_r00_confined_T50,1020,60.416666666666664
water_curtain_m01_r00_confined_T50,1021,60.416666666666664
water_curtain_m01_r00_confined_T50,1022,60.416666666666664
water_curtain_m01_r00_confined_T50,1023,60.416666666666664
