Date	TEMP	RAIN	HUMID	HPA	WIND
20050101	-5.4	0.0	49.3	1005.4	2.5
20050102	-2.4	0.0	63.0	1004.5	1.8
20050103	3.3	0.0	60.0	999.1	3.0
20050104	-3.4	0.0	41.4	1006.5	3.2
20050105	-5.5	0.0	61.3	1011.1	0.9
20050106	-0.1	0.0	54.0	1005.2	1.9
20050107	-0.3	0.0	48.8	1006.8	3.5
20050108	-4.2	0.0	52.5	1008.4	2.7
20050109	-6.9	0.0	47.5	1009.0	2.9
20050110	-5.1	0.0	57.6	1007.2	2.7
20050111	-3.7	0.0	55.9	1005.2	4.3
20050112	-5.3	0.0	49.3	1006.9	3.3
20050113	-5.1	0.0	64.6	1007.0	2.1
20050114	-4.1	0.0	62.9	1005.2	0.9
20050115	-1.9	0.0	54.8	1000.4	2.2
20050116	-1.2	0.0	66.4	998.7	2.8
20050117	-2.3	0.0	70.8	1004.9	1.2
20050118	-0.8	0.3	76.0	1003.2	1.2
20050119	-2.1	0.0	54.3	1004.5	4.2
20050120	-4.5	0.0	51.6	1009.2	3.9
20050121	-5.4	0.0	53.3	1013.9	1.8
20050122	-2.9	0.0	51.8	1010.1	0.8
20050123	2.6	0.0	61.6	1004.9	1.0
20050124	0.0	0.0	68.8	1000.4	1.5
20050125	-1.9	5.0	88.1	998.5	0.5
20050126	0.3	0.1	95.3	1001.0	0.7
20050127	-0.1	0.0	75.0	999.8	0.7
20050128	-0.2	0.0	69.1	997.6	0.8
20050129	-2.3	0.1	72.3	994.5	2.3
20050130	-4.8	0.0	50.6	1000.5	3.3
20050131	-5.5	0.0	44.9	994.6	4.9
20050201	-9.8	0.0	49.5	993.2	5.3
20050202	-7.2	0.0	58.8	1000.8	3.3
20050203	-3.5	0.0	54.5	1005.1	2.7
20050204	-0.6	0.0	46.5	1004.4	1.9
20050205	-0.3	0.0	48.1	1005.9	2.0
20050206	-0.6	0.0	66.8	1009.8	1.1
20050207	3.1	0.0	77.1	1008.1	0.8
20050208	2.6	0.5	81.6	1007.2	1.6
20050209	-1.0	0.0	75.4	1006.7	1.9
20050210	-3.3	0.0	45.0	1009.9	3.4
20050211	-5.5	0.0	42.5	1014.2	2.8
20050212	-5.0	0.0	47.5	1012.6	1.2
20050213	-3.1	0.0	50.0	1012.5	1.9
20050214	-1.2	0.0	54.9	1011.3	0.9
20050215	2.3	5.0	71.9	1005.1	1.8
20050216	3.4	7.0	89.4	999.0	1.2
20050217	4.2	0.0	75.9	1007.1	1.9
20050218	1.7	1.0	77.5	1007.0	2.4
20050219	-1.0	0.0	69.5	1001.2	3.4
20050220	-6.4	0.0	48.8	1006.1	4.2
20050221	-6.1	0.0	45.8	1008.0	3.2
20050222	-2.4	0.5	65.8	1000.7	2.0
20050223	0.4	0.0	48.4	1000.0	3.9
20050224	-0.4	0.0	63.6	997.3	1.2
20050225	-2.5	0.0	35.9	1002.0	3.4
20050226	-4.6	0.0	41.3	1008.0	2.7
20050227	-2.2	0.0	42.9	1008.3	2.2
20050228	0.1	0.0	49.3	1006.4	2.1
20050301	-0.4	0.0	48.9	1008.7	2.0
20050302	0.2	0.0	65.6	1009.7	1.2
20050303	-1.5	0.0	60.3	1008.2	2.1
20050304	-1.2	0.0	60.1	1005.8	1.8
20050305	-2.3	0.5	83.4	1005.4	1.1
20050306	0.2	0.0	62.4	1008.1	2.1
20050307	4.8	0.0	52.1	1004.9	3.1
20050308	7.7	0.0	55.8	1003.6	2.4
20050309	6.8	0.0	55.9	1002.6	1.0
20050310	11.2	0.0	66.9	994.9	1.6
20050311	2.4	7.0	77.5	994.4	3.3
20050312	-3.6	0.0	46.1	1000.5	4.4
20050313	-2.4	0.0	43.1	1000.5	4.0
20050314	1.7	0.0	45.8	1002.2	2.4
20050315	3.3	0.0	63.9	1003.7	1.9
20050316	6.2	0.0	69.0	1004.7	1.1
20050317	6.2	13.5	80.4	994.7	2.5
20050318	4.4	0.0	53.5	1002.7	3.9
20050319	4.4	0.0	49.3	1008.0	1.4
20050320	6.8	0.0	49.1	1003.7	3.0
20050321	7.8	0.2	59.8	1002.2	1.5
20050322	7.0	19.0	85.0	992.8	1.5
20050323	6.0	0.5	82.4	995.3	1.6
20050324	1.3	1.0	72.5	994.7	3.1
20050325	2.8	0.0	52.0	1000.0	4.2
20050326	7.8	0.0	61.8	1003.3	2.0
20050327	9.1	0.0	67.4	999.9	1.5
20050328	10.6	0.0	61.5	992.1	3.1
20050329	5.3	0.0	46.0	995.4	3.4
20050330	7.4	0.0	40.6	995.4	3.3
20050331	9.0	0.0	44.8	999.5	1.9
20050401	9.0	0.0	51.4	1002.0	1.4
20050402	11.2	0.0	47.1	997.5	2.1
20050403	6.9	2.0	60.4	999.1	1.8
20050404	8.1	0.0	53.5	1001.8	2.6
20050405	14.0	0.0	40.1	999.7	2.2
20050406	12.3	1.5	74.5	994.6	1.9
20050407	16.6	0.0	73.1	991.7	2.7
20050408	13.0	0.0	61.0	1000.5	2.5
20050409	10.0	0.2	78.8	999.3	1.5
20050410	10.4	20.0	85.6	993.6	2.1
20050411	8.8	0.0	63.1	1001.1	2.6
20050412	9.3	0.0	68.9	996.9	1.4
20050413	10.6	0.0	55.0	997.2	2.6
20050414	11.8	0.0	43.9	1000.1	3.1
20050415	10.8	0.0	43.6	1003.4	2.6
20050416	11.2	0.0	34.5	1003.6	2.1
20050417	13.7	0.0	43.8	1004.3	1.6
20050418	15.5	0.0	55.4	1006.4	1.4
20050419	15.4	13.0	65.9	1003.0	1.8
20050420	12.3	13.5	49.9	991.6	3.6
20050421	10.5	0.0	46.8	990.6	3.5
20050422	11.4	0.0	38.8	996.6	3.7
20050423	10.9	0.0	55.0	1002.2	1.7
20050424	13.4	0.0	56.5	1000.5	1.7
20050425	15.0	0.0	49.0	995.6	2.1
20050426	15.4	0.0	46.4	994.6	2.5
20050427	17.1	0.0	51.0	989.4	2.1
20050428	22.9	0.0	55.6	985.1	4.0
20050429	22.3	0.0	61.0	989.4	1.9
20050430	22.0	0.0	65.4	989.0	1.8
20050501	20.8	0.0	72.8	985.5	2.0
20050502	18.7	0.0	47.8	993.7	2.2
20050503	18.7	0.0	43.6	994.8	1.7
20050504	20.1	0.0	36.9	994.1	1.4
20050505	18.0	10.5	68.4	989.1	1.7
20050506	13.8	7.0	94.5	982.7	1.5
20050507	12.2	0.0	81.9	991.8	2.2
20050508	13.5	0.5	78.9	988.9	1.3
20050509	13.3	0.0	54.8	989.1	2.5
20050510	13.0	0.0	61.9	994.6	1.6
20050511	14.3	3.0	67.6	993.1	1.1
20050512	14.1	1.5	78.6	992.2	1.6
20050513	14.0	0.0	71.3	998.0	2.1
20050514	15.9	0.0	69.1	997.5	1.6
20050515	16.1	0.0	64.9	1000.6	2.1
20050516	16.7	0.0	60.8	1001.0	1.2
20050517	19.0	7.0	65.1	994.6	1.6
20050518	16.0	16.0	86.0	986.9	2.5
20050519	17.5	0.0	63.9	996.3	2.1
20050520	17.6	0.0	58.4	996.4	1.7
20050521	15.8	0.0	60.6	994.3	1.2
20050522	16.3	0.0	66.4	989.0	1.1
20050523	16.6	0.0	58.9	991.3	2.8
20050524	15.2	0.0	68.6	997.7	1.9
20050525	17.5	0.0	61.5	998.4	1.6
20050526	20.5	0.0	54.8	996.9	2.1
20050527	20.4	0.0	52.3	997.7	1.4
20050528	18.5	0.0	58.3	1001.1	1.8
20050529	18.5	0.0	55.3	1002.5	2.1
20050530	19.0	0.0	58.8	996.5	1.3
20050531	20.4	0.0	55.0	991.0	1.4
20050601	19.7	5.5	67.0	988.8	1.7
20050602	18.3	18.0	87.3	985.4	1.5
20050603	19.4	0.0	75.0	986.7	1.5
20050604	17.1	0.0	80.5	991.4	1.3
20050605	19.0	0.0	67.5	996.1	1.5
20050606	21.0	0.0	61.4	997.0	1.3
20050607	22.0	0.0	67.9	997.0	1.0
20050608	23.0	0.0	67.6	996.4	1.3
20050609	23.3	0.0	63.4	992.4	1.3
20050610	17.3	52.0	91.8	985.4	0.9
20050611	21.6	0.5	76.3	982.9	1.6
20050612	21.7	0.0	68.8	987.1	1.8
20050613	22.1	0.0	70.6	991.1	1.2
20050614	21.9	0.0	66.8	991.5	2.7
20050615	19.5	1.0	74.6	990.8	2.0
20050616	20.4	2.5	71.1	992.3	1.9
20050617	20.7	0.5	78.3	991.4	1.1
20050618	22.0	0.5	75.1	989.1	1.1
20050619	21.2	0.5	82.8	987.5	0.7
20050620	23.1	0.0	75.6	987.6	1.0
20050621	24.4	0.0	70.9	987.2	1.2
20050622	24.7	0.0	67.9	987.6	1.5
20050623	24.9	0.0	68.9	988.8	1.4
20050624	26.4	0.0	66.9	989.0	1.5
20050625	27.3	0.0	68.0	989.8	1.4
20050626	24.7	27.0	79.9	988.4	1.4
20050627	24.5	14.5	90.9	984.4	1.7
20050628	23.0	2.0	91.4	989.4	0.9
20050629	23.4	15.0	94.1	991.2	0.8
20050630	26.0	0.0	77.1	992.2	1.6
20050701	20.9	40.5	90.8	989.5	1.3
20050702	22.9	0.0	92.1	986.5	0.7
20050703	21.2	36.0	96.8	983.9	0.4
20050704	23.4	1.5	85.8	982.0	1.3
20050705	23.0	0.0	83.1	984.1	1.2
20050706	23.6	0.0	79.9	985.6	1.1
20050707	20.9	0.5	86.1	992.0	2.0
20050708	21.8	2.0	84.8	992.3	1.5
20050709	21.1	30.0	97.0	985.0	1.1
20050710	22.3	0.0	89.1	990.0	1.4
20050711	17.6	76.0	96.9	988.8	1.8
20050712	21.0	1.0	87.0	992.4	0.6
20050713	22.5	0.0	85.3	994.0	1.1
20050714	24.9	0.0	76.4	997.5	1.0
20050715	25.5	0.0	80.8	998.5	1.2
20050716	25.8	0.0	83.1	998.8	1.2
20050717	24.6	2.0	84.9	997.6	1.2
20050718	25.8	0.0	77.5	996.5	2.0
20050719	26.7	0.0	78.0	994.4	1.0
20050720	27.2	0.0	80.8	991.2	1.5
20050721	27.9	0.0	77.3	991.2	1.2
20050722	28.4	0.0	77.8	992.7	1.4
20050723	27.1	0.0	75.6	993.3	2.3
20050724	26.0	0.0	78.4	992.7	1.8
20050725	25.3	0.0	75.5	990.5	2.1
20050726	25.4	0.0	76.6	987.4	1.6
20050727	26.1	0.0	77.1	988.5	1.4
20050728	24.0	19.5	88.4	985.5	1.2
20050729	25.4	0.5	78.1	987.6	1.7
20050730	25.3	0.0	79.8	990.6	1.3
20050731	26.2	0.0	74.9	990.5	1.2
20050801	24.7	9.0	88.5	986.7	1.3
20050802	25.4	7.0	89.4	987.4	1.1
20050803	24.2	56.0	95.8	988.9	0.7
20050804	27.3	0.0	82.9	993.1	0.9
20050805	27.2	0.0	78.3	995.0	1.8
20050806	25.8	0.5	80.8	994.2	1.3
20050807	26.1	0.5	82.1	994.4	1.2
20050808	25.4	0.1	84.6	994.6	1.3
20050809	25.5	13.0	88.1	992.1	1.3
20050810	23.2	25.5	94.0	992.9	0.8
20050811	23.1	25.5	96.6	992.9	0.5
20050812	25.6	3.5	87.0	995.4	1.2
20050813	26.4	0.0	80.6	996.2	1.7
20050814	26.5	0.0	79.8	994.0	2.0
20050815	24.5	21.0	86.9	992.0	1.9
20050816	25.1	0.0	89.5	991.2	0.8
20050817	26.0	0.0	77.1	992.3	2.0
20050818	23.8	0.5	86.1	992.4	1.4
20050819	22.1	15.5	93.0	991.6	1.1
20050820	20.9	21.5	94.3	990.3	0.7
20050821	22.7	0.0	82.6	991.3	0.9
20050822	20.0	15.5	91.4	996.0	1.2
20050823	20.6	0.0	72.0	998.1	2.0
20050824	19.4	7.5	81.6	994.8	2.1
20050825	21.4	5.5	92.8	988.2	1.7
20050826	21.0	0.0	79.5	994.0	2.6
20050827	21.4	0.0	81.9	996.0	1.0
20050828	21.2	0.0	83.3	995.6	1.1
20050829	22.2	0.0	84.6	994.9	0.8
20050830	21.7	0.0	86.1	993.5	0.8
20050831	22.9	0.0	80.9	995.9	0.9
20050901	25.8	0.0	79.1	997.5	1.3
20050902	25.6	0.0	84.6	997.9	1.1
20050903	22.5	2.0	86.3	998.3	1.9
20050904	19.3	4.5	84.4	999.7	1.9
20050905	19.3	0.0	71.5	997.9	2.2
20050906	20.2	9.5	78.4	986.7	2.0
20050907	22.4	0.0	76.0	988.6	1.5
20050908	22.7	0.0	76.3	996.9	1.3
20050909	20.4	7.0	86.1	999.4	1.4
20050910	21.6	0.4	90.3	999.6	0.7
20050911	24.3	0.0	83.5	1000.4	0.9
20050912	25.4	0.0	82.5	1000.6	1.4
20050913	22.2	12.0	91.6	995.6	1.6
20050914	19.7	6.5	85.0	998.1	1.8
20050915	18.6	0.0	79.6	1002.5	1.5
20050916	19.4	0.0	79.4	1000.4	1.2
20050917	22.4	0.0	82.5	999.6	1.0
20050918	21.9	10.0	91.8	1001.9	0.7
20050919	19.2	2.5	92.3	1001.4	0.8
20050920	19.5	0.0	80.1	999.0	1.4
20050921	16.2	20.5	90.4	998.7	1.3
20050922	16.8	28.0	95.1	997.7	1.2
20050923	17.8	1.0	89.3	1000.6	1.0
20050924	18.1	0.0	80.3	1000.9	1.7
20050925	17.1	0.0	77.4	1002.1	1.5
20050926	17.8	0.0	74.9	1004.5	1.4
20050927	16.1	0.0	83.0	1006.5	1.1
20050928	16.1	0.0	84.8	1005.4	1.3
20050929	17.7	0.0	81.1	1003.7	2.3
20050930	17.3	12.0	97.6	1000.8	0.5
20051001	20.0	4.5	99.0	997.8	0.6
20051002	20.3	0.0	85.0	999.5	1.3
20051003	18.6	0.5	81.5	1001.4	1.5
20051004	13.4	0.0	84.1	1002.4	1.3
20051005	13.4	0.0	88.6	1003.1	0.8
20051006	15.2	0.0	86.8	1003.1	1.0
20051007	14.8	1.5	95.9	997.5	1.0
20051008	15.5	0.0	86.9	1000.9	1.1
20051009	15.1	0.0	81.8	1007.0	1.6
20051010	14.4	0.0	81.0	1008.2	1.7
20051011	14.8	0.0	80.1	1006.9	1.3
20051012	15.7	0.0	74.8	1005.2	1.8
20051013	17.0	0.0	77.8	1001.1	1.1
20051014	15.1	0.4	75.5	998.6	1.7
20051015	11.7	0.0	72.5	998.1	1.4
20051016	11.3	0.0	76.3	1000.0	1.0
20051017	11.4	0.0	77.3	1003.8	1.1
20051018	12.9	0.0	83.0	1007.3	1.0
20051019	13.7	0.2	85.9	1010.3	1.1
20051020	12.7	0.0	83.3	1008.0	1.1
20051021	10.1	12.0	97.3	1001.0	0.7
20051022	7.8	1.0	70.3	1002.1	1.6
20051023	7.0	0.0	72.9	1001.4	1.3
20051024	9.6	0.0	80.1	1001.7	1.4
20051025	10.5	0.0	90.4	1007.0	0.5
20051026	13.0	0.0	89.9	1008.5	0.8
20051027	11.3	0.0	92.4	1007.7	0.7
20051028	11.4	0.0	81.5	1001.4	1.7
20051029	10.1	0.0	62.1	999.8	2.3
20051030	8.8	0.0	71.0	1001.7	1.6
20051031	8.3	0.0	70.9	1006.2	1.3
20051101	8.2	0.0	75.5	1007.3	1.2
20051102	9.8	0.0	79.3	1006.0	1.1
20051103	12.5	0.0	80.3	1004.1	0.7
20051104	13.0	0.0	82.9	1002.1	0.7
20051105	14.6	0.3	85.5	998.2	0.5
20051106	15.0	5.5	86.0	989.3	2.0
20051107	9.5	0.0	64.0	996.9	2.2
20051108	9.4	0.0	49.0	1000.5	2.7
20051109	8.6	0.0	64.5	1002.2	1.5
20051110	8.1	0.0	81.6	1000.1	0.8
20051111	9.4	0.0	93.5	998.5	0.6
20051112	7.6	0.0	72.3	1004.8	1.0
20051113	7.8	0.0	69.4	1006.0	0.7
20051114	8.3	0.0	59.8	1003.4	1.2
20051115	2.7	0.0	57.5	1004.9	1.4
20051116	1.1	0.0	64.0	1007.4	1.2
20051117	1.4	0.0	59.5	1008.7	1.4
20051118	1.4	0.0	58.0	1012.5	1.3
20051119	0.2	0.0	64.4	1013.4	1.0
20051120	0.8	0.0	60.8	1011.2	1.1
20051121	2.9	0.0	68.8	1007.8	1.5
20051122	3.2	0.0	58.9	1009.1	1.9
20051123	4.1	0.0	73.1	1005.6	1.5
20051124	5.5	0.0	77.1	1002.2	1.5
20051125	4.9	0.0	78.4	1000.7	1.2
20051126	4.1	0.0	85.5	998.9	0.7
20051127	6.3	0.0	77.6	1000.1	1.5
20051128	5.7	3.5	78.0	996.9	1.8
20051129	4.4	0.0	56.4	997.6	3.4
20051130	3.1	0.0	63.6	1001.1	1.2
20051201	1.5	0.0	77.3	1001.8	0.7
20051202	2.2	0.0	60.1	1005.2	2.3
20051203	-0.6	0.0	51.4	1004.3	1.7
20051204	-2.2	0.6	57.9	994.5	3.2
20051205	-5.1	0.0	55.8	1001.1	2.8
20051206	-2.7	0.0	67.5	1006.5	1.9
20051207	-2.2	0.0	69.6	1006.6	1.6
20051208	-2.4	0.0	62.3	1008.1	2.5
20051209	-2.5	0.0	62.5	1010.3	2.0
20051210	-0.4	0.0	57.6	1007.8	2.6
20051211	-4.6	0.0	45.5	1006.8	2.7
20051212	-6.1	0.0	51.5	1003.1	3.6
20051213	-6.9	0.0	50.6	1003.2	3.5
20051214	-5.3	0.0	51.0	1005.7	2.5
20051215	-4.5	0.0	61.0	1004.2	2.6
20051216	-2.7	0.0	70.5	1004.0	2.2
20051217	-7.1	0.0	42.3	1006.0	4.5
20051218	-8.3	0.0	64.3	1009.9	1.7
20051219	-4.4	0.0	52.8	1010.1	1.3
20051220	-4.1	0.0	54.0	1009.9	1.4
20051221	-5.4	1.4	59.6	997.4	2.6
20051222	-6.4	0.0	59.1	997.8	3.8
20051223	-2.8	0.9	78.3	998.0	2.0
20051224	-4.3	0.0	48.5	1005.2	2.2
20051225	-2.5	0.0	58.0	1000.4	2.5
20051226	-5.4	0.0	46.4	1007.1	3.1
20051227	-5.4	0.0	45.0	1011.9	2.7
20051228	-6.1	0.0	54.6	1013.7	1.0
20051229	-5.6	0.0	59.1	1013.5	0.9
20051230	-3.4	0.0	76.1	1012.0	1.2
20051231	-0.5	0.0	78.5	1013.0	1.4
20060101	-0.6	0.0	83.6	1006.2	1.5
20060102	1.2	0.0	64.1	1002.0	2.5
20060103	-0.8	0.0	35.3	1005.0	3.5
20060104	-3.6	0.0	40.0	1006.7	2.5
20060105	-5.2	0.0	50.3	1007.9	2.2
20060106	-6.7	0.0	49.8	1004.9	2.4
20060107	-7.2	0.0	50.6	1007.6	2.2
20060108	-6.2	0.0	55.5	1009.5	1.0
20060109	-4.0	0.0	60.5	1006.4	1.1
20060110	-1.1	0.0	61.9	1006.1	1.6
20060111	-3.6	0.0	64.1	1012.4	1.0
20060112	0.0	0.1	69.8	1012.4	1.7
20060113	3.2	13.0	97.6	1000.4	0.6
20060114	3.9	0.2	85.0	1000.1	1.7
20060115	1.4	0.0	85.6	1003.6	0.8
20060116	-0.3	0.0	95.0	1004.5	0.6
20060117	0.5	0.0	80.1	1008.9	0.7
20060118	1.4	0.0	80.0	1009.0	1.4
20060119	1.4	0.0	79.0	1010.5	1.9
20060120	2.3	0.0	70.1	1006.7	0.7
20060121	-0.2	0.0	74.6	1001.0	0.9
20060122	-1.8	0.0	50.8	1002.1	2.8
20060123	-3.3	0.0	51.0	1010.0	2.3
20060124	-3.4	0.0	57.8	1012.5	1.3
20060125	-2.1	0.0	59.0	1011.7	1.3
20060126	-0.6	0.0	66.4	1007.4	1.9
20060127	0.5	0.0	64.8	1004.3	2.5
20060128	-0.2	0.0	70.6	1008.2	0.9
20060129	2.5	0.0	70.4	1008.2	1.0
20060130	6.7	0.0	68.1	1009.6	1.4
20060131	3.0	14.5	94.3	1008.1	1.0
20060201	2.0	8.5	86.8	1004.1	2.3
20060202	-0.8	0.0	62.6	1009.1	2.7
20060203	-7.5	0.0	42.6	1015.0	3.9
20060204	-8.1	0.0	53.3	1016.8	3.0
20060205	-4.8	0.0	52.0	1014.8	1.2
20060206	-1.4	2.0	84.9	1004.7	0.7
20060207	0.1	3.8	87.0	996.2	2.4
20060208	-5.4	0.0	64.6	1009.7	4.4
20060209	-4.7	0.0	58.4	1012.8	2.8
20060210	-0.2	0.0	74.0	1001.3	2.9
20060211	1.2	0.1	70.3	1000.5	1.7
20060212	-0.8	0.0	43.6	1008.5	2.8
20060213	3.3	0.0	53.3	1002.6	1.7
20060214	4.7	6.5	95.4	996.4	0.8
20060215	1.9	5.5	98.0	1002.1	0.8
20060216	2.5	0.0	74.5	1002.8	2.2
20060217	-3.3	0.0	43.5	1011.3	3.7
20060218	-1.7	0.0	59.1	1010.3	1.9
20060219	1.2	0.0	65.6	1008.5	0.9
20060220	4.0	0.0	58.8	1005.8	1.1
20060221	4.8	0.0	60.4	1004.1	1.0
20060222	4.5	0.0	59.3	1003.5	2.3
20060223	2.5	0.0	50.0	1010.0	1.5
20060224	3.8	0.0	53.9	1012.9	1.7
20060225	4.2	1.5	76.0	1008.3	1.1
20060226	4.2	2.0	64.3	1003.4	3.1
20060227	0.4	0.0	58.0	1014.4	1.6
20060228	1.5	2.0	82.6	1010.1	1.0
20060301	0.7	1.5	79.4	999.6	2.2
20060302	-0.7	0.0	62.8	998.5	3.4
20060303	0.1	0.0	59.3	1003.8	2.4
20060304	2.8	0.0	56.0	1005.6	1.1
20060305	8.3	0.0	61.4	1002.1	1.6
20060306	6.9	0.0	69.4	1003.2	2.2
20060307	8.7	0.0	68.3	1001.8	2.7
20060308	7.9	0.0	57.0	1006.4	1.5
20060309	7.2	0.0	74.8	1005.8	1.9
20060310	9.3	0.0	65.3	999.3	1.9
20060311	9.6	0.0	67.0	996.7	2.8
20060312	-1.2	0.0	38.0	1000.0	5.0
20060313	-3.4	0.3	61.6	1001.9	3.0
20060314	0.3	0.0	51.6	1001.6	4.0
20060315	6.4	0.0	48.6	999.1	2.7
20060316	3.5	7.0	85.1	990.3	1.8
20060317	7.1	0.0	73.6	997.7	0.9
20060318	8.3	0.3	72.6	991.4	2.1
20060319	5.2	0.0	43.8	998.5	3.4
20060320	5.1	0.0	45.1	1001.8	1.5
20060321	9.7	0.0	44.9	1000.4	1.7
20060322	9.5	0.0	54.3	994.3	1.2
20060323	8.3	0.0	49.0	993.7	3.6
20060324	5.1	0.0	49.4	999.1	1.4
20060325	9.4	0.0	44.3	999.0	2.6
20060326	10.2	0.0	45.4	998.5	2.7
20060327	8.0	0.0	51.9	993.4	1.9
20060328	3.1	0.0	57.8	990.2	4.2
20060329	4.4	0.0	46.3	993.8	3.2
20060330	4.9	0.0	51.6	997.3	3.2
20060331	6.2	0.0	49.8	1001.1	1.1
20060401	8.4	14.5	80.0	993.2	0.8
20060402	8.5	1.5	87.1	986.1	2.8
20060403	11.4	0.0	64.9	995.9	1.3
20060404	9.8	3.0	84.8	993.1	1.1
20060405	10.4	0.0	76.1	994.0	1.8
20060406	7.4	0.0	80.0	1000.2	1.8
20060407	12.5	0.0	64.9	994.1	3.1
20060408	11.8	0.0	42.3	998.7	3.7
20060409	12.1	0.1	69.1	1001.9	2.3
20060410	11.1	38.5	94.9	994.1	2.8
20060411	12.3	11.0	89.0	986.8	1.3
20060412	14.4	0.0	72.6	991.8	2.3
20060413	7.9	0.5	65.3	1000.4	3.1
20060414	8.5	0.0	52.5	1006.3	2.8
20060415	7.1	0.0	67.3	1000.3	1.3
20060416	8.0	0.0	42.6	997.7	3.3
20060417	10.4	0.0	47.8	998.6	1.7
20060418	15.2	0.0	53.8	998.7	1.6
20060419	11.1	30.0	82.0	989.9	3.5
20060420	5.9	0.5	74.5	987.5	5.2
20060421	11.7	0.0	55.0	990.7	3.5
20060422	11.0	0.0	59.6	989.3	1.0
20060423	10.7	0.0	62.1	989.6	2.9
20060424	11.0	0.0	45.5	993.5	3.9
20060425	12.8	0.0	37.0	996.3	2.6
20060426	12.1	0.0	56.3	996.1	1.3
20060427	12.8	0.0	62.9	996.1	1.9
20060428	13.5	0.0	55.3	994.3	1.7
20060429	12.9	0.0	66.9	988.5	1.5
20060430	18.7	0.0	66.9	984.6	3.0
20060501	20.6	0.0	55.0	987.4	2.0
20060502	14.5	0.0	47.3	998.2	4.3
20060503	14.9	0.0	56.0	1002.1	1.4
20060504	19.2	0.0	55.1	1001.2	1.7
20060505	19.9	0.0	70.3	1000.0	1.5
20060506	15.9	46.5	94.9	990.2	1.8
20060507	17.4	0.0	78.9	995.3	1.4
20060508	15.3	0.0	79.5	1002.4	2.2
20060509	16.2	0.0	74.5	999.8	2.5
20060510	16.9	16.5	91.8	993.9	1.4
20060511	15.5	0.0	57.8	1004.5	2.9
20060512	12.9	0.0	54.9	1005.0	1.6
20060513	14.6	0.0	59.0	996.9	2.2
20060514	16.1	0.0	56.1	997.5	2.8
20060515	16.5	0.0	56.8	1001.3	1.3
20060516	18.4	0.0	55.8	1002.6	1.3
20060517	18.5	0.0	61.3	1000.9	0.9
20060518	18.2	0.5	71.6	997.2	0.9
20060519	15.4	21.5	94.8	988.7	0.8
20060520	18.6	0.0	75.3	991.9	1.3
20060521	21.7	0.0	71.6	995.9	1.0
20060522	21.0	29.0	78.9	990.2	2.4
20060523	19.1	0.4	75.6	991.8	2.4
20060524	17.6	0.0	74.6	998.1	2.0
20060525	15.7	0.0	69.6	1002.3	1.8
20060526	17.9	0.0	70.4	996.5	2.1
20060527	15.8	5.0	91.3	985.5	2.3
20060528	16.1	19.5	84.0	984.0	1.4
20060529	16.8	7.0	86.8	988.2	1.4
20060530	20.2	0.0	73.5	993.3	1.7
20060531	20.7	0.0	69.8	998.0	1.2
20060601	21.8	0.0	66.8	997.5	1.1
20060602	20.8	0.0	68.6	995.7	2.7
20060603	19.5	0.0	65.9	996.7	2.1
20060604	19.4	0.0	71.8	993.1	1.2
20060605	21.1	1.5	71.1	990.6	1.3
20060606	22.0	0.0	74.4	990.1	1.1
20060607	21.4	0.0	74.1	991.0	1.9
20060608	19.2	0.3	81.3	984.3	1.6
20060609	20.4	1.0	71.4	980.7	1.7
20060610	20.4	13.0	69.0	984.5	1.9
20060611	19.2	0.1	74.4	989.1	2.2
20060612	20.4	0.0	69.4	997.1	1.4
20060613	22.0	0.0	66.4	998.4	1.5
20060614	18.1	24.5	86.6	990.0	2.0
20060615	20.6	4.5	76.0	983.4	2.6
20060616	21.1	0.0	70.8	991.8	1.3
20060617	22.2	0.0	70.5	990.8	1.3
20060618	22.5	0.0	69.8	991.6	2.0
20060619	22.7	0.0	69.0	996.0	1.3
20060620	23.7	0.0	67.5	995.5	1.3
20060621	21.5	0.5	81.0	994.0	1.2
20060622	21.2	4.0	92.6	990.5	0.6
20060623	22.3	0.0	83.1	991.7	1.9
20060624	22.2	0.0	74.6	994.6	2.2
20060625	19.6	0.1	81.8	992.9	2.2
20060626	21.0	0.5	87.5	989.5	1.4
20060627	23.2	0.0	79.0	989.2	1.9
20060628	24.5	0.5	81.0	991.2	1.1
20060629	25.6	0.0	77.0	992.2	1.4
20060630	25.0	4.0	85.6	990.0	1.6
20060701	22.6	15.5	93.5	988.1	1.4
20060702	22.6	0.1	86.0	988.8	1.8
20060703	23.1	0.0	78.5	989.5	1.6
20060704	20.5	14.0	92.8	985.6	2.0
20060705	21.2	1.0	79.0	983.3	1.9
20060706	19.4	0.1	86.5	986.6	0.7
20060707	21.8	1.0	88.0	988.9	0.7
20060708	23.3	3.5	86.8	992.0	1.6
20060709	21.6	17.5	98.5	993.3	0.6
20060710	21.9	75.5	95.6	986.6	3.4
20060711	23.6	2.5	89.1	990.9	1.8
20060712	24.9	33.0	95.1	990.8	0.6
20060713	27.6	0.0	84.5	991.9	1.7
20060714	26.5	19.0	88.5	994.7	1.1
20060715	26.1	8.5	90.5	993.6	1.9
20060716	20.4	102.0	97.1	992.3	1.8
20060717	18.6	65.0	99.0	991.8	0.7
20060718	18.7	57.5	99.0	987.4	0.8
20060719	19.6	6.5	92.6	989.7	1.5
20060720	19.2	12.0	91.5	987.9	1.5
20060721	20.4	1.0	93.6	986.2	0.7
20060722	23.6	0.0	84.9	985.7	1.7
20060723	22.2	0.0	85.1	988.6	1.2
20060724	22.0	0.0	88.9	991.5	0.7
20060725	23.4	0.4	81.6	996.6	1.1
20060726	20.6	72.0	97.6	999.9	1.2
20060727	24.3	0.0	87.4	995.6	1.1
20060728	23.1	28.0	95.0	994.0	1.0
20060729	23.4	16.0	97.6	996.3	0.3
20060730	26.0	0.0	89.1	996.7	0.5
20060731	26.7	0.0	81.4	994.6	1.6
20060801	26.4	0.0	80.6	994.5	1.3
20060802	27.2	0.0	81.6	997.4	1.0
20060803	28.0	0.0	79.4	999.6	1.0
20060804	28.2	0.0	77.6	998.4	1.0
20060805	28.1	0.0	77.0	996.1	1.3
20060806	27.5	0.0	80.8	994.1	1.3
20060807	27.6	0.0	78.8	992.7	1.0
20060808	28.3	0.0	74.0	992.6	1.1
20060809	27.9	0.0	75.6	993.0	1.1
20060810	28.3	0.0	77.3	993.0	1.1
20060811	26.7	0.0	78.6	992.9	1.3
20060812	26.8	0.0	76.6	991.1	1.2
20060813	27.7	0.0	75.6	989.5	1.1
20060814	28.4	0.0	74.5	987.8	1.2
20060815	28.7	0.0	75.9	987.0	1.6
20060816	27.7	0.0	75.1	986.8	2.2
20060817	26.4	0.0	72.8	986.0	1.6
20060818	25.0	0.0	68.5	987.0	2.3
20060819	20.5	14.5	90.9	986.5	1.3
20060820	22.3	7.0	93.0	990.3	0.5
20060821	26.3	0.0	84.3	993.1	0.9
20060822	23.8	13.0	92.9	995.1	1.6
20060823	25.2	0.1	85.1	995.3	0.8
20060824	25.9	7.5	85.1	996.6	1.4
20060825	24.2	3.5	90.9	998.5	0.8
20060826	25.6	0.0	85.5	996.3	1.1
20060827	24.1	7.0	91.4	991.7	1.2
20060828	24.9	0.0	84.1	992.1	1.6
20060829	24.5	0.0	82.4	993.1	1.2
20060830	22.7	6.5	81.4	993.2	1.7
20060831	22.6	0.0	71.1	990.5	2.0
20060901	21.4	0.0	73.4	991.4	1.7
20060902	22.3	0.0	74.9	993.0	1.1
20060903	22.2	0.0	79.9	993.3	1.5
20060904	21.7	0.0	83.1	990.5	1.3
20060905	19.2	1.0	75.9	992.8	2.5
20060906	16.7	12.5	92.9	992.2	0.8
20060907	18.7	0.0	81.9	997.8	1.5
20060908	19.3	0.0	83.8	999.0	1.2
20060909	20.0	0.0	83.0	996.5	2.0
20060910	15.2	0.0	68.0	1001.8	2.2
20060911	14.9	0.0	85.5	1004.4	0.7
20060912	18.1	0.0	80.5	1006.1	1.4
20060913	18.4	0.0	76.6	1005.2	1.7
20060914	18.2	0.0	74.3	1003.6	2.0
20060915	18.1	0.1	83.4	1000.7	1.4
20060916	19.1	2.0	80.9	997.5	1.3
20060917	16.6	15.0	93.9	991.2	1.2
20060918	16.8	19.0	91.3	990.1	1.3
20060919	19.0	0.0	82.0	997.1	1.2
20060920	18.8	0.0	79.5	1000.0	1.2
20060921	19.2	0.0	78.8	1001.7	1.5
20060922	18.2	0.0	76.6	1004.7	1.8
20060923	16.9	0.0	74.0	1004.1	1.7
20060924	16.4	0.0	78.3	1002.2	1.4
20060925	16.6	0.0	78.6	1001.6	1.4
20060926	17.3	0.0	78.6	999.7	1.6
20060927	17.7	0.0	78.9	999.4	1.1
20060928	17.5	0.0	87.4	1000.1	0.8
20060929	18.2	0.0	80.1	1001.0	1.0
20060930	18.1	0.0	75.6	1003.6	1.6
20061001	18.3	0.0	78.6	1001.4	1.6
20061002	18.3	0.0	76.5	999.5	1.3
20061003	17.3	0.0	78.8	998.7	1.0
20061004	17.6	0.0	75.5	997.1	1.8
20061005	17.7	0.0	73.4	996.5	1.7
20061006	17.3	0.0	65.1	995.0	1.4
20061007	16.2	0.0	70.3	995.1	1.1
20061008	17.2	0.0	80.4	998.6	1.0
20061009	17.6	0.0	86.1	1000.8	0.7
20061010	17.7	0.0	80.1	1001.7	0.7
20061011	17.1	0.0	83.1	1001.0	1.0
20061012	15.8	0.0	66.3	1004.2	1.0
20061013	14.9	0.0	74.3	1005.6	1.8
20061014	15.5	0.0	80.6	1002.9	0.9
20061015	16.3	0.0	78.5	1002.5	0.7
20061016	17.3	0.0	84.8	1003.3	0.8
20061017	15.8	0.0	88.4	1004.3	0.5
20061018	16.6	0.0	83.5	1005.2	0.8
20061019	17.3	0.0	79.6	1003.8	1.0
20061020	18.4	0.0	74.8	1005.9	1.5
20061021	18.1	0.0	76.9	1007.6	1.3
20061022	15.7	22.0	91.4	999.5	1.0
20061023	13.7	1.0	77.6	996.3	2.6
20061024	11.5	0.0	73.3	1008.6	1.6
20061025	11.8	0.0	81.6	1007.7	0.8
20061026	14.1	0.5	85.8	1007.1	0.8
20061027	13.6	0.1	79.3	1005.9	1.4
20061028	11.4	0.0	77.5	1003.0	0.8
20061029	12.5	0.0	81.8	1003.1	0.8
20061030	11.1	0.0	80.1	1005.4	0.9
20061031	10.4	0.0	73.9	1003.1	0.8
20061101	12.2	0.0	76.6	1001.8	0.9
20061102	11.6	0.0	78.5	999.9	1.2
20061103	10.7	0.0	81.6	1000.5	1.0
20061104	12.0	0.0	83.1	999.2	0.8
20061105	11.1	8.5	78.5	995.5	1.8
20061106	5.3	3.5	88.0	995.3	2.1
20061107	3.2	0.2	65.3	1002.5	3.4
20061108	8.6	0.0	76.5	1002.6	1.1
20061109	10.9	2.5	92.6	1001.7	1.0
20061110	8.7	0.0	79.4	1004.2	0.7
20061111	7.9	3.0	64.4	999.3	1.9
20061112	4.1	0.0	61.9	1003.2	1.3
20061113	7.2	0.1	74.0	999.2	1.4
20061114	7.3	0.1	55.5	999.5	3.1
20061115	5.5	1.5	73.6	1000.8	1.9
20061116	2.9	0.0	52.0	1006.3	2.0
20061117	2.7	0.0	69.4	1009.4	0.9
20061118	4.9	0.0	76.1	1008.0	0.7
20061119	7.2	0.0	81.8	1003.0	0.9
20061120	7.8	0.5	77.0	1001.6	0.9
20061121	6.1	0.0	74.4	1002.6	1.0
20061122	6.9	0.0	77.9	1007.6	0.7
20061123	7.4	0.2	75.1	1009.7	2.4
20061124	6.8	0.0	63.9	1013.8	2.0
20061125	7.7	0.0	76.6	1008.2	1.3
20061126	8.2	0.5	95.5	998.9	0.5
20061127	7.5	17.5	96.6	995.9	0.5
20061128	5.3	0.5	93.8	1000.5	0.9
20061129	2.5	0.0	66.0	1006.0	2.1
20061130	1.4	0.0	80.8	1005.7	1.5
20061201	1.1	0.0	85.9	1001.8	1.2
20061202	-0.5	0.3	61.3	1004.3	3.3
20061203	-3.4	0.0	50.4	1011.0	3.2
20061204	-2.1	0.0	55.6	1013.3	2.0
20061205	-1.1	0.0	74.0	1013.7	1.0
20061206	-0.3	0.0	91.0	1014.0	1.1
20061207	2.3	0.4	90.6	1008.4	0.4
20061208	4.3	3.5	93.0	1009.1	0.9
20061209	3.5	2.5	86.1	1005.5	1.4
20061210	0.5	0.0	63.5	1009.2	1.7
20061211	0.2	0.0	77.5	1009.6	0.8
20061212	3.2	0.0	78.1	1007.8	1.1
20061213	3.6	0.0	79.5	1005.3	1.1
20061214	2.6	0.0	76.6	1003.6	1.1
20061215	1.8	0.0	80.1	1004.4	0.9
20061216	1.1	0.0	82.8	1002.6	1.3
20061217	-0.9	0.1	78.9	1003.1	1.9
20061218	-0.9	0.0	53.5	1014.7	2.3
20061219	-2.1	0.0	65.3	1018.3	0.7
20061220	-0.2	0.0	72.0	1015.5	0.7
20061221	0.2	0.0	77.1	1010.3	0.7
20061222	0.1	0.0	81.1	1007.9	1.2
20061223	1.6	0.0	75.0	1007.3	1.9
20061224	1.4	0.0	81.8	1009.4	0.7
20061225	4.2	0.0	86.8	1008.8	0.8
20061226	4.1	0.0	91.3	1002.2	1.0
20061227	1.8	0.0	74.9	997.8	2.8
20061228	-5.9	0.0	48.1	1004.0	4.9
20061229	-7.1	0.0	44.9	1012.8	2.5
20061230	-4.4	0.0	52.4	1015.4	0.8
20061231	-0.8	0.0	54.5	1014.7	0.7
20070101	1.5	0.0	56.5	1009.6	0.8
20070102	4.4	0.0	66.4	1006.7	0.9
20070103	5.0	0.0	72.3	1010.0	1.8
20070104	3.3	0.0	78.6	1010.8	1.3
20070105	3.1	0.0	79.5	1007.2	0.7
20070106	-0.6	1.0	79.8	995.1	3.7
20070107	-2.4	0.0	65.8	1002.0	4.1
20070108	-1.7	0.0	60.0	1007.5	3.1
20070109	-2.1	0.0	61.4	1010.6	1.5
20070110	-2.3	0.0	71.1	1012.3	1.6
20070111	-2.5	0.0	67.5	1013.2	1.5
20070112	-2.2	0.0	57.1	1010.0	2.7
20070113	-4.4	0.0	54.6	1010.1	2.4
20070114	-4.0	0.0	54.4	1011.9	1.4
20070115	-1.7	0.0	55.6	1010.1	0.9
20070116	1.1	0.0	55.4	1006.5	0.7
20070117	0.7	0.0	64.5	1005.7	1.7
20070118	1.5	0.0	54.4	1008.2	2.0
20070119	-1.8	0.0	60.9	1011.0	0.9
20070120	-1.1	0.0	61.5	1010.7	0.6
20070121	0.0	0.0	74.9	1010.1	0.8
20070122	1.0	0.0	72.4	1010.1	1.0
20070123	-0.3	0.0	76.0	1009.5	0.6
20070124	1.1	0.0	60.4	1007.0	1.1
20070125	-1.1	0.0	64.4	1007.3	1.3
20070126	-1.4	0.4	83.4	1001.7	1.3
20070127	0.6	0.0	80.0	1005.3	2.2
20070128	-0.8	0.0	72.5	1006.1	1.6
20070129	-0.4	0.0	70.5	1007.3	0.9
20070130	-2.4	0.0	74.3	1005.0	2.7
20070131	-2.1	0.0	57.3	1007.0	3.7
20070201	-4.0	0.0	52.1	1004.6	3.4
20070202	-3.9	0.0	56.3	1007.0	2.5
20070203	0.5	0.0	66.6	1003.1	3.1
20070204	2.3	0.0	54.0	1006.5	1.1
20070205	2.8	0.0	60.1	1004.3	1.4
20070206	5.1	0.0	71.0	1005.5	0.9
20070207	6.1	0.0	75.9	1008.8	1.4
20070208	6.3	10.0	95.3	1003.2	0.6
20070209	5.7	0.0	83.8	997.7	2.3
20070210	3.6	0.0	65.1	996.7	3.4
20070211	1.4	0.0	56.4	1001.9	2.6
20070212	1.2	0.0	63.3	1004.4	1.0
20070213	3.3	17.0	77.3	1001.0	1.1
20070214	2.0	6.5	66.5	994.2	4.8
20070215	0.0	0.0	41.3	1003.5	3.9
20070216	1.7	0.0	64.6	1005.9	1.2
20070217	4.3	0.0	79.6	1000.3	1.2
20070218	4.8	0.0	80.3	997.3	1.4
20070219	3.7	0.0	69.4	1000.4	1.0
20070220	4.1	0.0	64.1	1002.8	1.0
20070221	4.8	0.0	60.4	1004.5	1.0
20070222	5.5	0.0	60.8	998.3	1.0
20070223	6.1	0.0	53.0	1000.2	2.3
20070224	2.7	0.0	68.3	1006.4	1.9
20070225	4.5	0.2	73.8	1007.5	1.9
20070226	5.2	0.0	69.9	1008.5	1.2
20070227	6.0	0.0	69.6	1008.6	1.9
20070228	5.7	0.0	60.3	1013.2	2.0
20070301	6.2	0.0	64.5	1010.5	1.1
20070302	6.6	4.5	87.9	1005.7	0.7
20070303	10.6	0.5	86.9	1004.0	1.2
20070304	11.1	19.5	90.3	994.5	2.7
20070305	0.9	1.0	70.4	991.7	6.2
20070306	-3.8	0.0	50.0	1002.4	5.2
20070307	-2.3	0.0	54.9	1001.3	3.5
20070308	1.1	0.2	59.4	1003.8	2.6
20070309	3.2	0.0	62.1	1006.3	1.7
20070310	3.0	0.0	60.6	999.5	3.2
20070311	0.1	0.0	44.9	1002.1	4.9
20070312	3.3	0.0	40.3	1003.8	3.4
20070313	3.9	0.0	48.8	1002.7	2.0
20070314	5.2	0.0	55.8	1004.1	1.4
20070315	7.6	0.0	64.9	1002.4	1.9
20070316	7.0	0.0	64.0	1004.7	2.8
20070317	3.8	1.5	82.8	1007.7	2.1
20070318	4.7	0.0	72.6	1006.5	1.5
20070319	4.6	0.0	69.5	1007.2	2.6
20070320	5.1	0.0	64.6	1007.9	1.4
20070321	6.6	0.0	69.6	1007.1	1.8
20070322	8.0	0.0	66.8	1006.3	1.7
20070323	11.5	0.0	53.6	1002.8	1.1
20070324	9.2	11.5	93.8	988.0	1.5
20070325	11.1	0.0	60.1	991.7	3.1
20070326	8.3	6.5	71.4	997.7	1.3
20070327	9.7	0.0	81.0	994.2	1.6
20070328	10.3	7.0	73.1	993.0	2.1
20070329	8.2	20.5	87.4	992.0	2.3
20070330	10.3	0.5	73.5	996.2	1.4
20070331	9.1	9.0	86.9	989.6	1.8
20070401	9.3	0.0	65.1	994.1	1.8
20070402	7.0	0.0	56.3	997.4	3.3
20070403	5.3	0.0	52.0	1000.1	3.1
20070404	5.7	0.5	56.9	1004.2	2.1
20070405	7.3	0.0	57.1	1008.9	1.2
20070406	10.9	0.0	50.9	1004.5	1.9
20070407	10.4	0.0	53.6	1001.8	2.4
20070408	9.3	0.0	59.9	1001.1	1.8
20070409	9.9	0.0	53.1	1003.4	1.8
20070410	10.8	0.0	57.0	1003.7	2.1
20070411	12.1	0.0	70.1	1003.4	1.8
20070412	12.8	0.0	70.5	999.3	1.0
20070413	10.4	4.0	82.0	992.0	2.7
20070414	12.3	0.0	56.5	995.1	2.2
20070415	10.7	2.0	65.3	993.6	2.2
20070416	6.6	6.0	83.3	992.1	1.5
20070417	8.6	0.0	72.9	997.4	2.0
20070418	9.5	0.3	73.6	997.9	1.6
20070419	11.7	0.0	61.1	998.8	2.0
20070420	14.9	0.0	64.3	995.6	2.5
20070421	19.2	0.0	70.1	994.8	2.3
20070422	15.7	3.0	68.4	993.6	2.2
20070423	12.4	0.0	50.4	998.2	2.1
20070424	11.7	0.0	59.8	995.1	1.7
20070425	14.1	0.0	53.6	993.6	3.1
20070426	15.2	0.0	56.4	1000.4	2.4
20070427	15.0	0.0	55.9	1001.9	2.1
20070428	15.4	0.0	36.3	1003.1	2.3
20070429	17.1	0.0	38.3	1002.2	2.3
20070430	14.2	2.0	54.0	998.2	0.8
20070501	13.2	2.0	93.1	988.0	1.2
20070502	16.8	0.0	64.3	992.4	2.1
20070503	16.5	0.0	68.4	994.2	2.3
20070504	19.5	0.0	61.3	990.9	2.8
20070505	19.0	0.0	57.4	991.2	2.0
20070506	17.2	0.0	66.9	987.0	2.0
20070507	19.8	0.0	55.4	988.9	2.2
20070508	21.0	0.0	49.0	994.0	2.6
20070509	16.6	4.5	60.9	994.4	2.0
20070510	15.6	0.5	66.5	997.6	2.0
20070511	18.7	0.0	53.8	999.4	1.5
20070512	14.7	6.5	78.3	992.0	1.7
20070513	17.1	0.0	52.1	994.9	2.8
20070514	19.4	0.0	52.4	993.2	3.2
20070515	19.0	0.0	62.6	995.8	1.3
20070516	15.1	45.5	89.4	985.4	1.1
20070517	18.2	0.5	65.1	978.8	3.6
20070518	16.3	0.5	70.3	982.6	2.6
20070519	15.4	0.0	77.8	991.1	1.6
20070520	17.4	0.0	70.8	995.7	1.3
20070521	16.7	0.0	67.1	996.3	1.3
20070522	18.4	0.0	59.3	995.5	1.2
20070523	20.6	0.0	59.9	993.9	1.1
20070524	21.0	30.5	75.9	987.5	1.8
20070525	21.0	10.5	67.6	981.8	2.4
20070526	21.9	0.0	49.3	987.0	2.8
20070527	19.3	0.0	62.8	992.9	2.8
20070528	17.8	0.0	69.9	998.0	2.7
20070529	19.5	0.0	72.1	993.2	2.0
20070530	18.3	0.3	78.8	992.5	2.2
20070531	18.2	0.0	76.0	996.3	2.2
20070601	17.6	0.0	73.3	995.8	1.9
20070602	19.3	0.0	70.9	995.0	2.2
20070603	20.4	0.0	69.8	996.4	2.3
20070604	21.0	0.0	73.5	994.8	1.4
20070605	22.6	0.0	71.3	991.7	2.6
20070606	23.3	0.0	66.5	991.7	2.7
20070607	22.1	0.0	67.0	992.0	1.9
20070608	19.6	4.0	77.5	992.4	2.1
20070609	18.1	0.0	73.6	994.9	1.3
20070610	20.0	0.0	71.8	995.0	1.6
20070611	23.7	0.0	62.3	994.4	1.3
20070612	25.1	0.0	63.4	993.8	1.5
20070613	22.9	1.5	74.0	991.0	1.1
20070614	20.4	4.5	81.5	990.5	0.8
20070615	20.3	0.0	63.6	994.6	2.0
20070616	20.9	0.0	52.1	996.7	2.6
20070617	20.4	0.0	53.8	996.6	2.0
20070618	23.3	0.0	52.1	996.3	1.9
20070619	22.3	0.0	68.1	997.5	2.4
20070620	24.9	0.0	68.0	995.1	1.8
20070621	22.9	44.5	86.5	991.0	1.3
20070622	22.1	8.0	86.3	988.5	1.0
20070623	21.2	2.5	82.6	991.7	1.6
20070624	19.5	55.5	97.3	985.0	0.8
20070625	22.5	0.0	82.1	986.2	1.6
20070626	24.7	0.0	77.0	988.9	1.3
20070627	25.8	0.0	80.9	991.3	1.0
20070628	26.0	3.5	86.1	988.6	1.4
20070629	25.0	3.0	82.6	988.0	2.4
20070630	23.5	0.0	79.4	992.4	2.2
20070701	19.9	36.0	93.4	991.0	1.9
20070702	21.6	10.5	94.5	987.3	0.7
20070703	24.1	0.2	85.9	987.4	1.0
20070704	21.5	9.0	91.4	985.0	1.1
20070705	23.1	0.0	84.5	988.3	1.7
20070706	23.5	0.0	80.5	987.6	1.9
20070707	23.5	0.0	78.1	988.3	1.2
20070708	23.0	0.0	82.1	988.8	1.6
20070709	21.0	12.0	85.6	987.9	2.1
20070710	20.4	36.5	93.9	983.1	1.1
20070711	20.4	0.5	88.3	987.8	1.6
20070712	23.8	0.0	78.5	991.4	1.7
20070713	21.9	0.0	82.5	993.1	3.1
20070714	21.6	0.0	71.5	986.5	2.8
20070715	22.6	0.0	72.3	985.9	1.8
20070716	20.1	13.5	90.3	984.5	1.4
20070717	22.2	2.5	88.9	985.6	1.4
20070718	24.2	0.0	80.4	987.3	1.0
20070719	23.8	9.0	93.9	983.7	1.0
20070720	23.5	1.5	89.8	986.1	0.8
20070721	21.2	1.0	91.4	988.7	0.5
20070722	24.0	0.5	85.3	989.9	1.0
20070723	25.3	0.2	84.0	993.2	0.9
20070724	23.9	15.0	96.1	993.9	0.4
20070725	26.1	1.5	86.9	993.2	1.5
20070726	26.8	0.0	80.9	994.1	1.4
20070727	27.5	0.0	80.8	993.1	1.9
20070728	27.2	0.0	81.5	992.4	1.9
20070729	23.4	24.5	91.1	994.0	1.1
20070730	23.8	0.0	82.0	994.3	1.4
20070731	25.6	0.0	79.4	991.0	1.5
20070801	27.2	0.5	79.0	988.8	1.5
20070802	28.3	0.0	76.5	988.9	1.1
20070803	27.0	4.5	81.1	987.9	1.3
20070804	25.1	8.0	91.6	990.7	1.3
20070805	24.4	3.0	92.1	994.1	0.7
20070806	24.3	7.5	90.3	997.5	0.9
20070807	24.2	10.0	94.0	996.4	0.5
20070808	22.9	48.0	96.9	995.0	1.1
20070809	25.2	9.0	95.1	995.0	0.9
20070810	26.6	2.0	89.0	993.7	1.0
20070811	27.6	0.0	77.4	991.6	1.5
20070812	26.1	2.0	84.4	987.3	3.0
20070813	26.1	2.0	89.3	987.1	1.7
20070814	26.6	1.0	87.4	988.3	1.7
20070815	27.0	3.0	84.8	995.4	1.1
20070816	27.4	0.0	82.6	997.2	1.3
20070817	28.1	0.0	78.8	995.6	1.2
20070818	27.7	0.0	80.6	993.5	1.1
20070819	27.5	0.0	80.5	993.9	1.4
20070820	27.2	0.0	77.6	993.8	1.6
20070821	26.5	0.5	83.9	991.7	2.0
20070822	25.7	1.5	89.3	992.0	1.4
20070823	26.3	0.0	77.1	996.3	1.3
20070824	26.7	0.0	81.3	999.4	1.2
20070825	27.7	0.0	80.6	999.7	1.3
20070826	26.8	0.5	80.4	999.0	1.0
20070827	26.2	7.0	87.8	995.9	1.4
20070828	23.7	24.5	93.8	994.3	1.6
20070829	20.1	77.0	97.4	992.8	1.6
20070830	18.8	49.5	97.5	992.3	0.8
20070831	20.9	0.5	88.4	994.3	0.6
20070901	18.3	89.5	98.8	992.3	1.1
20070902	20.1	3.0	95.9	989.8	1.0
20070903	21.2	0.0	87.3	994.1	1.0
20070904	19.1	12.0	95.9	996.1	0.9
20070905	18.9	46.0	97.4	994.0	0.9
20070906	18.9	4.5	93.8	990.4	1.3
20070907	20.7	1.0	88.8	988.7	0.9
20070908	21.9	0.0	77.0	990.9	2.0
20070909	21.0	0.0	78.4	993.2	1.7
20070910	20.9	0.0	81.9	996.1	1.1
20070911	21.9	0.0	79.6	996.0	0.9
20070912	21.6	0.0	85.5	996.9	1.0
20070913	21.7	0.0	83.4	998.3	1.6
20070914	19.2	9.0	92.5	996.3	1.8
20070915	21.1	38.0	98.0	991.4	1.1
20070916	19.9	62.5	95.8	992.1	1.4
20070917	22.3	9.0	81.8	997.2	1.8
20070918	21.6	0.0	83.9	1000.1	2.4
20070919	25.9	0.0	81.0	996.7	1.6
20070920	26.7	0.0	77.6	996.8	2.1
20070921	26.0	0.0	79.4	997.8	1.8
20070922	20.7	2.5	86.9	1004.1	1.6
20070923	19.8	0.0	81.8	1004.4	1.4
20070924	18.8	1.0	89.5	1001.1	0.9
20070925	20.7	0.0	82.0	1000.3	1.7
20070926	20.3	0.0	84.9	1000.5	1.0
20070927	22.3	0.0	78.8	996.0	1.9
20070928	19.5	1.5	84.3	999.6	1.6
20070929	17.8	0.0	81.9	1005.4	1.5
20070930	17.2	1.0	92.4	1003.1	0.5
20071001	17.6	0.0	90.5	1000.3	0.4
20071002	18.8	0.0	82.6	1001.3	1.1
20071003	19.0	0.0	85.3	1002.6	0.7
20071004	19.6	2.0	89.6	1001.4	0.9
20071005	18.2	0.0	79.8	1001.9	1.8
20071006	18.1	0.0	78.4	1001.0	1.8
20071007	19.0	0.3	87.3	996.3	1.3
20071008	18.2	0.1	74.1	996.1	1.7
20071009	15.7	0.0	78.0	998.9	1.5
20071010	16.7	0.0	78.4	1000.7	1.7
20071011	16.4	0.0	73.6	1001.4	1.3
20071012	16.0	0.0	79.1	1005.1	0.9
20071013	16.0	0.0	82.3	1006.1	1.1
20071014	14.8	4.5	86.8	1004.1	1.2
20071015	14.0	0.0	83.4	1006.4	1.5
20071016	14.0	0.0	82.4	1005.4	1.2
20071017	12.3	0.0	81.6	1005.2	1.0
20071018	13.1	0.0	83.5	1004.8	1.1
20071019	11.3	1.0	76.5	998.2	2.2
20071020	7.0	0.0	56.9	1001.1	3.3
20071021	9.5	0.0	69.6	1003.2	1.7
20071022	11.1	0.0	82.5	1003.4	1.1
20071023	13.0	0.0	84.1	1008.3	0.9
20071024	14.1	0.0	84.4	1009.6	0.8
20071025	14.8	5.0	90.9	1005.5	0.9
20071026	14.9	8.5	88.4	1001.3	0.6
20071027	12.3	0.0	80.1	1000.9	1.0
20071028	11.8	0.2	86.5	999.0	0.9
20071029	11.6	0.0	68.6	1003.8	2.6
20071030	10.0	0.0	76.8	1007.6	1.0
20071031	9.1	0.0	78.0	1006.2	1.0
20071101	8.8	0.0	60.5	1003.2	2.5
20071102	6.6	0.0	73.5	1004.4	1.6
20071103	7.1	0.0	78.6	1008.1	1.0
20071104	8.9	0.0	81.8	1011.8	0.8
20071105	8.9	0.0	94.3	1009.5	0.6
20071106	8.8	0.0	90.4	1007.6	0.6
20071107	8.9	0.0	85.1	1005.1	0.7
20071108	10.0	0.0	78.6	1004.6	0.7
20071109	11.2	0.0	87.0	1004.3	1.0
20071110	9.6	0.0	71.6	1002.2	2.3
20071111	7.0	0.0	71.3	1002.6	2.3
20071112	5.5	0.0	75.3	1003.3	1.1
20071113	6.7	0.0	78.0	1003.9	1.1
20071114	7.9	0.0	83.5	1005.3	0.8
20071115	8.1	0.0	81.4	1007.0	1.2
20071116	5.8	0.0	65.6	1005.6	1.4
20071117	4.9	0.0	65.9	999.5	2.4
20071118	1.3	0.0	37.0	1006.8	3.9
20071119	-1.7	0.0	55.0	1008.2	1.3
20071120	0.8	0.7	60.3	1006.6	2.6
20071121	1.5	0.3	63.5	1010.7	1.8
20071122	2.2	0.0	56.5	1013.3	1.2
20071123	2.9	0.5	78.9	1009.2	0.8
20071124	5.7	0.4	78.4	1008.6	1.3
20071125	3.5	0.0	79.4	1009.2	1.1
20071126	4.7	0.0	81.5	1004.0	1.6
20071127	3.2	0.0	56.1	1001.0	1.9
20071128	3.4	0.0	65.1	1002.3	0.9
20071129	6.8	0.0	69.8	1003.2	1.3
20071130	3.7	0.0	50.6	1006.7	2.3
20071201	3.1	0.0	65.1	1006.7	1.6
20071202	4.2	3.5	83.5	1002.7	1.2
20071203	2.5	0.0	69.4	1005.4	2.9
20071204	-1.2	0.0	51.8	1012.9	3.5
20071205	-1.5	0.0	49.5	1012.8	2.5
20071206	-2.0	0.1	79.9	1006.4	0.8
20071207	1.9	1.0	78.5	1003.4	1.9
20071208	-0.2	0.0	73.3	1006.9	2.0
20071209	-0.4	0.0	71.0	1008.9	1.4
20071210	0.5	0.0	78.0	1006.5	0.8
20071211	4.1	2.5	96.0	1000.8	0.8
20071212	3.5	0.0	89.5	997.9	0.8
20071213	2.1	0.0	68.6	994.3	3.2
20071214	-0.1	0.0	55.6	998.9	2.6
20071215	0.4	0.0	67.5	1001.8	2.0
20071216	-1.2	0.0	70.4	1008.4	1.7
20071217	0.5	0.0	77.1	1005.0	1.6
20071218	-0.3	0.0	69.3	1004.8	1.8
20071219	-1.9	0.0	76.1	1004.3	1.5
20071220	-0.7	0.0	80.0	1006.9	0.6
20071221	1.3	0.0	87.4	1010.5	0.7
20071222	3.9	0.0	76.6	1005.5	0.9
20071223	2.2	0.0	76.3	1004.2	1.8
20071224	0.9	0.0	79.8	1010.6	0.9
20071225	4.1	0.0	77.3	1011.2	1.0
20071226	7.0	0.0	74.1	1012.1	1.2
20071227	3.4	2.5	91.4	1006.9	0.8
20071228	5.2	9.5	97.1	997.0	1.2
20071229	1.8	0.1	70.5	992.8	3.5
20071230	-4.5	0.0	55.0	993.5	5.4
20071231	-4.3	0.0	53.5	996.4	4.4
20080101	-5.8	0.0	54.4	1001.5	3.0
20080102	-3.6	0.0	52.5	1006.4	2.5
20080103	-0.9	0.0	63.6	1006.2	1.6
20080104	-0.7	0.0	64.8	1007.3	0.9
20080105	0.2	0.0	66.0	1005.3	1.7
20080106	1.3	0.0	77.0	1005.3	1.1
20080107	1.8	0.0	85.8	1000.9	1.1
20080108	1.9	0.0	66.0	1001.6	1.5
20080109	1.5	0.0	61.0	1003.9	0.9
20080110	1.5	0.0	66.5	1006.1	0.9
20080111	2.0	14.5	88.1	1002.6	0.9
20080112	2.2	5.5	92.9	1004.7	0.7
20080113	0.1	0.0	74.6	1010.7	1.5
20080114	-0.9	0.0	81.5	1012.2	0.9
20080115	-1.8	0.0	61.1	1013.0	1.4
20080116	-4.1	0.0	37.9	1014.5	2.7
20080117	-6.4	0.0	49.6	1016.4	0.8
20080118	-3.8	0.0	51.6	1014.6	0.9
20080119	-1.8	0.0	59.3	1014.5	0.5
20080120	1.3	0.3	79.9	1007.7	0.8
20080121	2.7	0.0	69.6	1008.0	2.7
20080122	2.0	2.5	90.1	1006.6	0.7
20080123	-0.3	5.0	71.6	1003.5	2.7
20080124	-5.7	0.0	44.6	1010.3	3.2
20080125	-5.0	0.0	62.5	1012.9	0.7
20080126	-3.0	0.0	67.4	1011.5	0.6
20080127	-2.3	0.0	76.8	1009.5	0.6
20080128	-0.5	0.0	71.9	1001.7	0.7
20080129	1.0	0.0	47.3	998.3	1.5
20080130	-1.1	0.0	53.0	1003.1	3.0
20080131	-3.4	0.0	53.0	1007.7	2.2
20080201	-3.1	0.0	50.0	1009.0	1.3
20080202	-2.0	0.0	50.5	1004.6	0.7
20080203	-2.0	0.0	59.3	1001.0	1.6
20080204	-1.4	0.0	51.9	1005.0	2.6
20080205	-2.7	0.0	52.1	1007.2	1.3
20080206	-1.9	0.0	43.6	1004.3	2.6
20080207	-3.8	0.0	51.6	1005.2	1.6
20080208	-3.2	0.0	55.1	1007.3	1.0
20080209	-2.7	0.0	54.8	1005.7	2.0
20080210	-1.2	0.0	51.9	1008.2	1.0
20080211	0.1	0.0	45.8	1005.0	1.5
20080212	-3.8	0.0	26.1	1004.5	3.5
20080213	-5.8	0.0	37.5	1007.5	2.4
20080214	-2.4	0.0	36.1	1006.5	2.1
20080215	-1.8	0.0	33.4	1007.2	2.9
20080216	-3.3	0.0	34.0	1010.8	2.7
20080217	-2.8	0.0	43.0	1015.2	1.5
20080218	-2.9	0.0	44.9	1016.6	1.0
20080219	0.1	0.0	42.9	1011.0	1.9
20080220	2.9	0.0	43.4	1008.2	2.4
20080221	1.2	0.0	46.6	1006.8	1.0
20080222	4.2	0.0	54.3	999.8	1.5
20080223	-0.4	0.0	38.5	1003.4	3.6
20080224	-1.4	0.0	49.1	1013.0	1.5
20080225	-0.7	0.9	76.1	1009.1	1.1
20080226	0.4	1.9	72.9	1000.1	2.5
20080227	1.2	0.0	49.0	1003.4	3.0
20080228	2.1	0.0	56.1	1001.3	1.7
20080229	4.0	0.0	54.9	990.8	2.2
20080301	3.5	0.0	44.9	999.0	2.4
20080302	2.9	0.0	57.4	997.9	1.0
20080303	3.3	0.0	71.1	997.0	1.5
20080304	0.2	9.6	92.6	1002.5	1.1
20080305	1.6	0.0	79.3	1007.5	1.0
20080306	2.4	0.0	74.6	1005.9	1.6
20080307	3.1	0.0	65.0	1008.3	1.0
20080308	4.0	0.0	56.4	1008.6	1.2
20080309	6.5	0.0	46.8	1002.6	1.7
20080310	7.7	0.0	48.4	1001.1	2.6
20080311	8.4	0.0	63.8	1004.3	1.4
20080312	9.8	0.0	68.1	1006.4	1.3
20080313	8.5	0.5	72.5	1001.5	0.9
20080314	8.9	0.1	63.3	1001.9	1.7
20080315	9.7	0.0	51.5	1001.8	1.9
20080316	9.7	0.0	38.9	1000.3	2.5
20080317	8.3	0.0	53.5	1001.2	1.3
20080318	10.9	0.0	63.1	1000.1	0.9
20080319	9.0	0.0	63.8	1000.6	2.0
20080320	6.8	0.0	54.0	1006.0	2.3
20080321	8.4	0.0	53.0	1006.4	2.2
20080322	10.2	0.5	61.6	1000.7	1.6
20080323	8.9	27.0	93.3	991.4	1.4
20080324	10.3	0.5	61.8	993.3	3.2
20080325	6.5	0.0	52.1	993.0	3.3
20080326	6.4	0.0	56.9	994.4	2.7
20080327	5.8	0.0	58.6	994.8	1.9
20080328	6.8	0.0	64.1	1002.5	2.0
20080329	6.3	2.5	84.8	1006.2	1.2
20080330	6.8	3.0	84.3	997.9	0.9
20080331	6.6	0.0	73.8	997.7	2.0
20080401	7.8	0.0	64.5	1000.1	2.0
20080402	9.7	0.0	51.3	995.5	2.4
20080403	10.2	0.0	46.0	996.1	2.8
20080404	10.6	0.0	39.8	1000.8	1.8
20080405	12.9	0.0	43.1	1003.4	1.2
20080406	14.9	0.0	39.0	998.7	1.4
20080407	11.5	7.5	74.8	993.9	1.5
20080408	12.8	0.0	58.1	999.0	2.2
20080409	9.9	11.0	78.0	992.9	1.8
20080410	11.2	10.5	76.1	991.6	1.3
20080411	12.2	0.0	66.5	998.4	1.7
20080412	10.0	0.0	77.1	1003.2	2.1
20080413	11.4	0.0	78.6	999.3	1.0
20080414	13.0	0.0	65.9	999.8	1.2
20080415	16.3	0.0	53.5	999.5	1.3
20080416	16.1	0.0	62.0	998.7	1.7
20080417	14.8	0.4	73.3	998.5	1.5
20080418	16.9	0.0	49.6	1000.6	1.5
20080419	16.0	0.0	48.3	1004.2	2.1
20080420	15.3	0.0	45.8	1005.8	2.5
20080421	16.1	0.0	39.5	1004.6	2.0
20080422	18.8	0.2	40.3	999.9	1.7
20080423	12.7	6.0	75.9	994.5	2.6
20080424	10.2	0.0	44.9	997.3	3.0
20080425	13.5	0.0	40.5	995.8	2.0
20080426	10.2	2.5	69.9	992.2	2.9
20080427	10.1	0.0	65.3	997.9	2.0
20080428	13.0	0.0	58.9	999.7	1.4
20080429	17.6	0.0	59.3	999.1	1.8
20080430	19.8	0.0	51.6	997.3	1.7
20080501	19.6	0.0	51.1	995.3	1.1
20080502	20.8	0.0	53.8	994.0	1.2
20080503	22.5	0.0	54.9	994.2	1.0
20080504	19.4	0.2	64.1	987.8	1.1
20080505	18.0	0.5	45.1	989.0	2.8
20080506	17.2	0.0	31.3	994.2	2.2
20080507	19.9	0.0	26.4	993.1	2.0
20080508	19.6	0.0	35.5	994.3	1.3
20080509	16.3	0.0	41.0	999.8	3.2
20080510	13.4	0.0	53.3	1001.8	2.9
20080511	12.5	0.0	60.4	1002.0	2.4
20080512	12.8	0.0	59.1	1000.4	3.2
20080513	11.8	7.5	78.6	996.5	1.6
20080514	13.2	5.0	69.6	998.5	1.6
20080515	15.0	0.0	58.1	999.5	1.4
20080516	16.5	0.0	57.6	996.1	1.4
20080517	18.1	0.0	54.9	994.5	1.3
20080518	17.6	19.0	71.3	990.8	1.5
20080519	16.1	9.5	60.8	988.1	2.7
20080520	15.5	0.0	60.0	991.5	1.8
20080521	18.8	0.0	55.9	993.4	1.5
20080522	21.7	0.0	53.0	996.4	1.5
20080523	21.4	0.1	73.0	995.7	1.0
20080524	20.6	0.2	75.9	989.7	1.6
20080525	21.9	0.0	68.6	988.9	2.0
20080526	21.7	0.0	57.3	992.5	2.3
20080527	23.5	0.0	46.3	990.5	1.5
20080528	18.9	16.5	82.4	985.7	1.1
20080529	20.2	0.0	76.5	989.1	2.2
20080530	17.7	0.0	73.0	990.4	1.4
20080531	17.6	0.0	57.6	992.3	1.7
20080601	20.1	0.0	54.5	996.0	1.6
20080602	18.9	0.0	67.1	998.1	2.6
20080603	18.8	0.0	67.3	998.0	2.7
20080604	15.8	3.0	79.4	995.8	3.0
20080605	14.5	17.5	92.5	990.0	1.1
20080606	18.5	0.0	73.5	993.8	2.0
20080607	20.1	0.0	67.9	994.3	1.6
20080608	20.4	17.0	71.3	993.8	1.2
20080609	21.1	0.0	73.1	994.4	1.2
20080610	23.1	0.0	66.5	992.3	1.2
20080611	21.3	0.0	53.6	993.0	2.0
20080612	21.2	0.0	51.6	992.5	1.1
20080613	23.9	0.0	55.9	994.2	1.4
20080614	20.6	0.0	61.5	1000.0	3.4
20080615	18.7	0.0	61.3	999.9	2.7
20080616	18.6	0.0	64.0	999.0	2.7
20080617	19.9	0.0	69.1	999.5	2.5
20080618	20.2	44.0	94.6	993.0	1.4
20080619	22.6	0.0	75.8	992.2	1.9
20080620	23.9	0.0	76.0	988.6	1.1
20080621	22.0	2.5	79.1	986.1	1.7
20080622	22.2	0.0	72.9	986.3	1.9
20080623	21.1	0.0	66.4	989.5	2.1
20080624	20.6	0.0	67.9	990.8	2.3
20080625	21.1	0.0	68.9	991.7	2.0
20080626	21.4	0.0	68.0	992.7	1.8
20080627	23.2	0.0	67.0	993.9	1.5
20080628	18.9	44.0	92.1	991.9	1.2
20080629	19.7	10.5	87.5	990.5	0.8
20080630	22.4	0.0	74.5	995.9	1.1
20080701	22.7	0.0	78.1	994.5	1.2
20080702	22.4	4.0	87.1	988.7	0.9
20080703	24.4	1.0	75.0	987.7	2.1
20080704	26.2	0.0	73.6	989.9	1.5
20080705	26.7	0.0	78.4	989.6	1.0
20080706	29.2	0.0	72.4	990.1	1.6
20080707	28.9	0.0	73.3	994.0	1.8
20080708	28.4	0.0	71.0	996.1	1.5
20080709	28.7	0.0	64.8	994.2	1.3
20080710	28.3	0.0	63.5	990.8	1.6
20080711	27.9	0.0	62.8	989.2	1.6
20080712	26.5	0.0	71.9	989.9	1.2
20080713	25.9	0.1	81.4	990.7	1.2
20080714	28.1	0.0	70.3	993.8	1.6
20080715	28.2	0.2	70.5	992.1	1.3
20080716	27.9	1.0	71.8	987.9	1.8
20080717	27.3	2.5	73.1	987.8	1.6
20080718	27.5	0.0	66.1	990.7	1.4
20080719	24.7	53.0	88.9	991.6	1.2
20080720	26.3	1.5	85.1	989.3	2.1
20080721	26.7	0.0	71.9	986.7	2.2
20080722	25.0	0.2	82.6	989.0	1.0
20080723	25.3	10.5	81.9	991.1	1.0
20080724	27.4	3.0	82.0	988.3	0.9
20080725	23.6	78.0	91.8	988.4	1.7
20080726	25.7	2.5	81.6	990.8	1.7
20080727	26.9	0.0	79.0	994.5	1.2
20080728	28.3	0.0	77.4	995.4	1.5
20080729	28.5	0.0	74.1	994.9	1.6
20080730	25.9	10.5	85.1	996.3	1.1
20080731	25.7	0.1	85.9	998.1	0.8
20080801	28.3	0.0	73.9	993.3	1.5
20080802	28.2	0.0	72.3	987.6	1.9
20080803	27.4	0.2	73.4	988.1	1.8
20080804	26.3	0.0	71.9	993.7	1.5
20080805	27.0	0.0	71.4	994.6	1.3
20080806	25.9	0.0	67.1	994.6	1.9
20080807	25.5	0.0	54.9	994.7	1.8
20080808	25.7	0.0	67.3	993.7	1.9
20080809	26.7	1.5	82.1	992.6	1.1
20080810	27.3	0.0	67.5	993.7	2.2
20080811	28.0	0.0	69.6	994.3	1.7
20080812	25.9	19.0	88.1	992.9	1.0
20080813	26.8	1.0	85.5	989.8	1.3
20080814	28.0	0.0	74.9	987.9	1.3
20080815	24.8	25.5	85.8	985.1	1.6
20080816	19.1	33.5	90.5	988.8	1.2
20080817	21.7	0.5	83.6	994.1	0.9
20080818	23.5	19.0	85.9	989.0	1.3
20080819	24.3	0.2	68.8	988.5	2.7
20080820	22.6	2.0	71.9	991.3	1.6
20080821	21.7	0.0	65.3	994.7	2.3
20080822	18.6	36.0	91.4	987.2	1.2
20080823	22.1	0.1	85.3	986.3	1.6
20080824	22.9	0.0	72.4	995.6	1.7
20080825	21.5	0.0	73.5	998.1	1.8
20080826	21.1	0.0	72.0	996.4	1.8
20080827	21.5	0.0	75.5	994.4	1.2
20080828	23.2	0.0	74.5	995.2	1.3
20080829	23.4	0.0	70.9	996.3	1.9
20080830	22.6	0.0	68.8	996.6	2.1
20080831	21.4	0.0	76.8	993.8	1.8
20080901	23.3	0.0	79.6	989.0	2.4
20080902	20.9	9.0	89.9	989.0	0.9
20080903	22.0	0.0	74.1	994.2	1.4
20080904	21.0	0.0	72.9	996.7	1.6
20080905	21.6	0.0	74.3	998.6	1.1
20080906	21.0	0.1	82.5	1001.4	0.8
20080907	22.3	0.0	75.1	1001.4	1.1
20080908	22.1	0.0	75.8	1001.0	1.7
20080909	22.1	0.0	74.1	1001.4	1.2
20080910	20.8	0.0	73.5	999.1	1.2
20080911	22.4	0.0	73.3	995.8	1.0
20080912	23.1	0.0	74.5	994.3	1.0
20080913	23.2	0.0	74.0	997.9	1.6
20080914	23.3	0.0	73.0	1000.2	1.6
20080915	22.9	0.0	76.3	996.3	1.0
20080916	22.2	0.0	82.9	994.7	0.8
20080917	23.6	0.0	67.4	995.6	1.7
20080918	23.8	0.0	66.4	995.3	1.1
20080919	23.7	0.0	65.4	996.2	1.9
20080920	21.1	22.5	83.9	995.3	1.0
20080921	21.7	32.0	81.0	994.3	1.6
20080922	21.6	0.0	82.1	994.5	0.9
20080923	22.2	3.5	83.8	996.1	1.2
20080924	20.0	0.0	81.0	999.3	1.7
20080925	18.2	3.0	85.1	993.7	1.7
20080926	15.5	0.0	61.9	998.0	2.0
20080927	12.1	0.0	68.0	1004.3	1.1
20080928	14.8	0.0	70.9	1003.9	1.0
20080929	16.4	2.0	82.5	1001.8	0.9
20080930	16.0	0.0	86.9	998.5	0.7
20081001	16.9	0.0	80.3	998.7	1.4
20081002	17.1	0.0	78.0	1001.1	1.0
20081003	17.5	0.0	74.6	999.0	1.2
20081004	18.1	0.0	76.1	998.8	1.0
20081005	19.3	0.1	80.5	996.5	0.9
20081006	17.8	0.5	77.9	996.6	1.3
20081007	16.3	0.0	75.0	1000.8	1.1
20081008	16.9	0.0	72.1	1003.7	0.9
20081009	18.0	0.0	71.0	1005.4	0.9
20081010	16.2	0.2	84.5	1001.5	1.1
20081011	13.9	0.0	60.5	1002.9	1.2
20081012	12.3	0.0	71.1	1002.1	1.0
20081013	12.6	0.0	71.1	1001.7	0.8
20081014	14.0	0.0	64.1	1003.3	1.3
20081015	13.8	0.0	75.0	1007.0	0.9
20081016	14.4	0.0	80.5	1007.9	0.8
20081017	15.9	0.0	75.8	1007.8	0.8
20081018	16.4	0.0	76.3	1007.5	0.7
20081019	14.4	0.0	72.4	1004.8	0.8
20081020	16.1	0.0	68.0	1003.9	1.1
20081021	17.2	0.0	77.4	1004.3	1.1
20081022	16.1	24.5	89.5	1000.9	1.0
20081023	17.4	7.5	95.5	995.6	0.6
20081024	12.8	0.0	60.4	1002.5	3.3
20081025	11.0	0.2	64.3	1003.0	1.5
20081026	13.2	0.3	57.0	998.5	2.1
20081027	10.4	0.0	58.3	1000.9	2.1
20081028	10.9	0.0	62.4	999.5	2.2
20081029	11.5	0.0	68.8	1000.4	1.1
20081030	10.0	0.0	64.3	1004.1	1.4
20081031	7.3	1.5	92.1	1001.7	0.8
20081101	8.7	0.0	86.0	1001.4	1.1
20081102	12.2	0.0	68.5	997.8	1.5
20081103	11.8	0.0	56.1	999.3	1.9
20081104	7.4	0.0	50.3	1005.2	1.1
20081105	8.2	0.0	58.8	1004.0	0.8
20081106	10.3	0.0	68.6	1000.2	0.8
20081107	12.1	0.0	77.8	1001.0	0.5
20081108	11.1	0.0	71.0	1004.3	1.8
20081109	9.5	0.0	76.5	1005.9	1.0
20081110	8.2	0.0	74.4	1010.0	1.4
20081111	6.9	0.0	75.0	1010.3	1.0
20081112	6.8	0.0	73.3	1008.0	0.8
20081113	8.6	0.0	69.5	1007.2	0.9
20081114	9.0	0.0	71.5	1005.9	0.7
20081115	10.1	0.0	76.3	1000.5	0.8
20081116	9.0	0.0	66.1	999.3	1.4
20081117	4.9	0.0	56.3	1001.1	2.0
20081118	-0.5	0.0	37.8	1004.8	3.3
20081119	-2.1	0.0	28.9	1008.0	2.7
20081120	-0.4	0.0	62.5	1007.0	1.3
20081121	4.3	0.0	52.3	1007.3	2.3
20081122	2.4	0.0	60.8	1010.1	1.3
20081123	5.7	0.0	64.8	1008.1	0.8
20081124	4.6	5.0	87.1	1005.0	0.9
20081125	4.9	0.0	89.3	1007.6	0.9
20081126	3.0	0.0	94.4	1008.8	0.8
20081127	3.4	0.5	95.3	1000.4	1.0
20081128	5.7	0.0	81.6	1000.1	1.5
20081129	2.9	1.5	67.4	1000.3	2.7
20081130	1.4	0.0	57.0	1010.2	1.3
20081201	2.4	0.0	72.4	1007.0	0.8
20081202	4.7	0.0	77.6	1003.3	0.8
20081203	4.9	0.0	81.9	1005.6	0.9
20081204	5.3	3.5	84.8	1001.6	1.4
20081205	-2.8	0.0	35.1	1005.4	3.7
20081206	-7.1	0.0	33.5	1011.6	2.9
20081207	-5.0	0.0	68.3	1011.4	0.8
20081208	-0.5	0.0	78.6	1004.4	0.8
20081209	2.4	0.0	77.8	1003.3	0.6
20081210	4.0	0.0	79.3	1002.4	0.6
20081211	3.8	0.0	67.5	1000.0	2.2
20081212	2.0	0.0	66.9	1005.7	0.9
20081213	3.6	0.0	60.8	1004.9	1.3
20081214	-0.4	0.0	39.0	1004.7	1.9
20081215	-0.1	0.0	56.4	1006.4	1.1
20081216	-0.2	0.0	70.3	1007.1	0.8
20081217	2.6	3.5	75.9	1002.5	1.1
20081218	2.2	0.0	53.6	1004.4	2.3
20081219	-1.3	0.0	67.4	1004.9	1.2
20081220	0.6	1.0	89.4	1004.0	0.7
20081221	1.4	0.0	83.6	1004.6	1.3
20081222	-2.2	0.0	49.8	1009.4	3.1
20081223	-1.0	0.0	60.4	1009.1	1.9
20081224	0.3	0.0	70.1	1003.4	0.8
20081225	1.1	0.0	44.3	1001.8	3.2
20081226	-3.9	0.0	34.5	1010.0	2.5
20081227	-3.7	0.0	53.5	1008.9	1.2
20081228	-0.9	0.0	66.4	1006.1	0.8
20081229	2.2	0.0	62.9	1002.0	2.2
20081230	-1.0	0.0	47.9	1004.4	3.7
20081231	-4.7	0.0	51.4	1005.7	2.2
20090101	-4.7	0.0	47.8	1006.5	2.2
20090102	-4.5	0.0	56.4	1010.5	1.0
20090103	-3.1	0.0	57.0	1010.5	0.9
20090104	-1.9	0.0	54.3	1008.1	0.9
20090105	-2.1	0.0	63.6	1008.4	1.7
20090106	-3.1	0.0	65.4	1010.3	0.8
20090107	-1.7	0.0	55.5	1010.4	0.8
20090108	-2.1	0.0	52.9	1009.0	1.2
20090109	-3.6	0.0	53.3	1003.5	1.8
20090110	-5.2	0.0	45.5	1002.8	3.0
20090111	-5.6	0.0	47.4	1002.9	3.3
20090112	-6.6	0.0	47.6	1007.1	3.4
20090113	-5.7	0.0	48.5	1010.8	2.0
20090114	-5.3	0.0	49.3	1009.8	2.7
20090115	-7.4	0.0	41.1	1013.2	1.7
20090116	-4.3	0.0	65.1	1011.3	1.2
20090117	-0.4	0.0	72.0	1009.3	0.9
20090118	-0.8	2.0	90.5	1000.4	0.8
20090119	0.6	0.0	60.9	1004.4	1.6
20090120	1.0	0.0	56.3	1006.3	0.8
20090121	0.0	0.0	67.1	1003.5	0.7
20090122	-0.1	0.0	69.9	998.7	0.8
20090123	-5.1	0.0	41.9	1002.1	4.4
20090124	-6.4	0.0	56.3	1002.3	3.0
20090125	-3.5	1.4	66.6	1002.9	2.3
20090126	-2.0	0.0	66.9	1006.0	2.0
20090127	-3.0	0.0	54.1	1012.1	1.1
20090128	-2.0	0.0	57.0	1010.9	0.9
20090129	-0.9	0.0	57.6	1006.9	0.7
20090130	4.6	1.5	76.3	1001.7	1.0
20090131	4.5	0.0	68.0	1006.9	1.5
20090201	2.2	0.0	71.4	1012.5	0.8
20090202	4.5	0.0	73.5	1008.0	1.1
20090203	6.8	0.0	67.9	1005.0	1.8
20090204	5.3	0.0	62.5	1004.3	1.1
20090205	2.9	0.0	63.9	1004.5	1.4
20090206	2.5	0.0	73.3	1006.9	0.9
20090207	2.5	0.0	71.5	1004.9	1.5
20090208	2.6	0.0	65.6	1006.3	0.9
20090209	4.4	0.0	52.1	999.0	1.7
20090210	2.7	0.0	65.3	997.7	1.8
20090211	4.8	0.0	56.5	994.7	1.7
20090212	6.0	0.0	49.9	996.0	0.8
20090213	14.8	10.0	80.9	982.6	2.6
20090214	8.0	0.0	61.0	994.8	2.2
20090215	1.2	0.0	60.4	1001.7	2.5
20090216	-3.5	0.0	28.4	1009.7	3.6
20090217	-3.4	0.0	38.3	1011.6	1.6
20090218	-1.1	0.0	43.9	1009.5	2.0
20090219	0.3	2.0	68.6	1003.7	1.0
20090220	-0.1	1.7	67.1	997.2	3.3
20090221	-2.0	0.0	55.8	1003.3	1.5
20090222	-1.2	4.0	86.5	998.5	0.7
20090223	4.0	0.0	85.5	1001.5	1.6
20090224	7.7	0.0	71.8	999.3	1.1
20090225	7.5	0.5	59.3	1000.1	1.8
20090226	5.1	0.0	48.5	1005.1	1.2
20090227	6.8	0.0	33.3	1003.0	1.3
20090228	5.4	0.0	59.3	1006.3	1.2
20090301	5.1	0.0	44.8	1008.5	1.8
20090302	3.1	0.0	52.8	1010.5	2.2
20090303	3.0	2.5	83.4	1003.6	1.3
20090304	5.1	0.0	71.3	1003.6	0.9
20090305	6.0	3.0	81.8	999.9	1.5
20090306	4.5	0.0	53.3	998.6	3.8
20090307	3.3	0.0	36.4	1006.3	1.9
20090308	6.3	0.0	40.0	1002.9	1.1
20090309	7.2	0.0	47.9	1000.9	1.3
20090310	6.6	0.0	38.0	1003.0	2.6
20090311	4.3	0.0	36.1	1008.4	1.4
20090312	7.2	0.0	45.6	1008.7	1.3
20090313	5.9	12.5	76.6	993.6	2.7
20090314	0.5	0.0	36.9	1000.3	4.2
20090315	5.6	0.0	47.6	999.4	2.1
20090316	11.9	0.0	45.8	995.3	2.4
20090317	13.8	0.0	39.9	996.6	1.7
20090318	15.8	0.0	58.6	996.6	1.8
20090319	17.6	0.0	66.3	994.3	1.6
20090320	10.3	0.1	55.6	1002.3	3.1
20090321	12.0	9.0	65.8	995.3	1.6
20090322	12.3	13.5	79.8	985.5	2.7
20090323	7.1	0.0	55.1	999.6	2.2
20090324	4.8	0.0	38.9	1000.7	2.2
20090325	3.4	0.0	37.1	999.5	3.5
20090326	4.7	0.2	56.8	1000.3	2.5
20090327	4.8	0.0	35.9	1005.2	2.2
20090328	6.1	0.0	40.5	1004.4	2.0
20090329	6.0	0.0	61.6	1007.9	2.8
20090330	6.9	0.5	66.5	1008.8	1.6
20090331	6.8	5.0	63.1	1004.7	2.3
20090401	5.0	0.0	59.8	1004.5	2.1
20090402	7.7	0.0	52.0	1007.3	1.9
20090403	11.1	0.0	31.1	1003.8	1.9
20090404	9.6	0.0	42.4	1001.4	2.8
20090405	10.7	0.0	52.1	999.5	1.5
20090406	12.3	0.0	38.5	996.6	2.3
20090407	13.9	0.0	37.6	999.7	1.6
20090408	15.3	0.0	40.6	1003.3	1.5
20090409	16.7	0.0	37.4	1004.7	1.2
20090410	17.5	0.0	35.5	1003.5	1.4
20090411	17.1	0.0	38.3	1002.0	1.8
20090412	16.5	0.0	38.8	997.2	1.8
20090413	16.9	0.0	43.4	991.0	1.6
20090414	11.8	0.2	66.0	990.3	1.2
20090415	10.5	2.0	74.1	991.0	1.7
20090416	10.2	0.0	68.9	996.0	2.0
20090417	13.0	0.0	55.1	997.9	1.3
20090418	16.6	0.0	38.9	998.6	1.4
20090419	18.4	0.0	43.9	997.6	2.1
20090420	13.7	15.5	83.4	987.0	2.3
20090421	12.2	0.0	63.9	985.3	3.8
20090422	13.1	0.0	45.3	993.7	4.0
20090423	12.4	0.0	57.3	1002.6	2.4
20090424	12.5	9.0	68.9	999.7	2.0
20090425	10.4	7.0	79.6	988.9	2.5
20090426	10.2	0.5	63.5	993.2	1.8
20090427	11.1	0.1	64.4	995.9	1.8
20090428	12.0	0.0	59.6	1002.4	1.5
20090429	14.5	0.0	48.6	1005.9	1.2
20090430	16.0	0.0	41.5	1006.2	1.5
20090501	17.8	0.0	39.9	1005.7	1.2
20090502	16.7	2.0	68.3	1002.3	1.7
20090503	18.1	4.5	65.9	1001.4	1.4
20090504	18.5	0.5	53.0	999.0	1.5
20090505	18.4	0.0	53.0	998.0	1.0
20090506	20.4	0.0	44.9	997.2	1.6
20090507	20.0	0.0	42.1	992.3	1.7
20090508	20.7	0.0	44.6	992.8	1.3
20090509	21.5	0.0	39.1	993.5	1.7
20090510	19.7	0.0	44.8	996.0	2.0
20090511	19.2	0.0	61.8	994.9	1.1
20090512	17.0	18.5	91.8	991.3	1.0
20090513	18.1	0.0	54.8	994.9	1.9
20090514	18.3	0.0	39.8	998.0	1.4
20090515	17.3	0.1	55.0	1002.0	0.9
20090516	13.3	32.0	91.9	994.9	1.1
20090517	14.9	3.5	77.4	987.8	2.6
20090518	16.8	0.0	49.0	994.1	2.0
20090519	19.9	0.0	52.0	994.4	1.7
20090520	21.5	0.0	59.6	997.0	0.9
20090521	15.1	58.5	93.8	991.1	1.3
20090522	19.6	0.0	69.4	993.0	2.0
20090523	17.4	0.5	76.4	993.0	1.3
20090524	17.2	1.0	77.8	995.3	1.1
20090525	20.1	0.0	69.4	998.9	0.9
20090526	22.0	0.0	54.1	997.6	1.2
20090527	19.9	0.0	55.1	998.1	1.7
20090528	20.0	0.0	49.9	998.1	1.4
20090529	18.4	0.0	56.3	995.2	2.3
20090530	16.9	0.0	69.8	990.1	1.4
20090531	19.4	0.0	52.4	987.4	1.8
20090601	21.2	0.0	48.3	987.7	1.3
20090602	22.3	1.5	58.5	987.1	1.9
20090603	18.8	2.5	79.1	985.7	1.4
20090604	20.3	0.0	70.1	986.5	1.4
20090605	19.9	0.0	68.0	987.1	2.5
20090606	19.9	0.0	67.3	990.3	1.9
20090607	18.5	0.0	71.6	994.7	1.6
20090608	20.5	0.0	66.8	997.7	1.4
20090609	20.0	1.0	74.5	994.3	1.1
20090610	19.9	24.5	83.0	982.2	1.7
20090611	21.0	2.0	54.8	983.5	2.7
20090612	21.8	0.0	45.0	983.6	2.0
20090613	20.0	0.0	51.9	987.4	1.8
20090614	19.8	0.0	63.9	992.3	1.8
20090615	20.3	0.0	67.8	995.7	1.4
20090616	21.7	17.5	69.6	996.9	1.4
20090617	21.1	0.0	77.4	998.1	1.5
20090618	24.6	0.0	58.1	995.2	1.3
20090619	25.5	0.0	55.5	992.0	1.0
20090620	23.7	7.5	74.8	987.5	1.1
20090621	26.0	0.5	73.8	984.2	1.1
20090622	21.4	8.5	83.0	982.1	1.3
20090623	23.8	0.0	61.5	985.2	1.6
20090624	24.4	0.0	52.1	988.2	1.8
20090625	24.4	0.0	49.0	990.8	1.3
20090626	25.3	0.0	55.4	993.3	1.2
20090627	25.7	0.0	59.8	991.2	1.1
20090628	26.1	0.0	68.4	988.2	1.4
20090629	25.7	11.5	74.6	985.3	1.3
20090630	22.7	2.0	85.8	988.2	1.1
20090701	23.8	0.0	70.3	987.0	1.3
20090702	20.9	30.5	81.0	987.1	1.1
20090703	21.2	3.0	77.3	987.8	1.3
20090704	21.7	0.0	79.3	992.5	1.3
20090705	23.8	0.0	71.9	996.4	1.5
20090706	25.4	0.0	65.5	995.7	1.3
20090707	20.5	52.5	90.8	991.1	1.2
20090708	24.6	0.0	80.8	989.7	1.0
20090709	22.9	82.5	90.0	982.9	1.6
20090710	23.7	0.0	71.3	989.3	1.9
20090711	24.3	0.3	74.4	993.6	1.0
20090712	22.4	70.5	92.5	989.2	1.3
20090713	25.3	2.0	80.0	994.2	1.3
20090714	26.6	8.0	80.0	988.9	2.0
20090715	22.5	48.0	83.0	989.9	1.9
20090716	23.0	12.0	85.8	990.7	1.0
20090717	24.0	19.5	92.0	990.2	0.5
20090718	27.4	0.0	75.6	987.0	1.8
20090719	27.7	1.5	70.9	988.2	1.8
20090720	26.7	0.0	81.1	988.3	0.8
20090721	25.5	129.5	79.8	982.6	1.9
20090722	24.0	0.0	72.8	985.2	1.5
20090723	24.5	0.0	71.3	988.6	1.5
20090724	21.4	1.0	77.0	987.2	1.7
20090725	21.2	7.0	84.9	989.6	0.9
20090726	21.7	0.5	78.1	991.2	1.8
20090727	22.4	0.0	73.5	991.2	1.7
20090728	21.4	2.0	78.1	990.9	1.4
20090729	22.9	4.0	78.6	990.6	1.2
20090730	23.7	0.0	73.3	994.5	1.6
20090731	23.1	0.0	70.8	994.1	1.4
20090801	23.5	0.0	71.8	991.7	1.6
20090802	22.6	0.0	73.4	991.9	1.8
20090803	21.9	0.0	72.4	993.3	1.4
20090804	22.9	0.0	71.1	993.4	1.7
20090805	23.4	0.0	69.3	994.2	2.2
20090806	21.6	3.5	86.0	995.5	1.2
20090807	23.3	14.5	88.8	995.0	0.9
20090808	24.9	0.0	78.3	993.9	1.9
20090809	24.9	0.0	72.4	992.0	2.2
20090810	25.1	0.0	74.0	992.2	1.6
20090811	24.1	7.0	85.4	991.3	1.7
20090812	24.9	61.0	90.5	983.9	1.1
20090813	25.8	14.0	82.6	988.2	0.8
20090814	26.2	0.0	79.1	992.9	0.9
20090815	25.9	0.0	74.9	994.7	1.2
20090816	25.3	0.0	66.3	998.6	2.1
20090817	24.7	0.0	75.6	999.6	1.8
20090818	25.8	0.0	77.0	998.0	0.9
20090819	26.7	0.0	81.9	995.6	0.8
20090820	25.9	19.0	84.5	990.0	1.4
20090821	25.0	0.0	66.6	990.3	1.7
20090822	23.5	0.0	64.9	991.2	1.3
20090823	24.9	0.0	63.1	993.2	1.2
20090824	23.0	0.0	67.8	996.9	2.0
20090825	23.1	0.0	71.0	996.5	1.2
20090826	24.4	0.0	71.3	992.9	1.1
20090827	23.3	11.0	88.9	988.5	0.6
20090828	24.6	0.0	74.0	990.6	1.7
20090829	21.2	0.0	73.4	997.4	2.1
20090830	20.1	0.0	72.0	1000.3	1.3
20090831	20.7	0.0	67.9	1000.8	1.9
20090901	20.0	0.0	69.3	1002.5	2.0
20090902	20.3	0.0	69.6	1002.1	1.5
20090903	20.7	0.0	73.4	1000.1	1.6
20090904	22.1	0.0	73.0	996.6	1.6
20090905	22.9	0.0	72.3	993.4	1.1
20090906	24.4	0.0	69.8	991.4	1.2
20090907	24.9	0.0	70.9	990.2	1.4
20090908	23.2	0.2	68.3	990.9	2.3
20090909	22.5	0.0	65.8	992.5	1.2
20090910	21.4	0.0	68.4	994.0	1.1
20090911	20.2	0.5	81.9	993.3	0.8
20090912	18.4	3.5	81.1	990.6	1.3
20090913	19.1	0.0	73.1	998.4	0.8
20090914	18.6	5.0	85.0	998.0	0.9
20090915	19.0	0.0	76.4	995.8	1.3
20090916	19.3	0.0	69.4	998.0	1.0
20090917	19.6	0.0	70.3	998.5	1.0
20090918	20.5	0.0	67.9	997.8	1.4
20090919	18.8	0.0	66.3	999.2	1.6
20090920	19.2	0.0	65.5	999.1	1.7
20090921	18.1	0.5	84.9	998.3	0.8
20090922	20.2	0.0	72.1	1001.2	1.4
20090923	20.3	2.0	80.5	1001.9	0.8
20090924	21.2	0.0	75.8	1002.1	0.8
20090925	20.5	0.0	81.5	1000.5	0.7
20090926	21.4	0.0	73.0	1001.8	1.7
20090927	19.1	24.0	87.0	1001.0	0.8
20090928	19.2	42.5	88.4	999.2	0.7
20090929	19.8	0.0	82.4	1003.9	1.3
20090930	19.0	0.0	82.6	1004.8	1.0
20091001	19.8	0.0	77.8	1000.1	0.9
20091002	20.3	0.5	68.5	991.8	1.5
20091003	16.5	0.0	55.4	997.1	1.4
20091004	15.8	0.0	64.4	1000.2	1.3
20091005	14.8	0.0	65.9	1002.1	0.9
20091006	16.2	0.0	69.9	1002.9	1.3
20091007	14.9	0.0	71.6	1000.2	1.5
20091008	14.4	0.0	67.9	996.7	0.9
20091009	13.8	0.0	66.9	998.9	0.9
20091010	13.6	0.0	75.1	1002.7	1.0
20091011	15.4	0.0	72.1	1005.2	1.2
20091012	15.3	0.0	67.5	1001.0	1.3
20091013	14.4	2.0	68.4	999.0	1.3
20091014	12.8	3.0	81.8	1000.0	1.3
20091015	12.0	0.0	78.4	1002.2	0.8
20091016	12.9	0.0	73.6	996.6	0.9
20091017	13.8	1.5	68.0	988.5	2.5
20091018	13.4	0.0	57.1	991.8	1.9
20091019	12.2	0.5	63.4	991.0	2.5
20091020	11.1	0.0	51.6	1000.3	2.3
20091021	10.9	0.0	60.4	1003.9	1.3
20091022	11.0	0.0	61.4	1004.4	0.7
20091023	12.9	0.0	66.3	1003.1	0.8
20091024	14.3	0.0	74.3	1004.4	1.5
20091025	13.1	0.0	72.9	1004.2	1.2
20091026	12.4	0.0	77.6	999.4	0.8
20091027	13.3	0.0	72.6	1001.5	1.1
20091028	12.5	0.0	72.3	1006.8	0.8
20091029	13.5	0.0	72.3	1005.8	0.7
20091030	15.3	0.0	71.8	1007.4	1.3
20091031	16.7	0.1	76.8	1000.8	1.1
20091101	12.6	5.5	76.9	999.8	2.2
20091102	4.3	0.0	43.3	1008.2	3.4
20091103	3.9	0.0	52.1	1014.4	1.6
20091104	9.8	0.0	67.0	1010.4	1.6
20091105	13.4	0.0	65.0	1006.2	1.3
20091106	12.6	0.0	75.0	1002.0	0.9
20091107	13.8	0.0	78.9	1001.5	0.8
20091108	15.4	13.0	89.8	999.2	0.6
20091109	17.0	0.0	79.9	998.7	1.7
20091110	14.4	0.0	65.5	998.1	2.5
20091111	10.4	0.0	55.6	1005.4	2.5
20091112	9.3	0.0	63.4	1011.4	2.4
20091113	10.4	4.0	88.0	999.9	0.7
20091114	8.1	0.0	67.0	996.5	3.2
20091115	2.2	0.0	53.1	1004.8	3.7
20091116	1.4	0.0	42.6	1010.6	2.5
20091117	1.8	0.0	34.6	1008.0	2.3
20091118	-0.2	0.0	38.6	1011.1	1.5
20091119	1.4	0.0	58.6	1013.1	1.3
20091120	1.1	0.0	59.1	1011.3	1.5
20091121	1.8	0.0	51.5	1010.8	1.5
20091122	0.2	0.0	60.4	1008.4	0.9
20091123	4.6	0.0	65.6	1009.0	1.0
20091124	4.3	0.0	75.1	1005.0	0.8
20091125	3.0	0.5	87.9	1003.6	0.8
20091126	4.7	0.0	90.1	1007.0	0.8
20091127	5.6	0.0	82.8	1006.4	1.0
20091128	5.0	0.0	82.0	1008.6	1.0
20091129	6.2	11.0	90.6	1006.1	0.9
20091130	4.8	1.0	84.8	1006.1	1.2
20091201	2.7	0.0	86.3	1008.4	0.8
20091202	2.2	0.0	91.1	1007.3	0.8
20091203	3.4	0.0	81.4	1002.8	1.4
20091204	2.0	0.0	84.5	1003.9	0.6
20091205	1.3	3.0	68.4	996.5	3.6
20091206	-1.5	0.0	31.9	1006.4	3.3
20091207	-1.8	0.0	54.3	1011.7	0.7
20091208	-0.3	0.0	61.6	1009.9	0.7
20091209	3.5	1.0	71.5	1007.2	0.6
20091210	7.5	13.5	93.4	1002.1	0.6
20091211	9.9	12.0	86.6	999.8	1.2
20091212	8.0	0.0	67.6	1003.2	1.6
20091213	4.1	0.0	67.9	1003.4	0.9
20091214	1.4	0.0	41.9	1008.0	1.7
20091215	-1.3	0.0	31.5	1008.9	2.5
20091216	-4.6	0.0	36.5	1008.1	2.3
20091217	-4.3	0.0	46.8	1005.1	2.4
20091218	-6.0	0.0	44.1	1005.8	3.2
20091219	-4.7	0.0	51.6	1005.7	3.8
20091220	-2.9	0.0	55.0	1002.2	2.9
20091221	-4.0	0.0	39.4	1007.7	1.6
20091222	0.0	0.0	62.5	1005.3	1.2
20091223	2.7	0.0	72.3	1003.2	0.9
20091224	1.5	0.0	81.6	1003.7	0.6
20091225	2.1	0.0	79.8	998.0	1.7
20091226	-3.2	0.0	42.3	1003.4	3.3
20091227	-4.6	0.0	56.3	1002.7	1.7
20091228	-5.1	0.0	44.8	1003.2	2.5
20091229	-4.4	0.0	54.5	1001.3	0.7
20091230	-1.6	0.1	55.9	996.2	2.8
20091231	-7.1	0.0	33.1	1002.0	3.4
20100101	-5.5	0.0	44.6	1003.0	2.5
20100102	-2.8	0.0	73.0	999.3	0.9
20100103	-3.8	0.0	43.8	1002.5	1.9
20100104	-3.3	4.4	76.3	995.0	1.4
20100105	-6.7	0.0	60.6	1002.3	2.4
20100106	-9.0	0.0	59.5	1005.9	2.3
20100107	-9.7	0.0	65.0	1007.3	1.3
20100108	-8.7	0.0	69.6	1006.1	0.9
20100109	-5.2	0.0	69.9	1007.2	0.9
20100110	-3.6	0.0	76.6	1008.6	0.7
20100111	-3.8	0.0	68.8	1004.5	1.6
20100112	-6.5	0.0	49.3	1001.1	2.9
20100113	-9.4	0.0	44.5	1003.8	3.4
20100114	-7.4	0.0	56.0	1009.8	1.7
20100115	-5.2	0.0	70.4	1012.0	1.2
20100116	-5.0	0.0	55.5	1014.6	1.2
20100117	-4.8	0.0	53.8	1014.9	1.0
20100118	-2.3	0.0	68.8	1013.4	1.0
20100119	0.7	0.0	73.1	1011.6	0.7
20100120	4.1	5.5	90.5	1000.8	0.4
20100121	1.5	2.5	67.9	1002.1	3.1
20100122	-4.3	0.0	49.4	1007.8	3.4
20100123	-3.2	0.0	50.5	1007.3	2.9
20100124	-1.0	0.0	61.1	1005.4	1.9
20100125	1.2	0.0	44.6	1004.4	3.1
20100126	-3.0	0.0	48.0	1012.3	1.9
20100127	-1.2	2.5	72.9	1002.3	0.7
20100128	2.8	0.0	60.5	999.9	2.5
20100129	-0.5	0.0	50.8	1005.0	3.0
20100130	0.9	0.0	60.8	1005.4	1.4
20100131	1.0	0.0	70.4	1003.4	0.7
20100201	1.7	0.0	70.5	998.8	1.4
20100202	-1.7	0.0	34.6	1003.4	3.3
20100203	-5.8	0.0	31.6	1007.5	3.2
20100204	-4.1	0.0	43.5	1006.9	2.7
20100205	-1.9	0.0	33.6	1006.6	3.1
20100206	-3.7	0.0	38.0	1011.1	1.1
20100207	-0.9	0.0	43.9	1010.1	0.9
20100208	2.1	2.0	74.0	1002.5	0.7
20100209	4.0	11.0	95.8	999.9	0.8
20100210	4.7	12.5	91.0	1000.6	1.0
20100211	1.7	12.5	81.4	1002.8	1.8
20100212	0.4	0.9	77.5	1007.6	1.3
20100213	-1.0	4.0	73.8	1008.5	1.7
20100214	-2.3	0.0	68.1	1010.2	0.8
20100215	-0.8	0.0	60.1	1006.7	1.5
20100216	-1.2	0.0	53.0	1009.1	1.8
20100217	-2.2	0.0	48.6	1007.2	0.9
20100218	-1.3	0.0	48.0	1003.8	3.1
20100219	-1.8	0.0	51.9	1003.2	1.9
20100220	1.8	0.0	57.0	1004.6	1.3
20100221	2.9	0.0	62.4	1004.0	0.9
20100222	2.9	0.0	76.1	1001.5	1.0
20100223	4.6	0.0	66.9	1000.8	0.9
20100224	9.9	0.0	63.5	999.0	1.1
20100225	11.9	28.0	93.8	993.1	0.7
20100226	8.5	0.5	84.0	996.6	2.3
20100227	4.9	0.5	75.5	1001.1	1.7
20100228	4.3	0.0	87.1	1002.5	0.9
20100301	4.1	13.0	81.1	998.8	1.9
20100302	3.6	0.0	82.6	1000.0	1.5
20100303	3.9	0.0	67.9	1006.8	2.0
20100304	5.2	1.0	84.6	999.2	0.9
20100305	6.8	3.0	86.5	1000.7	0.8
20100306	4.7	0.5	81.5	1005.4	2.0
20100307	3.0	0.0	64.9	1010.7	2.5
20100308	2.4	0.0	63.4	1014.4	2.2
20100309	2.1	0.3	77.6	1005.2	1.7
20100310	-0.3	5.1	73.8	1001.0	3.4
20100311	2.0	0.0	59.3	1006.3	2.6
20100312	7.0	0.0	65.6	1000.1	2.5
20100313	6.1	0.0	35.3	1008.2	2.4
20100314	6.6	0.0	66.6	1008.7	2.0
20100315	8.3	6.5	81.9	993.5	2.2
20100316	2.6	0.0	42.1	1002.4	4.5
20100317	1.1	1.4	62.6	1008.0	1.6
20100318	1.7	3.6	66.5	1001.4	1.9
20100319	4.8	0.0	48.3	995.4	1.3
20100320	9.3	0.4	65.9	983.6	2.7
20100321	4.2	0.0	38.5	996.7	4.5
20100322	3.5	0.0	50.0	1001.6	0.9
20100323	7.1	0.0	58.4	1000.1	1.6
20100324	7.5	0.0	57.3	1001.7	2.0
20100325	3.0	16.5	83.6	999.2	1.2
20100326	2.5	0.0	42.4	1005.9	3.1
20100327	6.4	0.0	54.8	1007.3	2.3
20100328	7.6	0.0	45.1	1006.0	2.4
20100329	4.5	0.0	59.3	1011.4	1.9
20100330	7.6	0.0	53.8	1012.0	1.2
20100331	7.3	10.0	87.1	1002.1	0.7
20100401	8.7	13.0	92.0	994.2	1.3
20100402	7.1	0.0	43.5	1000.1	2.8
20100403	6.3	0.0	35.6	1006.5	2.6
20100404	8.2	0.0	47.9	1002.9	1.0
20100405	11.3	0.0	46.8	998.1	1.4
20100406	10.1	0.0	53.8	999.2	2.2
20100407	7.4	0.0	51.5	1006.8	1.9
20100408	8.7	0.0	53.9	1005.9	1.2
20100409	11.7	0.0	47.1	1001.1	1.3
20100410	12.7	0.0	56.5	997.5	1.7
20100411	11.6	0.0	60.1	1000.2	2.9
20100412	11.4	0.0	62.6	995.4	2.8
20100413	7.4	0.0	45.0	998.6	4.6
20100414	4.2	0.0	38.3	1007.9	2.8
20100415	5.9	0.0	44.1	1007.0	1.9
20100416	7.2	0.0	49.3	1005.5	1.6
20100417	9.3	0.0	47.6	1008.1	2.0
20100418	11.4	0.0	48.1	1008.3	1.3
20100419	15.2	0.0	55.5	1002.2	1.3
20100420	16.8	0.0	59.9	996.9	1.8
20100421	11.8	2.0	60.8	1001.6	3.0
20100422	9.2	9.5	73.9	997.6	2.1
20100423	8.7	1.0	74.1	998.9	1.2
20100424	10.0	0.0	60.0	1004.7	1.5
20100425	12.9	0.0	46.6	1007.5	1.1
20100426	12.3	13.5	65.4	1002.0	1.3
20100427	10.7	3.5	67.8	991.6	3.2
20100428	4.9	3.0	76.5	992.9	1.6
20100429	10.4	0.0	45.8	994.7	4.6
20100430	11.3	0.2	48.3	997.2	2.9
20100501	12.7	0.0	48.1	999.7	2.3
20100502	17.4	0.0	47.9	998.6	1.4
20100503	21.4	0.0	58.5	997.6	1.9
20100504	22.7	0.0	51.0	996.9	1.9
20100505	21.3	0.4	55.9	993.5	2.0
20100506	19.4	0.5	67.1	986.9	3.2
20100507	17.6	0.0	40.6	990.7	3.2
20100508	18.1	0.0	44.1	992.5	1.9
20100509	18.8	0.0	46.9	992.8	1.4
20100510	17.5	0.2	57.0	991.2	1.2
20100511	14.5	0.0	66.1	994.6	1.9
20100512	14.3	0.0	61.8	997.7	1.9
20100513	14.2	0.0	62.0	1000.3	1.9
20100514	16.0	0.0	53.3	1002.8	1.8
20100515	16.1	0.0	53.6	1001.9	1.4
20100516	18.8	0.0	50.9	1001.3	1.1
20100517	20.8	2.0	56.1	999.7	1.8
20100518	18.1	36.5	94.4	992.5	0.7
20100519	21.2	1.0	72.5	989.5	1.9
20100520	21.2	0.0	58.0	994.9	1.5
20100521	22.6	0.0	52.1	995.8	1.0
20100522	18.2	12.5	71.0	991.7	1.5
20100523	16.1	37.0	92.9	980.0	1.3
20100524	15.5	12.5	88.6	977.7	1.8
20100525	15.0	3.0	86.8	984.8	1.3
20100526	16.0	0.0	66.0	995.1	1.2
20100527	15.8	0.0	58.8	1000.6	1.5
20100528	15.2	0.0	68.3	999.8	0.9
20100529	17.3	0.0	60.1	996.3	2.3
20100530	16.1	0.0	54.1	996.8	2.3
20100531	14.4	0.0	61.1	998.8	2.2
20100601	15.9	0.0	57.4	999.6	1.7
20100602	19.1	0.0	56.3	1001.0	1.1
20100603	21.7	0.0	58.0	1001.3	1.1
20100604	22.6	0.0	54.6	999.0	1.1
20100605	22.5	0.0	63.9	996.8	1.0
20100606	23.3	0.0	55.5	996.7	1.7
20100607	21.6	0.0	46.3	999.4	2.0
20100608	21.2	0.0	49.4	999.7	1.9
20100609	22.9	0.0	50.3	998.8	1.8
20100610	23.4	0.0	48.9	998.4	1.3
20100611	23.0	0.0	48.4	997.4	1.7
20100612	20.9	1.5	65.6	994.7	1.6
20100613	24.5	0.0	60.6	992.5	2.1
20100614	24.2	0.0	59.1	991.6	1.8
20100615	22.6	6.0	74.5	989.4	1.3
20100616	23.9	0.0	69.8	989.9	1.4
20100617	25.4	0.0	68.0	990.4	0.9
20100618	24.2	0.0	67.4	988.0	1.9
20100619	22.9	0.1	76.3	988.6	1.0
20100620	24.6	2.0	72.6	986.9	1.8
20100621	24.8	0.0	62.3	988.0	1.4
20100622	24.5	0.0	53.4	990.2	1.4
20100623	24.0	0.0	53.0	992.0	1.5
20100624	25.1	0.0	53.1	993.2	1.3
20100625	24.1	0.4	54.3	994.1	1.7
20100626	22.4	1.5	86.1	991.4	1.2
20100627	23.8	1.0	83.6	991.1	1.4
20100628	24.3	0.0	73.1	990.9	0.9
20100629	25.8	0.0	66.9	990.7	1.2
20100630	25.5	0.0	72.1	989.3	1.1
20100701	25.9	0.0	74.9	988.2	1.5
20100702	24.6	12.5	87.3	985.5	1.0
20100703	26.1	8.0	86.3	982.5	1.3
20100704	24.5	0.5	82.9	984.3	1.0
20100705	26.3	0.4	76.8	982.1	1.3
20100706	26.7	0.0	64.8	984.2	1.8
20100707	25.1	1.5	67.4	988.8	1.8
20100708	24.3	0.0	73.5	993.3	1.0
20100709	24.8	18.5	71.3	991.6	1.3
20100710	25.3	0.1	70.8	992.8	1.4
20100711	21.1	37.5	92.4	987.2	0.9
20100712	23.3	0.0	77.4	993.8	1.3
20100713	23.1	0.0	72.5	993.3	2.0
20100714	23.6	0.0	70.4	994.3	1.6
20100715	25.1	0.0	71.0	996.7	0.9
20100716	24.6	8.0	85.9	997.0	1.2
20100717	26.0	8.0	84.4	998.5	1.0
20100718	27.7	0.0	69.3	997.9	1.8
20100719	28.1	0.0	69.5	998.3	1.3
20100720	28.7	0.0	65.4	998.9	1.4
20100721	28.8	0.0	67.3	997.9	1.7
20100722	29.0	0.0	68.5	997.2	1.5
20100723	26.9	0.4	76.5	996.8	1.7
20100724	26.9	0.0	74.1	998.1	1.5
20100725	27.2	0.0	72.8	998.7	1.6
20100726	26.7	0.0	73.5	998.0	1.9
20100727	27.6	0.0	69.0	995.8	1.8
20100728	24.7	5.5	86.5	988.8	1.0
20100729	27.3	0.0	76.9	984.3	1.3
20100730	27.5	0.0	76.8	987.9	1.4
20100731	28.4	0.0	71.4	989.5	2.0
20100801	30.0	0.0	67.8	990.8	1.7
20100802	28.9	0.1	72.8	990.3	1.8
20100803	26.2	10.5	81.1	991.1	1.1
20100804	29.9	0.0	71.6	993.1	1.3
20100805	30.0	0.0	69.3	996.9	1.6
20100806	27.8	24.5	79.5	999.8	1.2
20100807	27.3	10.5	80.5	998.2	1.1
20100808	27.6	0.0	73.8	995.2	1.1
20100809	28.5	2.5	71.6	993.4	1.2
20100810	25.9	45.5	90.0	993.2	1.2
20100811	26.8	32.5	85.4	984.5	2.5
20100812	27.0	0.0	72.9	989.2	1.6
20100813	26.4	86.5	87.8	987.3	1.4
20100814	26.8	24.5	87.0	989.5	1.0
20100815	26.5	48.5	87.8	990.5	1.1
20100816	24.8	31.0	85.9	993.8	0.9
20100817	25.4	12.5	79.5	995.8	0.9
20100818	26.8	1.0	76.8	1000.1	1.4
20100819	28.0	0.0	73.3	1003.4	1.4
20100820	28.6	0.0	73.4	1002.3	1.1
20100821	29.0	0.0	75.0	999.9	1.2
20100822	29.0	0.0	74.9	997.9	1.2
20100823	28.3	0.0	75.5	996.8	1.4
20100824	28.0	0.0	72.4	996.6	1.1
20100825	25.3	43.0	81.3	997.7	1.7
20100826	26.3	0.0	79.6	998.1	1.4
20100827	25.8	17.0	83.3	999.4	1.0
20100828	27.1	0.2	77.8	996.8	2.0
20100829	26.0	31.0	83.6	994.7	1.4
20100830	25.4	17.5	85.6	994.2	0.9
20100831	25.4	9.0	88.3	996.5	0.8
20100901	27.2	0.0	76.6	998.4	2.3
20100902	27.2	7.0	76.6	996.6	2.7
20100903	27.8	0.0	76.1	998.8	0.8
20100904	27.6	0.0	76.4	998.1	1.1
20100905	26.2	16.5	82.4	996.9	1.1
20100906	24.0	28.0	92.5	993.1	0.9
20100907	23.3	19.0	80.5	992.2	1.4
20100908	21.9	0.0	69.4	999.0	1.2
20100909	22.2	0.1	75.8	998.4	1.1
20100910	25.3	11.5	80.8	994.5	1.2
20100911	25.2	4.5	89.5	992.7	1.1
20100912	23.2	36.5	87.1	991.4	1.9
20100913	22.7	0.5	81.0	995.2	1.2
20100914	22.9	0.0	74.4	998.9	1.1
20100915	22.0	0.0	68.5	998.1	1.5
20100916	21.9	0.0	72.0	996.4	1.0
20100917	22.8	0.0	76.3	996.6	1.1
20100918	23.2	0.0	74.9	996.3	1.1
20100919	19.6	11.0	89.5	996.8	1.0
20100920	20.8	1.5	89.1	996.5	0.7
20100921	24.7	2.5	83.0	994.8	1.2
20100922	17.1	24.5	88.9	996.5	1.9
20100923	17.7	0.0	72.5	999.2	1.7
20100924	16.3	0.0	72.0	1001.7	1.7
20100925	16.0	0.0	72.6	1002.1	1.1
20100926	15.7	0.0	79.9	1003.3	0.8
20100927	15.5	0.0	83.9	999.4	0.9
20100928	15.1	0.0	66.5	999.8	1.7
20100929	12.7	0.0	79.9	1004.0	0.8
20100930	13.4	0.0	75.9	1003.7	0.9
20101001	14.7	0.0	79.5	1005.5	1.0
20101002	17.1	7.5	87.1	1001.0	0.9
20101003	19.1	6.0	74.8	992.6	2.0
20101004	14.5	1.0	82.9	993.0	2.0
20101005	15.3	0.0	75.3	997.5	1.2
20101006	15.3	0.0	79.6	1002.8	0.8
20101007	16.5	0.0	76.5	1004.4	1.3
20101008	16.7	1.5	85.6	1001.3	0.6
20101009	17.8	1.0	83.3	994.9	0.8
20101010	17.4	0.0	77.6	997.6	1.0
20101011	15.4	0.2	89.8	999.6	0.8
20101012	17.0	0.0	83.6	999.5	0.8
20101013	17.1	0.0	84.8	997.7	1.0
20101014	15.8	0.0	76.1	996.6	1.2
20101015	12.5	0.0	62.1	998.9	1.9
20101016	13.2	0.0	73.4	1002.7	1.2
20101017	13.9	0.0	78.8	1006.5	0.9
20101018	14.0	0.0	76.0	1008.5	0.9
20101019	14.7	0.0	80.1	1007.5	0.7
20101020	15.2	0.0	81.9	1004.6	0.8
20101021	14.5	0.0	79.5	1003.7	1.5
20101022	13.4	0.0	77.0	1006.4	1.2
20101023	14.1	0.0	81.9	1004.2	1.1
20101024	15.2	0.2	86.6	997.1	0.7
20101025	13.0	0.0	66.3	996.8	2.4
20101026	4.5	0.0	43.5	1008.9	1.9
20101027	6.4	0.0	62.1	1011.4	1.1
20101028	6.9	0.0	62.6	1006.7	1.0
20101029	7.5	0.0	73.8	1009.4	1.1
20101030	9.6	0.0	70.6	1009.6	0.9
20101031	10.1	3.5	80.6	1005.6	1.0
20101101	10.9	0.0	67.9	1001.3	1.5
20101102	7.9	0.0	38.9	1002.6	2.8
20101103	5.0	0.0	57.3	1008.0	1.4
20101104	7.5	0.0	69.6	1007.1	1.3
20101105	8.4	0.0	71.0	1006.3	1.0
20101106	9.4	0.0	74.8	1005.0	1.0
20101107	8.5	0.0	78.0	1000.2	0.7
20101108	7.6	0.1	65.6	995.2	3.3
20101109	5.3	0.0	45.1	998.4	4.6
20101110	4.9	0.0	47.5	1003.7	2.0
20101111	7.3	7.0	71.1	999.8	0.9
20101112	10.0	0.0	50.4	1003.6	3.2
20101113	6.9	0.0	72.8	1009.4	0.7
20101114	8.2	0.0	51.5	1009.1	1.7
20101115	4.1	0.0	30.9	1010.8	2.3
20101116	1.2	0.0	60.9	1008.4	0.9
20101117	3.0	0.0	70.5	1008.2	0.9
20101118	3.4	0.0	73.6	1008.2	0.7
20101119	2.4	0.0	76.8	1003.8	0.8
20101120	4.3	0.0	76.5	1001.8	0.7
20101121	6.6	0.0	75.5	998.1	0.7
20101122	7.5	0.0	54.1	996.0	1.7
20101123	5.5	0.0	63.6	1004.6	1.5
20101124	7.2	0.0	68.9	1004.5	0.9
20101125	5.0	0.0	53.6	1002.4	2.8
20101126	0.6	0.0	40.3	1003.7	1.9
20101127	-1.4	0.5	66.9	1000.4	1.1
20101128	-0.1	0.0	35.3	1006.4	2.6
20101129	3.0	0.0	50.1	1006.3	0.9
20101130	5.9	0.0	70.9	1002.6	1.0
20101201	4.0	0.0	89.5	1003.7	0.7
20101202	4.4	0.0	86.9	999.5	0.6
20101203	3.0	0.5	45.6	997.4	4.9
20101204	3.1	0.0	53.9	1003.4	2.2
20101205	4.9	0.0	75.0	1000.6	1.0
20101206	4.9	0.0	63.6	997.9	2.3
20101207	0.4	0.0	51.8	998.9	1.9
20101208	-0.5	0.7	74.0	993.6	1.0
20101209	-0.5	0.1	49.8	999.0	2.7
20101210	-0.1	0.0	57.8	996.2	1.0
20101211	1.4	0.0	38.4	1000.7	3.5
20101212	-3.2	0.0	51.0	1008.3	0.8
20101213	0.9	15.5	88.1	1000.0	0.5
20101214	0.3	0.0	61.9	1001.6	3.2
20101215	-7.0	0.0	37.3	1004.2	4.0
20101216	-6.4	0.0	46.5	1000.7	2.7
20101217	-3.4	0.3	75.9	997.4	1.0
20101218	-0.3	0.0	58.0	1005.0	1.1
20101219	0.6	0.0	70.4	1002.4	0.9
20101220	2.6	0.0	67.6	1001.1	0.9
20101221	2.7	0.0	69.4	996.3	0.8
20101222	4.7	0.0	64.3	997.4	1.2
20101223	1.2	0.0	55.9	1002.8	2.3
20101224	-7.7	0.0	30.1	1005.4	4.3
20101225	-8.2	0.0	37.4	1000.3	4.7
20101226	-6.1	0.0	50.6	993.8	3.7
20101227	-2.3	0.0	61.9	995.2	1.8
20101228	-1.4	3.0	84.5	992.4	1.4
20101229	-3.8	0.0	63.3	1000.4	2.2
20101230	-4.1	1.5	66.3	992.3	2.2
20101231	-7.0	0.0	53.0	994.9	3.1
20110101	-4.5	0.0	58.8	1002.4	2.1
20110102	-3.8	0.0	66.9	1008.1	1.0
20110103	-3.9	0.0	73.6	1004.0	1.1
20110104	-2.1	0.0	64.9	1003.4	2.4
20110105	-1.3	0.0	58.5	1001.9	3.2
20110106	-5.1	0.0	52.1	1006.5	2.7
20110107	-6.8	0.0	53.8	1009.2	1.6
20110108	-4.2	0.0	63.6	1006.7	1.7
20110109	-2.8	0.0	48.8	1005.3	3.0
20110110	-6.8	0.0	46.1	1006.7	2.0
20110111	-4.8	0.0	59.0	999.6	1.7
20110112	-5.6	0.0	40.5	1003.2	3.2
20110113	-6.6	0.0	42.6	1008.3	1.4
20110114	-4.9	0.0	54.0	1007.9	1.6
20110115	-8.5	0.0	35.5	1005.3	4.7
20110116	-11.5	0.0	40.8	1006.5	3.5
20110117	-8.3	0.0	40.8	1010.9	2.5
20110118	-6.4	0.0	48.8	1010.2	2.2
20110119	-5.3	0.0	46.6	1008.7	2.5
20110120	-5.7	0.0	45.8	1007.0	2.3
20110121	-5.6	0.0	45.1	1006.6	1.7
20110122	-4.3	0.0	50.5	1008.3	1.7
20110123	-3.6	0.5	65.9	1007.1	1.1
20110124	-5.3	0.0	56.3	1007.5	3.4
20110125	-7.0	0.0	57.9	1011.9	2.2
20110126	-5.5	0.0	45.4	1014.6	3.1
20110127	-6.0	0.0	39.3	1017.0	2.6
20110128	-4.6	0.0	33.8	1013.0	2.0
20110129	-6.7	0.0	34.0	1008.8	3.8
20110130	-7.6	0.0	34.0	1008.8	3.8
20110131	-4.9	0.0	45.3	1008.0	3.8
20110201	-1.0	0.0	58.3	1006.6	1.3
20110202	0.9	0.0	48.6	1005.1	1.3
20110203	-0.1	0.0	51.6	1004.5	1.4
20110204	1.4	0.0	53.5	1002.4	1.7
20110205	1.3	0.0	55.9	1003.5	1.0
20110206	1.2	0.0	63.1	998.9	1.4
20110207	1.3	0.0	58.0	999.8	0.9
20110208	2.0	0.0	65.0	993.4	0.7
20110209	0.2	0.0	59.0	998.6	2.0
20110210	-1.2	0.0	62.3	1002.6	0.8
20110211	-1.1	2.8	72.0	1000.2	1.3
20110212	-2.7	0.1	43.1	1003.4	3.4
20110213	-3.9	0.0	57.1	1007.2	0.9
20110214	-2.2	1.1	84.8	1005.5	1.7
20110215	-2.2	0.0	66.8	1011.3	1.5
20110216	0.8	0.0	62.6	1007.4	0.9
20110217	1.5	4.5	91.6	999.6	0.9
20110218	1.2	0.0	71.4	1005.2	0.8
20110219	1.8	0.0	59.0	1006.1	1.3
20110220	2.8	0.0	59.5	1009.1	2.0
20110221	3.2	0.0	63.8	1010.0	1.6
20110222	4.0	0.0	66.4	1008.3	1.0
20110223	4.7	0.0	61.9	1004.1	0.9
20110224	6.9	0.0	53.9	1000.9	1.9
20110225	5.9	0.0	50.8	1007.3	2.5
20110226	4.1	0.0	57.6	1011.9	2.1
20110227	4.5	43.5	89.6	1003.6	1.6
20110228	5.0	1.5	82.3	1000.3	1.4
20110301	3.6	2.5	79.8	996.3	2.6
20110302	-0.1	0.0	46.1	1001.3	3.5
20110303	-1.3	0.0	46.1	1003.6	2.4
20110304	0.8	0.0	46.3	1005.9	2.3
20110305	2.3	0.0	51.4	1005.0	1.7
20110306	4.8	0.0	49.1	999.5	1.8
20110307	3.8	0.0	47.1	996.5	3.4
20110308	2.9	0.0	38.1	1000.5	3.5
20110309	1.3	0.0	37.0	1005.6	3.6
20110310	2.2	0.0	45.8	1005.1	3.2
20110311	5.1	0.0	40.0	1004.3	2.5
20110312	6.5	0.0	39.3	1003.4	1.5
20110313	8.8	0.0	52.0	1002.2	1.3
20110314	8.8	0.3	65.0	999.8	1.8
20110315	4.6	0.0	43.5	998.4	4.4
20110316	0.6	0.0	29.0	1002.3	4.0
20110317	2.4	0.0	36.5	1006.6	2.5
20110318	5.7	0.0	37.0	1006.0	1.4
20110319	10.8	0.0	37.1	1000.5	2.0
20110320	7.3	14.0	76.3	996.1	1.0
20110321	8.5	0.0	62.1	999.0	1.7
20110322	4.5	0.0	36.1	1003.4	3.6
20110323	2.9	0.0	34.0	1005.9	2.7
20110324	4.0	1.5	52.0	1004.1	2.2
20110325	2.8	0.1	49.1	1005.2	3.7
20110326	2.5	0.0	49.4	1009.4	1.5
20110327	4.6	0.0	45.3	1008.1	1.6
20110328	6.0	0.0	45.5	1006.6	1.9
20110329	5.1	0.0	47.8	1006.2	2.1
20110330	9.2	0.0	39.8	1003.9	2.6
20110331	10.7	0.0	42.6	1004.6	1.2
20110401	11.9	0.0	33.9	1003.0	2.4
20110402	8.3	0.0	48.6	1004.1	2.6
20110403	8.1	0.0	52.6	1004.7	2.3
20110404	7.5	0.0	45.8	1008.4	2.2
20110405	10.0	0.0	43.1	1009.0	1.2
20110406	12.3	0.0	40.6	1006.3	1.6
20110407	11.6	7.0	91.0	1000.8	1.3
20110408	12.4	2.5	68.8	1001.0	2.4
20110409	10.6	0.0	52.6	1003.3	1.9
20110410	12.9	0.0	41.4	999.5	2.6
20110411	10.5	6.0	52.5	998.5	2.2
20110412	10.9	0.0	35.6	1001.1	2.3
20110413	13.1	0.0	30.3	999.6	2.4
20110414	14.5	0.0	29.0	994.2	1.5
20110415	17.9	0.0	45.8	988.5	3.0
20110416	11.4	0.0	54.4	997.5	3.0
20110417	11.1	0.0	49.8	995.0	2.0
20110418	8.9	0.0	56.5	988.3	2.5
20110419	8.8	0.0	47.5	995.8	2.2
20110420	11.8	0.0	45.1	1001.6	2.2
20110421	14.4	0.0	33.5	1000.4	1.4
20110422	10.7	29.0	86.0	992.2	1.6
20110423	11.2	0.0	50.5	990.9	4.0
20110424	10.3	0.0	50.3	991.8	3.3
20110425	12.5	0.0	49.4	993.1	3.6
20110426	10.0	7.5	91.3	988.4	1.0
20110427	13.4	0.1	72.3	984.4	2.2
20110428	10.4	0.0	54.4	991.4	2.4
20110429	13.1	0.0	45.9	995.9	1.5
20110430	15.2	26.0	91.2	988.0	1.3
20110501	16.0	13.0	59.9	988.0	3.7
20110502	16.3	0.0	54.6	996.0	1.4
20110503	17.6	0.0	45.8	994.8	2.2
20110504	14.8	0.0	48.6	998.9	2.2
20110505	14.7	0.0	57.9	1000.2	2.5
20110506	15.0	0.0	63.0	995.5	1.3
20110507	19.1	0.0	63.6	991.5	1.9
20110508	18.9	0.0	51.3	996.5	1.5
20110509	20.9	0.0	67.6	992.6	1.7
20110510	17.5	59.0	90.0	989.7	1.7
20110511	14.1	50.5	89.0	990.0	1.8
20110512	14.7	5.5	76.4	986.2	1.8
20110513	16.8	0.0	36.8	987.0	3.9
20110514	18.1	0.0	30.8	992.7	3.3
20110515	19.0	0.0	40.1	996.4	2.1
20110516	18.4	0.0	42.9	995.8	2.4
20110517	16.7	0.0	44.5	995.0	1.8
20110518	19.2	0.0	49.4	996.7	1.6
20110519	21.1	0.0	57.3	996.6	1.6
20110520	20.2	2.0	78.5	995.1	1.2
20110521	17.4	14.0	90.8	994.5	1.3
20110522	17.0	2.5	69.9	998.2	1.5
20110523	16.3	0.0	65.1	999.3	1.3
20110524	18.1	0.0	60.4	999.9	1.3
20110525	19.2	0.0	54.8	999.9	1.8
20110526	15.4	4.5	76.5	999.7	1.5
20110527	16.7	0.0	78.4	997.0	1.1
20110528	19.0	0.0	69.1	996.7	1.6
20110529	18.6	0.0	60.9	994.9	1.9
20110530	18.4	0.0	68.9	995.2	1.7
20110531	16.6	0.5	79.5	993.9	1.7
20110601	16.5	28.0	88.0	993.8	1.1
20110602	19.7	0.0	70.5	995.6	1.2
20110603	20.2	0.0	58.6	993.4	1.9
20110604	20.5	0.0	66.0	991.7	2.2
20110605	21.9	0.0	59.1	991.2	1.4
20110606	21.9	0.0	60.1	990.7	1.1
20110607	22.8	0.0	54.5	986.7	1.3
20110608	23.4	0.0	57.1	987.2	1.4
20110609	22.8	0.0	62.8	988.3	2.3
20110610	21.4	0.0	71.9	988.2	0.8
20110611	24.2	0.0	56.0	987.9	1.4
20110612	24.1	0.0	52.1	988.2	1.3
20110613	22.5	0.0	57.6	989.0	1.9
20110614	22.8	0.0	61.9	992.5	1.6
20110615	22.9	0.0	61.1	993.1	1.9
20110616	22.1	0.0	57.4	992.9	2.4
20110617	22.3	0.0	60.9	993.1	1.5
20110618	22.9	4.5	69.0	991.2	1.4
20110619	23.2	0.0	55.4	992.1	2.3
20110620	22.5	0.1	70.1	991.4	1.3
20110621	25.6	0.0	57.5	992.8	1.8
20110622	24.4	28.0	78.8	989.8	1.2
20110623	26.5	4.0	80.5	984.4	1.8
20110624	20.5	147.0	92.4	988.6	2.0
20110625	18.0	47.5	89.6	996.4	2.2
20110626	19.6	18.0	89.3	988.0	2.8
20110627	23.5	0.0	70.8	988.8	2.4
20110628	25.3	0.0	67.3	994.1	1.2
20110629	26.7	7.5	76.1	994.9	1.6
20110630	25.8	0.0	76.9	993.9	1.2
20110701	26.8	0.0	73.1	988.9	1.7
20110702	27.4	0.2	73.4	986.8	1.3
20110703	25.0	50.0	90.3	982.3	1.4
20110704	25.6	0.0	69.8	984.0	2.5
20110705	24.6	0.0	70.1	987.2	1.3
20110706	23.5	0.0	77.5	985.0	1.0
20110707	23.3	5.0	84.3	984.5	0.9
20110708	24.0	23.0	90.4	988.8	1.1
20110709	23.1	36.0	93.5	993.1	0.9
20110710	21.6	74.5	94.9	996.9	1.1
20110711	23.5	4.5	86.1	997.1	1.1
20110712	24.7	0.1	86.6	996.3	1.1
20110713	25.5	1.0	85.8	994.3	1.1
20110714	26.2	0.5	85.5	994.3	1.1
20110715	27.9	0.0	75.0	993.7	1.3
20110716	28.0	0.0	73.6	992.3	0.9
20110717	28.1	0.0	70.1	990.9	1.4
20110718	27.5	0.0	66.8	988.8	2.4
20110719	28.1	0.0	62.9	982.3	2.8
20110720	27.8	0.0	53.5	985.3	1.5
20110721	24.5	0.0	66.3	990.0	2.2
20110722	24.0	0.0	68.9	991.6	1.7
20110723	26.1	0.0	73.5	991.5	1.4
20110724	23.0	17.5	84.1	993.0	1.9
20110725	22.8	8.5	86.1	995.1	1.1
20110726	26.1	0.1	80.1	994.9	1.0
20110727	25.8	22.0	88.3	994.4	0.9
20110728	27.0	4.0	81.4	994.0	1.2
20110729	26.7	0.0	83.3	991.8	1.2
20110730	26.6	0.0	81.0	990.2	1.4
20110731	26.2	0.1	77.6	989.9	1.5
20110801	25.8	6.5	81.3	991.2	2.1
20110802	24.2	47.0	91.3	994.0	1.8
20110803	27.0	0.0	79.6	993.1	1.1
20110804	28.0	0.0	73.4	992.3	0.9
20110805	28.1	0.0	67.5	992.7	1.9
20110806	27.0	0.0	75.9	993.0	1.9
20110807	28.1	0.0	68.9	991.8	3.4
20110808	28.5	7.5	68.8	989.4	3.3
20110809	23.7	24.0	92.9	993.0	0.8
20110810	25.6	8.5	88.6	993.3	1.3
20110811	27.3	0.0	78.5	991.6	1.6
20110812	25.8	23.0	83.5	990.5	1.3
20110813	26.7	1.0	75.0	990.4	1.5
20110814	26.1	0.5	81.3	990.3	1.1
20110815	26.1	0.0	80.5	990.3	1.5
20110816	26.6	19.0	83.5	987.9	1.1
20110817	25.8	2.5	90.9	987.1	1.1
20110818	24.7	46.0	82.9	990.1	1.7
20110819	21.8	4.5	89.1	995.4	1.0
20110820	21.4	10.5	91.5	995.6	0.8
20110821	22.7	0.0	77.5	994.8	1.5
20110822	20.9	0.0	85.6	995.4	0.9
20110823	21.5	0.0	78.3	994.4	1.4
20110824	21.6	1.0	82.1	996.4	1.0
20110825	22.7	0.0	78.6	998.9	1.2
20110826	23.1	0.1	80.1	1000.5	1.1
20110827	23.9	0.0	76.3	999.8	1.6
20110828	24.7	0.0	74.3	998.2	1.2
20110829	26.3	0.0	73.8	996.4	1.2
20110830	26.0	20.5	75.9	993.5	1.0
20110831	26.9	0.0	69.8	990.3	1.0
20110901	26.6	0.0	67.8	988.6	1.5
20110902	24.6	0.0	70.5	987.5	1.5
20110903	24.1	0.0	66.8	988.9	1.3
20110904	23.0	0.0	68.8	989.9	1.2
20110905	21.1	6.0	77.5	989.8	1.3
20110906	21.7	0.0	69.9	989.3	1.5
20110907	21.2	0.0	70.9	990.9	1.0
20110908	21.1	0.0	78.5	994.9	0.9
20110909	19.8	3.5	82.3	1001.0	0.9
20110910	19.0	19.0	90.4	1004.3	1.0
20110911	21.6	12.5	87.9	1001.1	0.9
20110912	23.6	10.5	89.9	999.3	0.8
20110913	25.2	0.0	82.1	998.0	0.9
20110914	26.3	0.0	77.6	996.7	1.0
20110915	25.0	0.0	79.5	995.8	1.4
20110916	25.7	0.0	74.8	992.2	1.1
20110917	25.0	0.0	75.5	992.0	2.1
20110918	21.8	0.0	72.0	995.8	2.3
20110919	17.5	0.5	61.8	1000.6	2.3
20110920	16.4	0.1	66.0	996.6	1.5
20110921	16.6	0.0	61.6	992.6	1.2
20110922	15.5	0.0	64.5	995.6	1.2
20110923	17.1	0.0	67.3	999.3	1.3
20110924	18.1	0.0	66.6	1003.3	1.1
20110925	18.0	0.0	71.4	1005.5	0.9
20110926	17.4	0.0	66.4	1004.2	1.4
20110927	16.8	0.0	70.5	1003.6	1.8
20110928	17.3	0.0	81.0	1002.3	0.7
20110929	16.8	9.5	93.6	996.1	0.9
20110930	16.8	0.0	61.8	999.0	2.5
20111001	12.4	0.0	66.6	1004.5	1.5
20111002	11.7	0.0	64.9	1006.5	1.3
20111003	11.5	0.0	69.1	1007.8	0.8
20111004	12.9	0.0	71.0	1005.8	0.9
20111005	14.9	0.0	64.6	999.0	0.8
20111006	14.0	0.0	62.8	997.5	2.1
20111007	12.8	0.0	69.5	1003.3	0.9
20111008	13.2	0.0	72.9	1006.3	0.8
20111009	13.7	0.0	81.3	1006.5	0.7
20111010	15.6	0.0	76.6	1004.7	0.8
20111011	15.8	0.0	71.5	1002.7	1.1
20111012	14.1	0.0	76.5	1001.1	0.9
20111013	16.4	0.0	62.9	998.9	0.8
20111014	13.5	5.0	89.3	996.0	0.8
20111015	15.8	3.0	76.0	992.6	1.3
20111016	15.3	0.0	62.3	993.8	2.5
20111017	12.7	0.0	47.1	1001.2	2.5
20111018	9.7	0.0	60.0	1008.2	1.1
20111019	11.8	0.0	74.6	1009.9	1.6
20111020	15.1	0.0	67.6	1008.1	1.7
20111021	14.8	5.5	81.8	1003.1	1.1
20111022	14.0	41.0	95.3	997.6	0.7
20111023	13.3	0.0	91.3	1001.4	0.7
20111024	14.3	0.5	81.1	998.9	1.9
20111025	7.7	0.0	53.6	1005.5	2.2
20111026	6.8	0.0	68.9	1009.0	0.8
20111027	10.0	0.0	74.3	1009.8	0.8
20111028	12.1	0.0	76.9	1007.6	0.8
20111029	13.5	0.5	80.3	1004.4	1.1
20111030	14.9	0.1	80.5	1003.9	0.7
20111031	12.9	0.0	71.8	1009.5	0.9
20111101	15.1	0.0	71.8	1009.3	1.2
20111102	16.0	0.0	79.6	1007.9	0.8
20111103	17.6	0.0	72.8	1009.4	1.6
20111104	18.8	0.0	71.8	1008.5	1.4
20111105	19.5	12.5	78.5	1002.4	1.5
20111106	15.5	7.5	83.9	1003.3	1.6
20111107	14.8	0.0	85.0	1003.6	0.5
20111108	14.0	0.2	75.1	1003.9	1.6
20111109	12.6	0.0	72.3	1004.8	1.5
20111110	12.4	0.0	65.6	1002.8	1.8
20111111	12.0	0.0	74.6	999.3	0.8
20111112	10.5	0.0	76.6	1000.9	1.3
20111113	10.4	0.0	61.8	1001.9	1.5
20111114	7.4	0.0	47.8	1006.5	1.9
20111115	5.7	0.0	54.0	1012.6	1.0
20111116	7.2	0.0	62.8	1013.6	1.1
20111117	9.6	0.0	73.3	1010.6	0.6
20111118	12.5	11.0	93.3	998.3	0.5
20111119	13.0	0.1	76.3	991.2	2.5
20111120	3.3	0.0	38.0	1006.2	4.2
20111121	1.7	0.0	37.3	1013.1	1.9
20111122	2.1	0.0	61.9	1010.0	0.7
20111123	3.6	4.0	75.4	1000.8	2.9
20111124	0.6	0.0	43.8	1009.0	3.4
20111125	2.1	0.0	57.1	1012.3	1.3
20111126	3.0	0.0	73.4	1010.9	0.7
20111127	7.1	0.0	77.1	1006.7	0.7
20111128	7.6	0.0	89.3	1005.9	0.6
20111129	10.6	0.0	82.5	1006.1	1.1
20111130	7.2	28.5	82.5	1006.3	1.6
20111201	5.4	0.0	68.3	1008.6	2.4
20111202	5.9	0.1	71.8	1003.6	1.5
20111203	5.0	14.0	87.8	999.3	1.6
20111204	3.1	0.0	71.3	1007.3	1.9
20111205	1.4	0.0	61.9	1012.9	0.8
20111206	2.2	0.3	83.6	1011.5	0.8
20111207	4.1	0.0	69.8	1008.1	1.1
20111208	2.9	0.0	61.9	1003.7	2.3
20111209	-1.1	0.0	56.5	1007.9	2.6
20111210	-1.3	0.0	56.3	1007.5	2.7
20111211	3.0	0.0	63.6	1008.4	1.9
20111212	4.5	0.0	60.8	1008.6	1.4
20111213	1.2	0.0	70.0	1009.8	0.7
20111214	3.0	0.0	70.9	1005.5	1.0
20111215	-0.6	0.0	41.4	1007.5	3.7
20111216	-4.8	0.0	39.4	1010.3	3.3
20111217	-5.0	0.0	45.6	1012.8	2.4
20111218	-2.0	0.0	53.0	1011.1	1.8
20111219	-1.8	0.0	53.4	1011.4	1.6
20111220	-2.0	0.0	53.5	1010.9	0.9
20111221	1.1	0.0	63.4	1006.0	0.9
20111222	-2.0	0.0	39.1	1005.0	3.8
20111223	-5.6	0.0	40.0	1006.9	1.4
20111224	-4.4	0.4	48.8	1004.1	2.5
20111225	-4.8	0.0	33.3	1009.7	3.5
20111226	-5.3	0.0	31.6	1014.8	2.7
20111227	-5.4	0.0	48.4	1016.2	0.6
20111228	-2.6	0.0	61.4	1012.3	0.8
20111229	0.2	0.0	58.1	1009.4	1.3
20111230	-2.8	0.0	69.4	1012.5	0.6
20111231	-2.7	0.0	62.5	1009.4	1.3
20120101	-1.0	0.0	58.3	1005.0	2.3
20120102	-4.0	0.0	60.6	1007.7	1.3
20120103	-3.7	0.0	60.8	1003.1	1.7
20120104	-4.8	0.0	48.8	1005.9	3.7
20120105	-4.7	0.0	47.9	1010.4	2.1
20120106	-4.3	0.0	54.1	1012.6	1.1
20120107	-4.7	0.0	63.0	1016.8	0.7
20120108	-3.0	0.0	55.1	1013.2	1.5
20120109	-0.5	0.0	59.4	1011.4	1.4
20120110	-1.6	0.0	55.6	1008.8	1.9
20120111	-3.4	0.0	39.8	1011.3	2.7
20120112	-4.2	0.0	54.8	1010.4	1.8
20120113	-0.8	0.0	59.0	1006.1	1.7
20120114	-2.0	0.0	40.1	1005.8	1.7
20120115	-1.7	0.0	52.3	1003.6	0.8
20120116	1.7	0.0	65.6	1002.1	1.0
20120117	2.9	0.0	84.8	1003.6	0.7
20120118	2.4	0.0	83.8	1005.0	0.7
20120119	5.4	2.5	78.4	1004.4	1.8
20120120	6.5	0.0	63.1	1005.1	1.6
20120121	4.0	0.2	75.5	1003.1	0.9
20120122	-0.6	0.0	46.5	1003.4	3.7
20120123	-7.0	0.0	35.6	1006.6	3.3
20120124	-7.1	0.0	41.4	1005.5	2.0
20120125	-7.0	0.0	41.4	1004.7	2.6
20120126	-5.1	0.0	61.9	1007.4	1.4
20120127	-2.3	0.0	82.6	1006.8	0.8
20120128	0.1	0.0	47.8	1008.3	0.9
20120129	-1.4	0.0	38.5	1009.6	1.5
20120130	-2.9	0.0	22.1	1009.8	2.5
20120131	-3.7	10.0	59.9	1004.0	1.4
20120201	-7.9	0.4	52.5	1004.8	4.0
20120202	-12.1	0.0	44.3	1010.3	2.7
20120203	-9.9	0.0	58.1	1008.1	1.8
20120204	-4.4	0.0	61.6	1007.7	1.8
20120205	-1.6	0.0	56.8	1006.7	0.8
20120206	-0.3	0.0	59.3	999.1	0.8
20120207	-3.4	0.0	42.8	997.7	4.5
20120208	-7.3	0.0	43.5	1003.5	3.7
20120209	-3.6	0.0	48.8	1007.2	2.3
20120210	-1.8	0.0	51.3	1008.0	2.1
20120211	-2.3	0.0	37.1	1010.5	2.3
20120212	-0.6	0.0	46.9	1012.4	0.9
20120213	1.7	0.0	57.5	1006.8	0.8
20120214	2.9	0.0	57.8	1002.7	1.3
20120215	2.6	0.0	44.6	1003.0	1.6
20120216	0.4	0.0	28.3	1003.3	3.4
20120217	-4.1	0.0	33.5	1004.3	3.7
20120218	-5.1	0.0	38.4	1007.7	3.2
20120219	-3.7	0.0	41.1	1008.8	2.2
20120220	-1.5	0.0	46.0	1008.9	1.4
20120221	1.0	0.0	55.5	1006.9	1.0
20120222	3.6	0.0	66.5	1001.0	1.2
20120223	6.0	0.0	59.6	995.9	2.1
20120224	4.7	0.0	61.3	1002.0	2.3
20120225	3.1	0.5	70.6	999.2	1.6
20120226	0.5	0.0	60.0	1004.1	1.3
20120227	0.1	0.0	54.1	1007.9	1.4
20120228	1.8	0.0	65.4	1007.7	1.2
20120229	5.5	0.0	59.1	1005.3	1.0
20120301	8.0	0.0	59.8	1001.5	1.9
20120302	6.4	0.5	76.1	1001.4	1.2
20120303	4.8	0.0	66.8	1008.9	2.3
20120304	4.3	1.0	75.3	1007.1	1.7
20120305	3.9	13.5	88.0	997.0	1.2
20120306	4.0	4.0	78.0	994.2	2.2
20120307	5.3	0.0	56.3	1000.4	1.4
20120308	4.4	0.0	54.1	1002.6	1.3
20120309	4.5	0.0	63.1	1003.1	2.0
20120310	5.3	0.0	56.8	1001.9	1.6
20120311	0.5	0.0	37.8	1002.3	5.0
20120312	-0.6	0.0	37.9	1007.8	2.9
20120313	1.1	0.0	47.0	1008.5	2.1
20120314	3.9	0.0	57.4	1007.2	2.3
20120315	5.8	0.0	51.3	1010.0	1.7
20120316	6.1	7.0	73.9	1001.9	0.7
20120317	9.3	3.5	90.1	993.6	1.0
20120318	9.9	0.5	73.6	995.6	2.2
20120319	5.0	0.0	51.9	1002.0	2.2
20120320	4.1	0.0	38.4	1001.5	2.6
20120321	5.4	0.0	37.1	1004.8	2.0
20120322	8.6	0.5	44.6	1002.5	2.2
20120323	5.6	15.5	88.1	992.1	1.3
20120324	4.4	0.3	53.6	992.2	5.0
20120325	4.1	0.0	38.5	999.4	3.6
20120326	4.7	0.0	37.9	1005.0	3.1
20120327	8.4	0.0	35.8	1005.4	2.8
20120328	9.2	0.0	54.6	1008.2	1.7
20120329	10.6	0.1	58.0	1005.2	1.5
20120330	12.1	12.0	83.5	996.4	1.8
20120331	7.1	0.0	44.4	996.7	4.3
20120401	6.1	0.0	33.5	1004.4	2.7
20120402	11.0	0.1	51.5	999.6	1.8
20120403	7.7	16.0	72.3	984.3	4.4
20120404	9.1	0.0	47.9	993.7	4.3
20120405	8.4	0.0	37.9	994.0	3.8
20120406	6.1	0.0	35.1	998.1	4.0
20120407	7.1	0.0	36.6	1003.7	2.4
20120408	13.0	0.0	41.6	1001.8	2.8
20120409	17.3	0.0	48.6	1002.2	1.8
20120410	13.8	1.5	73.3	999.1	1.1
20120411	13.8	1.0	80.9	987.5	1.9
20120412	12.0	0.0	46.5	993.0	3.2
20120413	11.2	0.5	58.6	996.0	1.6
20120414	14.9	0.0	55.4	996.2	1.5
20120415	16.7	0.0	43.3	994.7	1.2
20120416	15.2	0.0	44.9	995.0	2.2
20120417	12.8	0.0	52.0	998.9	2.1
20120418	13.2	0.0	50.4	1001.9	1.7
20120419	13.6	0.5	58.0	1004.2	2.4
20120420	13.5	0.1	65.4	1006.0	3.2
20120421	11.7	35.0	84.0	996.8	2.7
20120422	14.3	3.0	75.0	989.2	3.4
20120423	16.4	0.0	68.3	995.6	1.9
20120424	20.1	0.0	57.6	996.5	0.9
20120425	14.1	23.0	84.0	987.3	0.9
20120426	13.5	0.1	49.6	989.1	3.9
20120427	15.6	0.0	39.3	995.8	1.4
20120428	18.1	0.0	40.1	998.0	1.2
20120429	17.1	0.0	60.8	998.7	0.6
20120430	18.9	0.0	57.3	997.0	2.8
20120501	20.8	0.0	57.5	993.4	2.3
20120502	19.1	2.0	73.0	990.2	1.9
20120503	16.7	2.5	74.3	987.7	1.2
20120504	20.4	0.0	53.9	989.6	2.0
20120505	20.9	0.0	38.3	987.7	2.9
20120506	19.0	0.0	31.8	989.2	2.6
20120507	18.6	0.0	41.9	990.1	1.7
20120508	19.2	0.0	48.9	991.2	1.5
20120509	18.6	0.0	60.9	995.8	1.8
20120510	14.2	0.0	69.6	1000.8	2.7
20120511	13.2	0.0	67.3	1001.8	2.6
20120512	15.7	0.0	61.1	998.7	1.6
20120513	17.3	0.0	63.8	996.0	1.4
20120514	14.8	22.5	87.3	993.7	0.9
20120515	17.7	0.1	64.0	989.0	1.9
20120516	17.4	0.0	56.0	987.6	1.5
20120517	15.0	4.5	70.5	987.3	1.8
20120518	16.4	0.0	66.5	997.3	1.3
20120519	18.4	0.0	59.9	999.2	1.1
20120520	20.3	0.0	53.6	998.4	1.9
20120521	19.7	0.0	56.0	1001.4	2.3
20120522	20.5	0.0	49.8	998.6	1.5
20120523	20.9	0.0	50.5	995.5	1.4
20120524	21.2	0.0	49.9	994.1	1.4
20120525	21.2	0.0	49.4	992.6	1.6
20120526	20.1	0.0	41.3	993.7	1.2
20120527	20.8	0.0	47.3	995.5	1.8
20120528	19.1	1.0	68.4	1000.8	1.7
20120529	19.9	0.0	69.4	1002.2	1.5
20120530	18.3	3.0	79.8	1003.6	1.3
20120531	20.0	1.5	69.4	1001.3	1.4
20120601	19.8	0.2	66.6	999.8	2.1
20120602	19.9	0.0	67.5	998.5	2.3
20120603	21.8	0.0	57.6	996.2	1.5
20120604	23.7	0.0	53.5	994.7	1.5
20120605	24.8	0.3	58.3	990.4	1.8
20120606	23.9	0.0	56.1	988.1	1.9
20120607	23.7	0.0	58.3	988.8	1.5
20120608	20.0	17.0	85.3	986.2	0.8
20120609	21.7	0.0	71.9	985.9	1.6
20120610	22.2	0.0	65.9	986.5	1.8
20120611	21.9	0.0	68.5	985.3	1.1
20120612	22.2	0.0	66.5	985.7	2.7
20120613	20.9	0.2	68.1	992.3	2.6
20120614	20.3	0.0	65.4	997.9	2.5
20120615	19.9	8.5	79.9	995.3	1.5
20120616	22.8	1.0	73.1	990.5	1.3
20120617	24.3	0.0	60.9	993.7	1.7
20120618	23.4	0.0	64.6	991.8	1.2
20120619	22.6	0.5	69.8	984.9	2.1
20120620	23.0	0.4	65.4	989.2	1.8
20120621	23.4	0.0	66.4	991.3	2.0
20120622	23.6	5.5	68.1	993.4	1.5
20120623	24.8	0.0	71.0	992.0	1.5
20120624	22.8	0.0	63.4	991.2	2.5
20120625	20.6	0.0	69.0	994.9	2.0
20120626	21.5	0.0	63.1	997.4	3.3
20120627	19.5	0.0	73.1	998.5	2.7
20120628	22.4	0.0	66.8	997.1	2.2
20120629	25.1	0.0	60.5	993.8	1.6
20120630	24.1	25.0	88.5	987.1	1.4
20120701	24.4	0.0	72.8	988.3	2.3
20120702	24.4	0.0	69.4	986.4	1.4
20120703	26.2	0.0	65.5	984.1	1.6
20120704	27.6	0.0	64.4	987.4	2.1
20120705	24.0	13.0	86.6	990.3	1.1
20120706	22.9	78.5	94.5	983.4	1.3
20120707	23.8	3.0	74.1	987.6	1.3
20120708	24.8	0.0	67.5	990.0	1.1
20120709	26.3	0.0	71.6	990.1	1.2
20120710	24.7	0.1	71.1	988.6	2.1
20120711	24.5	10.0	89.9	981.1	1.0
20120712	25.4	0.0	75.5	984.3	1.4
20120713	25.9	2.0	80.0	984.9	1.0
20120714	23.8	7.0	86.8	986.7	1.4
20120715	21.9	46.0	92.1	986.5	1.3
20120716	23.6	0.5	82.4	993.6	1.2
20120717	23.2	3.5	83.9	997.3	1.4
20120718	25.7	5.5	78.4	994.7	2.1
20120719	27.1	3.5	75.0	989.4	3.4
20120720	26.3	0.0	75.4	993.0	1.3
20120721	26.5	0.0	75.1	994.4	1.8
20120722	25.1	1.0	81.8	994.4	1.3
20120723	28.2	0.0	75.4	994.2	1.2
20120724	28.7	0.0	72.5	997.1	1.2
20120725	28.8	0.0	70.6	997.2	1.4
20120726	28.6	0.0	70.3	994.0	1.5
20120727	28.4	0.0	67.5	993.2	1.7
20120728	28.2	0.0	68.0	993.8	1.7
20120729	29.4	0.0	66.1	991.2	1.8
20120730	29.7	0.0	66.0	990.4	1.7
20120731	30.3	0.0	64.5	991.6	1.2
20120801	30.1	0.0	59.6	992.4	2.8
20120802	29.1	0.0	65.5	994.7	2.8
20120803	28.8	0.0	68.3	996.4	2.6
20120804	29.1	0.0	66.0	995.3	2.1
20120805	29.7	0.0	61.4	992.0	1.8
20120806	29.1	0.0	60.9	991.3	2.5
20120807	28.1	0.0	59.6	993.1	2.5
20120808	26.8	0.0	63.0	992.3	1.7
20120809	28.0	0.0	66.3	990.4	1.5
20120810	25.8	3.0	81.3	990.7	1.2
20120811	27.2	0.5	73.8	991.3	0.9
20120812	25.8	40.0	85.4	988.9	0.9
20120813	25.3	56.0	86.6	987.7	1.6
20120814	24.7	1.0	78.6	993.8	1.8
20120815	26.7	46.5	81.8	990.8	1.4
20120816	25.6	33.5	88.5	995.1	0.9
20120817	26.7	28.0	82.8	996.7	1.1
20120818	27.2	63.0	88.0	995.2	0.9
20120819	29.0	0.0	75.3	993.0	1.4
20120820	27.4	1.5	81.4	993.1	0.9
20120821	28.0	0.1	78.0	994.1	1.3
20120822	25.7	7.0	84.1	994.3	1.4
20120823	22.5	15.5	91.1	999.8	1.5
20120824	22.1	10.5	90.4	1000.5	1.6
20120825	26.5	0.0	81.1	999.1	0.9
20120826	27.5	0.0	71.4	996.9	2.0
20120827	27.4	0.0	70.4	994.6	2.3
20120828	27.4	4.0	71.0	984.3	5.4
20120829	27.0	0.0	67.9	993.1	2.2
20120830	22.6	43.0	91.0	990.0	2.0
20120831	22.0	0.5	78.5	995.7	1.5
20120901	23.0	0.0	78.0	997.5	1.1
20120902	23.8	0.0	75.4	997.3	1.3
20120903	24.1	0.0	75.3	996.8	1.2
20120904	23.6	18.5	87.0	998.2	0.9
20120905	23.1	15.0	79.1	1000.5	1.5
20120906	20.5	0.0	68.0	1002.7	1.1
20120907	21.7	0.3	72.1	1002.5	1.7
20120908	22.0	29.0	80.1	997.3	1.6
20120909	20.1	1.0	82.4	997.9	0.9
20120910	21.2	4.0	79.5	998.0	1.5
20120911	20.8	0.0	71.9	998.5	1.3
20120912	20.7	0.0	76.1	995.5	1.1
20120913	21.5	4.0	85.5	994.1	0.8
20120914	20.2	4.0	89.3	997.5	0.9
20120915	20.0	1.5	79.3	1001.8	1.5
20120916	18.4	40.0	93.4	999.1	0.8
20120917	19.6	47.0	88.5	979.9	1.9
20120918	21.0	0.0	75.9	987.7	1.7
20120919	20.2	0.0	73.1	992.9	1.4
20120920	18.6	0.0	78.8	999.0	1.0
20120921	18.5	0.0	80.6	999.6	1.0
20120922	19.8	0.0	76.9	997.1	1.3
20120923	19.8	0.0	69.1	995.6	1.2
20120924	19.3	0.0	69.3	999.3	1.4
20120925	18.6	0.0	71.4	1005.1	1.7
20120926	18.3	0.0	74.8	1005.8	1.5
20120927	18.7	0.0	76.9	1002.9	1.3
20120928	18.8	0.0	76.4	996.3	1.4
20120929	16.5	0.0	67.6	994.3	1.8
20120930	15.1	0.0	71.9	993.9	0.9
20121001	16.8	0.0	71.5	998.6	1.1
20121002	17.3	0.0	71.8	1000.7	1.2
20121003	16.9	0.0	67.5	998.5	1.7
20121004	16.1	0.0	66.8	996.4	1.0
20121005	16.1	0.0	76.9	1001.3	0.9
20121006	18.2	0.0	70.5	1003.8	0.9
20121007	15.9	0.0	69.0	1006.7	1.6
20121008	14.7	0.0	70.9	1005.8	1.3
20121009	14.4	0.0	77.1	1001.7	1.4
20121010	13.5	3.5	85.6	997.6	1.2
20121011	13.5	0.0	76.4	999.4	1.1
20121012	12.8	0.0	60.9	1002.2	0.8
20121013	12.8	0.0	67.1	1002.2	0.7
20121014	14.0	0.0	74.8	1001.6	1.1
20121015	13.1	0.0	65.4	1006.0	1.0
20121016	15.2	0.0	68.6	1003.5	1.6
20121017	12.8	3.5	73.3	997.4	1.9
20121018	9.3	0.0	59.4	1001.5	1.1
20121019	10.9	0.0	65.4	1005.1	1.1
20121020	11.8	0.0	67.4	1005.5	1.0
20121021	14.6	0.0	71.6	1006.7	0.8
20121022	12.0	22.0	84.5	996.2	1.7
20121023	10.3	0.0	51.9	998.8	3.0
20121024	10.2	0.0	74.1	1003.3	0.8
20121025	11.3	0.0	80.9	1005.3	0.7
20121026	13.6	0.0	75.6	1007.0	1.0
20121027	12.7	10.5	93.8	1001.1	0.7
20121028	15.1	0.0	65.1	1000.4	2.5
20121029	10.1	0.0	75.9	1002.2	0.7
20121030	10.2	0.0	59.0	998.6	1.4
20121031	6.9	0.0	57.8	998.5	1.5
20121101	6.3	0.0	46.9	1001.7	2.7
20121102	4.7	0.0	58.3	1007.8	0.9
20121103	7.1	0.0	66.5	1008.7	0.8
20121104	9.8	4.0	78.5	1003.4	1.7
20121105	11.1	0.0	74.5	997.6	2.1
20121106	8.1	2.0	81.6	997.0	1.9
20121107	7.7	0.0	70.8	998.6	2.1
20121108	9.1	0.0	73.9	1000.7	1.3
20121109	9.7	0.0	73.5	1006.9	1.2
20121110	12.4	0.0	58.6	1006.9	2.8
20121111	10.7	11.5	72.1	992.5	3.1
20121112	9.2	0.0	53.1	995.5	3.8
20121113	5.7	1.5	71.9	992.1	2.7
20121114	4.0	0.0	55.0	998.7	3.3
20121115	4.0	0.0	62.0	1008.9	1.0
20121116	4.9	5.0	78.9	1005.7	0.8
20121117	6.8	0.5	68.0	997.0	2.7
20121118	3.9	0.0	52.9	1003.4	1.3
20121119	3.8	0.0	63.8	999.6	2.4
20121120	2.5	0.0	52.8	1005.0	2.0
20121121	1.2	0.0	65.5	1004.4	0.7
20121122	4.1	0.0	70.5	1001.2	0.8
20121123	5.4	0.0	67.0	999.7	1.4
20121124	3.3	0.0	53.4	1004.2	1.8
20121125	2.1	0.2	58.9	1003.1	1.0
20121126	3.2	1.0	58.3	996.6	3.2
20121127	0.9	0.0	42.8	1004.9	1.6
20121128	2.1	0.0	69.1	1000.3	1.1
20121129	2.2	0.0	55.8	1005.0	1.2
20121130	0.6	0.0	55.9	1006.2	0.8
20121201	1.4	0.0	51.8	1010.3	1.8
20121202	1.6	0.0	81.8	1006.2	0.8
20121203	0.8	1.0	91.3	998.2	1.5
20121204	-0.5	0.0	48.0	1001.5	4.2
20121205	-0.3	2.2	60.6	998.2	2.1
20121206	-4.6	0.0	48.3	1005.6	2.8
20121207	-4.4	3.6	84.0	1001.9	0.9
20121208	-5.3	0.0	55.1	1000.7	2.7
20121209	-7.2	0.0	53.9	1001.8	3.2
20121210	-6.5	0.0	55.6	1006.2	1.9
20121211	-6.5	0.0	58.6	1008.1	1.1
20121212	-6.4	0.0	68.3	1011.8	0.7
20121213	-3.7	0.0	66.1	1013.7	0.6
20121214	0.2	16.0	86.6	1003.5	0.9
20121215	3.8	0.5	94.1	999.7	0.8
20121216	1.8	0.0	93.0	1004.9	0.4
20121217	1.6	0.0	78.8	1001.6	2.1
20121218	-3.3	0.0	54.1	1005.8	3.4
20121219	-5.1	0.0	54.9	1009.7	1.3
20121220	-3.0	0.0	54.8	1013.0	1.0
20121221	-0.7	5.0	80.8	1005.2	0.7
20121222	-1.0	0.0	77.5	1003.8	2.0
20121223	-5.5	0.0	46.0	1008.1	3.8
20121224	-8.2	0.0	57.3	1009.7	1.7
20121225	-5.5	0.0	51.6	1009.6	2.9
20121226	-9.2	0.0	45.1	1015.6	1.5
20121227	-6.2	0.0	55.0	1012.1	0.7
20121228	-1.7	11.0	82.1	1006.4	0.6
20121229	0.9	2.0	90.6	1003.9	0.7
20121230	-3.9	0.5	61.5	998.3	3.5
20121231	-6.7	0.0	53.8	1002.1	2.8
20130101	-7.0	3.7	85.4	1002.3	0.6
20130102	-7.2	0.1	48.9	1010.4	3.4
20130103	-11.3	0.0	48.5	1016.5	2.7
20130104	-12.6	0.0	63.9	1013.0	0.6
20130105	-8.8	0.0	65.3	1007.7	1.3
20130106	-5.8	0.0	60.4	1007.1	1.0
20130107	-5.8	0.0	60.6	1006.2	1.1
20130108	-4.5	0.0	57.6	1006.5	1.6
20130109	-6.0	0.0	42.5	1007.1	3.4
20130110	-8.1	0.0	48.6	1011.4	1.6
20130111	-6.1	0.0	65.0	1011.8	0.9
20130112	-1.2	0.0	70.6	1007.4	1.2
20130113	-1.6	0.0	80.5	1006.4	0.6
20130114	-1.5	0.0	72.5	1002.0	1.4
20130115	-2.3	0.0	73.4	1007.4	0.6
20130116	-2.0	0.0	75.3	1005.3	1.5
20130117	-2.5	0.0	62.5	1009.2	2.7
20130118	-4.5	0.0	58.6	1011.6	1.6
20130119	-2.0	0.0	67.6	1011.3	1.5
20130120	0.6	0.0	71.5	1014.7	1.2
20130121	2.3	20.5	92.6	1005.4	0.5
20130122	3.5	1.5	86.1	1003.4	1.0
20130123	2.0	1.5	90.5	1001.8	0.8
20130124	0.8	0.0	65.9	997.7	3.0
20130125	-5.4	0.0	35.0	1001.2	4.6
20130126	-6.0	0.0	39.1	1003.0	3.7
20130127	-5.6	0.0	54.1	1006.0	2.8
20130128	-2.7	0.0	55.8	1009.1	1.6
20130129	1.8	0.0	67.0	1009.7	0.9
20130130	4.4	0.0	68.0	1013.0	0.7
20130131	5.3	0.0	69.8	1013.5	0.8
20130201	6.9	22.5	92.5	1002.1	1.1
20130202	3.9	0.0	51.6	1007.0	3.8
20130203	-0.6	1.6	63.3	1007.9	1.0
20130204	2.0	5.5	80.1	1001.4	2.0
20130205	0.0	1.0	88.5	1004.5	0.6
20130206	1.2	1.0	78.1	999.4	2.6
20130207	-6.4	0.0	41.6	1003.4	5.0
20130208	-8.3	0.0	43.9	1012.1	1.9
20130209	-5.3	0.0	48.3	1009.2	2.4
20130210	-2.8	0.0	58.0	1007.6	2.7
20130211	-2.4	0.0	39.9	1012.2	1.5
20130212	-1.8	0.0	60.1	1007.1	1.7
20130213	-1.1	0.0	54.5	1009.3	1.6
20130214	1.8	0.0	48.6	1006.1	1.0
20130215	1.4	0.0	41.4	1003.6	2.6
20130216	-1.4	0.0	38.5	1009.5	1.3
20130217	1.9	0.0	51.8	1004.3	1.1
20130218	3.7	0.1	65.8	999.1	1.1
20130219	0.5	0.0	41.3	1004.7	2.9
20130220	-1.4	0.0	32.0	1009.5	3.3
20130221	-0.6	0.0	42.4	1010.9	2.4
20130222	0.8	0.0	49.3	1007.5	2.2
20130223	-0.1	0.0	39.5	1009.5	3.4
20130224	2.5	0.0	40.8	1011.2	1.8
20130225	3.3	0.0	44.3	1011.3	1.0
20130226	4.6	0.0	57.9	1003.8	1.0
20130227	6.4	0.0	50.4	1000.3	1.8
20130228	8.4	0.0	40.3	999.5	1.0
20130301	5.0	3.0	51.9	996.0	3.7
20130302	0.7	0.0	45.9	1007.5	2.1
20130303	1.3	0.0	46.4	1004.5	2.2
20130304	2.9	0.0	55.3	1003.0	1.9
20130305	5.4	0.0	42.6	1006.2	1.9
20130306	7.7	0.0	42.0	1003.6	1.2
20130307	6.9	1.5	74.5	995.1	1.4
20130308	9.7	0.0	65.3	992.1	1.9
20130309	14.1	0.0	49.1	990.8	1.2
20130310	8.2	0.0	34.4	999.6	4.1
20130311	5.1	0.0	47.8	1006.7	1.1
20130312	9.3	0.0	50.0	998.4	1.2
20130313	6.6	13.5	84.8	995.8	2.0
20130314	4.7	0.1	59.3	1009.7	1.7
20130315	6.2	0.0	55.5	1006.9	1.8
20130316	8.4	0.0	38.1	1005.6	1.7
20130317	10.0	5.0	50.8	997.0	1.5
20130318	11.7	20.0	73.0	986.3	2.3
20130319	12.0	0.0	54.9	994.8	1.3
20130320	7.0	0.2	60.6	993.3	2.8
20130321	2.7	0.0	40.8	999.7	1.7
20130322	5.1	0.0	50.3	995.1	2.0
20130323	7.2	0.0	60.5	997.7	1.3
20130324	7.3	0.0	53.4	994.3	2.3
20130325	4.8	0.0	55.3	999.0	2.5
20130326	5.3	0.0	47.4	1003.4	1.1
20130327	9.3	0.0	42.3	998.3	1.6
20130328	10.9	0.0	43.3	997.7	1.7
20130329	8.7	0.0	38.1	1001.5	2.2
20130330	7.1	0.0	56.5	1004.3	1.5
20130331	8.4	0.5	58.0	1005.2	1.8
20130401	9.5	0.0	55.9	1003.1	1.5
20130402	8.7	0.0	68.6	995.2	2.5
20130403	11.6	0.0	48.5	997.2	2.7
20130404	13.2	0.0	43.4	1000.1	1.8
20130405	13.7	0.0	53.0	997.2	1.4
20130406	9.8	35.0	88.9	982.1	1.7
20130407	5.3	3.5	67.6	987.6	3.2
20130408	8.9	0.0	44.1	996.0	2.5
20130409	8.7	0.0	38.3	995.8	4.7
20130410	5.9	0.0	43.1	999.5	3.3
20130411	6.3	2.0	48.1	998.6	3.1
20130412	6.7	0.0	45.3	1000.6	2.3
20130413	12.0	0.0	42.4	995.7	2.1
20130414	11.5	0.5	45.5	989.9	3.1
20130415	6.0	0.0	43.0	994.6	0.9
20130416	15.6	0.0	51.3	988.4	1.6
20130417	9.7	0.0	68.9	994.1	3.4
20130418	12.5	0.0	52.8	994.0	2.7
20130419	9.3	0.0	44.8	1000.8	2.4
20130420	5.2	12.0	83.6	1000.2	0.9
20130421	9.0	0.0	60.3	1001.2	1.8
20130422	11.6	0.0	49.0	1004.3	1.2
20130423	10.6	16.0	75.9	999.6	0.8
20130424	14.8	3.0	63.3	991.1	2.7
20130425	11.3	1.0	68.5	991.3	2.0
20130426	10.7	0.1	61.1	992.9	2.3
20130427	11.8	0.0	58.5	999.8	1.8
20130428	16.0	0.0	53.9	1001.5	1.3
20130429	13.9	7.5	74.0	995.3	1.6
20130430	14.4	0.0	47.3	992.3	2.4
20130501	10.9	0.0	63.8	994.5	2.0
20130502	11.1	4.0	72.6	996.2	1.9
20130503	12.8	0.0	66.3	998.6	1.8
20130504	15.4	0.0	52.5	1001.0	1.9
20130505	17.0	0.0	42.9	1002.0	2.5
20130506	18.7	0.0	39.5	1000.0	2.6
20130507	16.6	0.0	53.4	1004.7	2.6
20130508	18.4	0.0	51.5	1002.4	1.3
20130509	19.7	0.5	55.3	996.6	1.6
20130510	16.3	17.5	84.0	986.7	1.7
20130511	18.6	0.0	56.6	987.9	1.8
20130512	21.0	0.0	52.8	989.3	2.3
20130513	22.4	0.0	46.3	994.4	1.7
20130514	21.2	0.0	50.3	995.1	1.4
20130515	19.8	0.0	55.5	996.5	2.5
20130516	16.4	0.0	60.8	1002.7	3.1
20130517	17.0	0.0	57.6	1000.9	1.7
20130518	18.7	0.3	57.9	992.8	1.3
20130519	16.1	30.5	87.1	982.9	1.5
20130520	18.0	0.0	67.9	986.5	2.2
20130521	18.6	0.0	52.3	991.0	1.3
20130522	20.4	0.0	54.9	994.5	1.1
20130523	22.2	0.0	53.9	996.7	1.3
20130524	23.3	0.0	58.8	996.6	1.4
20130525	23.7	0.0	59.9	998.0	1.5
20130526	23.8	0.0	56.5	999.8	1.4
20130527	20.6	22.0	74.9	996.0	2.3
20130528	20.1	22.0	91.9	990.5	1.1
20130529	19.8	0.0	76.5	991.4	2.5
20130530	20.6	0.0	55.9	995.3	1.7
20130531	20.1	0.0	58.1	993.6	1.0
20130601	20.5	0.0	66.3	990.6	1.1
20130602	21.0	0.0	63.3	991.7	2.3
20130603	21.5	0.0	59.0	995.9	1.3
20130604	23.3	0.0	58.0	999.6	1.2
20130605	24.5	0.0	59.6	1000.3	1.2
20130606	22.6	0.0	71.0	998.8	1.7
20130607	22.0	0.0	66.6	996.6	1.7
20130608	22.0	0.0	65.0	994.3	1.8
20130609	21.7	0.0	61.3	992.8	2.6
20130610	22.1	0.0	58.3	992.5	2.7
20130611	20.0	7.0	76.3	992.1	2.0
20130612	21.8	3.0	84.3	992.9	0.9
20130613	24.1	0.0	72.6	996.2	1.5
20130614	22.6	3.0	82.9	997.7	1.0
20130615	25.3	0.0	74.1	994.6	1.2
20130616	25.8	0.0	66.4	990.6	1.6
20130617	24.8	0.0	62.8	985.8	2.2
20130618	21.8	125.5	93.9	981.1	0.9
20130619	24.4	19.5	74.8	984.5	1.0
20130620	25.8	0.0	71.8	989.2	1.1
20130621	24.3	13.5	77.1	990.0	1.8
20130622	23.4	0.0	76.0	991.2	1.2
20130623	22.4	4.5	82.4	990.3	0.9
20130624	23.2	0.4	74.8	989.6	0.9
20130625	23.9	0.0	70.3	990.3	1.8
20130626	23.9	0.3	70.3	986.5	1.6
20130627	23.7	10.5	73.1	989.3	1.3
20130628	24.7	0.0	66.1	990.5	1.5
20130629	24.7	0.0	66.8	995.0	2.0
20130630	25.4	0.0	67.5	995.3	1.4
20130701	26.1	0.0	69.3	992.7	1.1
20130702	25.9	10.5	77.6	986.6	1.7
20130703	27.2	3.5	72.3	983.4	1.8
20130704	25.9	3.0	81.3	982.9	1.2
20130705	23.0	60.0	93.3	982.0	0.8
20130706	26.0	0.0	80.5	989.6	0.9
20130707	25.2	0.3	84.1	993.0	1.1
20130708	28.3	0.0	70.6	992.6	1.8
20130709	28.0	0.0	73.4	991.3	2.0
20130710	29.3	0.0	71.1	990.5	1.7
20130711	28.9	0.0	70.4	991.8	1.7
20130712	27.1	0.0	73.6	992.4	1.9
20130713	26.8	0.0	78.3	995.3	1.2
20130714	25.0	20.5	85.4	996.3	1.2
20130715	24.8	6.5	89.3	996.1	0.9
20130716	27.7	0.0	67.5	993.6	1.9
20130717	26.0	1.0	80.0	992.9	1.5
20130718	26.8	0.0	75.1	994.2	1.2
20130719	26.6	10.0	73.9	994.5	1.1
20130720	26.9	2.0	80.5	993.0	1.1
20130721	27.7	0.0	77.5	991.3	1.4
20130722	28.3	0.0	75.3	992.6	1.0
20130723	26.5	3.5	83.8	989.7	1.2
20130724	27.2	0.3	77.4	984.5	2.0
20130725	26.7	0.0	70.1	985.5	2.1
20130726	27.6	0.0	67.6	986.7	1.9
20130727	27.0	0.0	69.6	988.9	1.2
20130728	25.8	3.0	83.6	988.7	0.8
20130729	28.6	0.1	74.0	985.5	2.0
20130730	26.5	5.0	75.4	986.8	1.0
20130731	26.6	1.0	85.8	986.5	0.9
20130801	28.0	5.5	75.5	991.0	1.3
20130802	25.3	21.5	87.8	995.8	1.2
20130803	26.8	5.5	81.6	994.1	1.1
20130804	27.2	3.5	84.4	989.1	1.1
20130805	28.5	0.0	74.1	988.0	1.5
20130806	26.7	15.0	79.8	991.1	1.5
20130807	28.1	0.0	80.9	991.5	1.1
20130808	30.2	0.0	76.1	989.3	1.6
20130809	30.6	0.0	72.3	989.0	1.8
20130810	27.9	9.0	79.9	992.9	1.4
20130811	28.8	0.0	78.1	994.8	1.1
20130812	30.2	0.0	70.3	994.5	1.3
20130813	29.0	0.0	71.5	994.3	1.5
20130814	28.4	0.0	72.1	994.3	1.4
20130815	28.3	0.0	72.0	993.4	1.3
20130816	28.9	0.0	68.1	990.9	1.5
20130817	28.9	0.0	66.8	989.3	2.0
20130818	29.2	0.0	67.6	989.6	1.7
20130819	29.4	0.0	68.9	990.4	1.4
20130820	29.0	0.0	61.4	991.3	1.8
20130821	27.5	0.0	69.9	993.4	1.8
20130822	28.4	9.0	73.4	993.8	1.2
20130823	24.9	51.0	93.4	991.9	0.9
20130824	24.7	0.5	79.3	991.0	1.0
20130825	24.6	0.0	70.0	990.1	1.5
20130826	24.6	0.0	69.1	989.1	1.0
20130827	24.3	0.0	71.6	991.6	1.5
20130828	25.4	0.0	70.3	991.7	1.0
20130829	24.2	4.0	84.4	985.0	1.1
20130830	26.4	0.0	76.0	986.3	1.5
20130831	23.8	0.1	67.4	990.2	2.1
20130901	22.9	0.0	63.1	996.0	1.7
20130902	22.0	0.0	68.4	997.0	1.2
20130903	19.7	0.0	80.8	996.2	0.8
20130904	19.6	0.0	64.5	995.7	1.3
20130905	18.7	0.0	71.3	1001.5	1.1
20130906	18.4	3.0	81.5	1002.9	0.8
20130907	19.7	0.5	76.9	1001.1	0.8
20130908	20.7	0.0	71.4	1001.2	1.1
20130909	20.9	0.0	70.8	999.7	1.0
20130910	22.2	0.5	71.9	997.8	0.9
20130911	20.2	13.5	87.1	998.0	0.8
20130912	21.1	0.1	85.9	1000.2	0.8
20130913	23.3	0.5	83.0	996.3	0.9
20130914	19.9	37.5	90.5	994.5	1.0
20130915	21.2	0.0	75.4	992.1	1.1
20130916	19.1	0.0	66.8	995.8	1.1
20130917	19.6	0.0	74.3	1002.0	0.9
20130918	21.1	0.0	61.6	1004.4	1.6
20130919	20.8	0.0	68.4	1003.1	1.1
20130920	20.2	0.0	79.6	999.8	1.1
20130921	21.5	0.0	71.9	999.3	1.3
20130922	19.2	0.1	72.6	1002.8	1.4
20130923	20.5	0.0	67.5	1000.7	1.2
20130924	19.3	4.0	85.5	995.9	0.8
20130925	18.9	0.0	71.3	994.8	2.1
20130926	16.7	0.0	66.8	999.9	1.3
20130927	15.9	0.0	69.8	1002.4	0.9
20130928	16.5	11.0	76.8	1000.6	0.7
20130929	17.1	65.5	94.5	999.6	0.8
20130930	20.1	15.0	82.3	1000.5	0.9
20131001	19.1	0.0	77.6	1000.2	1.2
20131002	18.1	0.1	75.3	995.1	1.5
20131003	15.3	0.0	65.4	1000.5	1.3
20131004	14.7	0.0	73.1	1004.1	1.5
20131005	16.4	0.0	76.1	1006.3	1.5
20131006	19.4	0.5	76.3	1007.5	1.7
20131007	21.4	0.0	76.8	1004.0	1.1
20131008	18.8	28.0	89.5	996.7	0.9
20131009	19.2	0.0	77.9	997.9	0.9
20131010	17.4	16.0	93.4	998.4	0.7
20131011	17.3	0.5	66.6	994.8	2.6
20131012	13.8	0.0	54.4	1002.4	1.7
20131013	14.2	0.0	68.3	1005.8	1.0
20131014	15.0	0.0	76.1	1002.5	0.8
20131015	12.6	0.1	72.6	999.0	1.6
20131016	8.9	0.0	63.9	1004.2	1.0
20131017	8.9	0.0	76.4	1012.0	0.8
20131018	11.6	0.0	72.9	1012.6	1.3
20131019	12.8	0.0	75.5	1009.4	1.3
20131020	15.5	0.0	69.8	1002.7	0.8
20131021	13.0	0.0	71.3	1003.0	1.1
20131022	12.2	0.0	71.8	1006.7	1.6
20131023	13.3	0.0	72.4	1004.6	1.5
20131024	12.7	0.0	70.4	999.4	1.1
20131025	9.6	0.0	51.0	998.5	1.4
20131026	7.8	0.0	65.4	999.8	1.2
20131027	7.7	0.0	67.0	1005.2	1.0
20131028	7.9	0.0	70.0	1007.8	0.7
20131029	9.9	0.0	71.4	1006.3	0.9
20131030	11.3	0.0	65.0	1007.1	1.1
20131031	10.3	0.0	70.8	1009.1	0.6
20131101	12.6	0.0	71.6	1009.3	1.0
20131102	11.6	0.5	85.9	1006.2	0.8
20131103	11.1	0.0	84.1	1003.3	0.7
20131104	9.7	0.3	74.3	1006.5	0.9
20131105	8.4	0.0	73.4	1009.7	0.9
20131106	7.2	0.0	86.4	1003.5	0.6
20131107	9.9	0.0	59.8	1000.9	2.1
20131108	7.0	0.0	60.5	1009.6	0.8
20131109	9.1	14.0	77.0	1005.2	0.7
20131110	7.8	1.0	55.0	998.8	3.2
20131111	2.1	0.0	43.0	1003.4	1.8
20131112	2.1	0.0	53.8	1003.2	1.4
20131113	2.2	0.0	66.1	1005.9	0.7
20131114	3.3	0.0	72.6	1004.1	0.6
20131115	5.6	0.0	71.4	1003.5	1.1
20131116	4.4	0.0	75.1	1000.7	0.6
20131117	4.0	0.5	64.4	995.6	3.0
20131118	1.7	0.0	52.3	996.0	4.8
20131119	1.9	0.0	52.9	997.6	4.6
20131120	1.7	0.0	48.6	1002.1	3.1
20131121	1.1	0.0	63.0	1005.8	2.1
20131122	2.9	0.0	61.8	1007.1	1.6
20131123	2.9	0.0	68.4	1006.6	1.2
20131124	4.9	6.0	72.8	999.4	0.8
20131125	5.8	19.5	64.1	989.3	4.8
20131126	0.8	0.0	58.8	1000.1	2.8
20131127	-2.1	7.5	84.6	997.5	1.7
20131128	-3.8	0.0	62.4	1002.0	2.7
20131129	-1.2	0.0	59.1	1001.9	2.2
20131130	1.2	0.0	70.4	1003.8	1.2
20131201	2.2	0.0	71.4	1003.5	1.4
20131202	0.9	0.0	72.5	1003.8	1.2
20131203	1.4	0.0	70.4	1002.8	1.0
20131204	2.3	0.0	68.4	1003.3	1.1
20131205	2.4	0.0	79.4	1001.2	0.8
20131206	3.0	0.0	45.4	1001.5	2.3
20131207	1.8	0.0	61.9	1005.7	1.3
20131208	1.4	0.0	78.0	1006.5	0.8
20131209	2.1	7.5	85.0	993.7	1.1
20131210	0.7	0.0	65.9	995.8	2.9
20131211	-1.4	0.4	61.4	995.0	2.8
20131212	0.0	3.5	58.3	999.6	2.1
20131213	-3.0	0.0	51.6	1004.5	3.4
20131214	-1.0	0.0	64.9	1007.7	2.1
20131215	-0.9	0.0	43.5	1012.3	2.3
20131216	-2.2	0.0	62.5	1011.9	0.6
20131217	1.5	0.0	70.8	1009.0	0.8
20131218	4.2	0.0	68.5	1004.2	0.8
20131219	-0.4	0.2	63.8	1001.4	3.5
20131220	-2.8	0.1	65.1	1002.7	3.3
20131221	-1.4	0.0	63.4	1007.8	1.5
20131222	-2.4	0.0	63.5	1011.3	0.7
20131223	-1.4	0.0	64.0	1009.1	1.2
20131224	-1.9	0.0	65.4	1012.3	0.6
20131225	0.0	0.0	68.9	1009.9	0.7
20131226	1.4	0.3	65.6	1001.7	2.0
20131227	-3.3	0.0	49.9	1001.1	3.3
20131228	-4.7	0.0	44.5	1002.8	2.6
20131229	-2.6	0.0	53.8	1002.9	2.2
20131230	2.4	0.0	59.4	998.9	2.1
20131231	3.2	0.0	59.8	995.4	1.8
20140101	5.0	0.0	42.0	996.4	2.9
20140102	2.9	0.0	41.8	1003.0	2.0
20140103	-0.4	0.0	55.8	1000.1	0.6
20140104	1.4	0.0	65.6	1001.2	1.2
20140105	1.7	0.0	60.0	1005.0	1.2
20140106	-0.7	0.0	57.4	1010.5	0.6
20140107	-0.1	0.0	62.0	1007.8	0.9
20140108	1.5	0.0	63.9	1001.7	1.3
20140109	-4.7	0.0	28.3	1008.1	3.2
20140110	-4.8	0.0	48.1	1013.2	1.7
20140111	-2.2	0.0	55.9	1013.2	1.4
20140112	-1.4	0.0	54.5	1009.3	1.9
20140113	-4.2	0.0	33.3	1012.9	1.6
20140114	-5.2	0.0	40.9	1014.1	1.0
20140115	-3.8	0.0	44.1	1013.7	1.4
20140116	-2.6	0.0	58.1	1011.2	1.0
20140117	-1.6	0.0	63.0	1008.5	0.7
20140118	-1.6	0.0	46.4	1008.0	2.2
20140119	-3.1	0.0	46.8	1011.1	0.8
20140120	-1.1	0.7	70.9	1002.0	1.4
20140121	-3.6	0.0	60.9	1005.9	2.6
20140122	-4.4	0.0	56.9	1010.2	1.4
20140123	-2.7	0.0	58.9	1008.8	0.8
20140124	0.6	0.0	65.4	1004.5	1.1
20140125	3.6	0.4	80.6	999.3	1.1
20140126	0.9	0.0	53.6	1008.0	1.9
20140127	-0.6	0.0	53.3	1006.8	1.3
20140128	2.3	0.0	44.8	1005.5	2.0
20140129	1.5	0.0	43.9	1004.9	0.8
20140130	4.7	0.0	58.0	997.7	1.7
20140131	2.6	0.0	36.3	1006.3	0.9
20140201	6.4	0.0	48.0	999.7	1.1
20140202	9.1	0.5	75.5	992.1	1.8
20140203	1.9	0.0	52.3	996.1	2.6
20140204	-5.2	0.0	29.3	1004.3	3.3
20140205	-5.3	0.0	40.0	1010.5	0.7
20140206	-1.8	0.0	48.0	1008.5	0.6
20140207	1.1	1.5	71.6	1003.6	1.5
20140208	2.4	1.1	72.8	1000.1	1.9
20140209	0.8	2.5	85.8	1002.4	1.0
20140210	-0.9	0.0	65.8	1008.3	1.6
20140211	-1.5	0.0	61.9	1010.0	1.6
20140212	-0.1	0.0	63.5	1011.3	1.1
20140213	0.6	0.0	66.9	1013.0	1.5
20140214	-0.4	0.0	65.9	1011.1	1.3
20140215	0.6	0.0	59.1	1009.3	1.0
20140216	1.1	0.0	59.5	1010.8	0.8
20140217	3.1	0.0	61.8	1010.3	2.0
20140218	1.1	0.0	54.6	1010.4	2.5
20140219	0.8	0.0	57.6	1009.3	1.3
20140220	1.3	0.0	59.4	1009.3	1.5
20140221	0.9	0.0	55.4	1011.9	0.8
20140222	1.7	0.0	59.5	1013.3	1.0
20140223	2.7	0.0	60.1	1013.0	0.9
20140224	3.5	0.0	58.9	1011.3	1.2
20140225	5.4	0.0	55.3	1010.9	0.7
20140226	5.4	0.5	72.4	1008.2	1.1
20140227	10.5	0.0	61.1	1002.2	1.7
20140228	7.4	0.0	61.0	1005.3	2.2
20140301	7.8	0.0	68.5	1001.5	0.9
20140302	5.2	0.0	63.0	1002.9	1.6
20140303	4.0	0.0	54.1	1009.8	1.1
20140304	4.1	0.0	55.4	1005.4	0.9
20140305	3.1	0.0	41.5	1003.3	3.0
20140306	0.6	0.0	36.5	1008.5	2.4
20140307	1.1	0.0	27.3	1010.4	3.4
20140308	2.2	0.0	35.1	1007.0	1.9
20140309	0.8	0.4	49.8	1002.4	2.0
20140310	2.0	0.0	37.3	1008.1	1.9
20140311	5.2	0.0	34.8	1008.3	1.8
20140312	3.0	21.5	75.0	1001.0	0.7
20140313	3.0	8.0	79.1	996.7	1.5
20140314	2.5	0.0	65.5	1001.7	1.7
20140315	6.1	0.0	52.1	1002.5	2.1
20140316	10.2	0.0	51.4	1003.9	1.6
20140317	12.4	0.0	57.0	1001.4	2.0
20140318	13.7	0.0	56.9	997.7	3.0
20140319	8.9	0.0	52.6	1001.1	2.0
20140320	5.6	1.5	74.5	995.6	1.8
20140321	3.6	0.0	61.0	1002.6	1.7
20140322	6.9	0.0	51.3	1006.3	1.5
20140323	10.8	0.0	43.1	1009.7	2.0
20140324	10.8	0.0	37.9	1005.1	2.3
20140325	14.7	5.0	58.4	998.5	1.4
20140326	14.6	10.0	79.5	993.3	1.1
20140327	14.0	0.0	60.3	999.4	1.2
20140328	16.6	0.0	49.1	1000.2	1.4
20140329	14.1	26.0	77.3	993.0	1.0
20140330	13.6	8.5	68.5	992.0	1.3
20140331	12.7	0.0	57.5	999.4	1.2
20140401	14.0	0.0	50.0	999.3	1.2
20140402	14.7	0.0	47.5	999.6	1.2
20140403	12.0	10.5	56.8	995.3	1.7
20140404	6.9	2.0	58.8	995.2	2.1
20140405	6.6	0.0	55.4	996.7	2.4
20140406	8.0	0.0	38.3	1001.6	2.8
20140407	12.2	0.0	39.5	1000.5	2.6
20140408	13.8	0.0	34.0	1000.0	1.5
20140409	14.8	0.0	42.4	998.9	1.3
20140410	12.8	0.0	46.0	1002.2	2.4
20140411	12.5	0.0	48.3	1003.4	1.3
20140412	12.0	0.0	63.3	1001.6	0.8
20140413	13.8	0.0	45.1	1001.2	2.0
20140414	14.3	0.0	43.6	1002.7	1.6
20140415	18.1	0.0	45.5	1000.8	2.4
20140416	19.0	0.0	50.1	997.9	2.0
20140417	14.9	9.0	57.9	997.0	1.6
20140418	14.0	0.5	68.9	999.6	1.8
20140419	11.7	0.0	51.3	1005.2	3.1
20140420	13.7	0.0	52.6	1001.3	1.3
20140421	15.5	0.0	47.6	997.7	1.7
20140422	14.6	0.0	46.5	998.3	1.5
20140423	15.8	0.0	41.6	1001.2	1.3
20140424	17.4	0.0	39.8	1004.6	1.2
20140425	18.1	0.0	39.6	1006.2	1.1
20140426	17.1	0.0	44.1	1006.3	1.2
20140427	16.1	4.5	64.1	1004.0	1.0
20140428	12.9	26.5	82.8	998.7	2.3
20140429	14.3	7.0	80.1	992.1	1.6
20140430	15.5	0.0	76.5	993.1	1.2
20140501	18.3	0.0	57.1	995.8	2.3
20140502	18.5	0.0	53.1	995.5	2.4
20140503	14.5	0.0	38.9	1000.5	3.6
20140504	13.1	0.4	50.5	998.2	2.2
20140505	10.9	0.0	37.9	999.7	3.2
20140506	12.5	0.0	39.8	1000.9	1.8
20140507	15.4	0.0	42.6	997.1	1.7
20140508	14.9	0.5	57.3	993.7	2.6
20140509	15.0	0.0	52.1	1001.5	1.6
20140510	15.3	0.0	45.8	1005.3	2.3
20140511	16.2	3.0	57.5	998.6	2.7
20140512	17.5	13.0	63.9	989.2	2.7
20140513	20.6	0.0	47.8	990.9	2.2
20140514	19.4	0.0	55.1	985.3	1.3
20140515	18.5	0.0	47.0	983.3	2.6
20140516	19.4	0.0	38.0	991.4	2.2
20140517	19.0	0.0	47.1	995.5	1.4
20140518	19.4	0.0	52.8	996.4	1.4
20140519	20.8	0.0	50.3	995.6	1.2
20140520	19.0	0.0	60.9	990.1	1.2
20140521	18.9	0.0	61.6	989.7	2.1
20140522	19.0	0.0	59.1	996.1	2.2
20140523	18.3	0.0	67.9	1002.4	1.2
20140524	23.3	0.0	58.5	999.6	1.3
20140525	21.6	2.5	62.0	993.6	1.9
20140526	20.3	3.5	56.4	985.8	2.6
20140527	21.1	0.0	45.1	985.4	1.8
20140528	20.6	0.0	60.6	984.7	1.8
20140529	23.7	0.0	51.9	990.3	1.6
20140530	24.5	0.0	43.8	993.7	1.5
20140531	25.7	0.0	43.6	996.0	1.5
20140601	25.1	0.0	50.9	995.1	1.2
20140602	22.2	4.0	59.5	992.9	1.6
20140603	18.2	10.5	81.9	991.4	1.7
20140604	19.9	0.1	69.3	990.2	1.6
20140605	20.2	0.0	63.4	988.7	2.0
20140606	21.9	0.0	56.5	988.9	1.7
20140607	20.1	0.0	63.1	989.3	2.0
20140608	19.9	0.4	71.1	991.0	1.7
20140609	20.2	0.0	69.9	994.3	2.3
20140610	19.9	0.0	68.5	994.8	2.7
20140611	19.5	2.0	67.9	990.5	2.0
20140612	18.8	0.5	69.4	986.3	1.5
20140613	19.3	9.5	76.8	988.1	1.6
20140614	22.5	0.0	62.3	990.3	1.8
20140615	23.1	0.0	56.3	989.7	2.2
20140616	23.7	0.0	53.3	989.0	1.6
20140617	22.7	0.0	59.0	989.3	2.3
20140618	23.2	0.0	57.1	988.4	1.5
20140619	22.6	0.0	60.5	989.5	1.8
20140620	21.2	0.0	68.0	993.0	2.7
20140621	20.2	0.0	67.3	993.2	2.8
20140622	21.4	7.0	63.4	991.6	2.1
20140623	20.5	14.5	77.4	990.4	1.4
20140624	20.3	0.5	75.1	990.7	1.3
20140625	22.8	0.0	66.0	992.1	1.2
20140626	24.5	0.0	63.3	990.7	1.2
20140627	25.0	0.0	60.5	988.1	1.5
20140628	24.3	0.0	57.4	986.2	1.9
20140629	23.0	0.0	62.5	989.2	1.7
20140630	23.4	0.5	68.8	992.2	1.5
20140701	23.4	0.0	72.8	993.9	1.6
20140702	23.4	0.5	72.1	991.9	2.3
20140703	21.1	18.5	82.6	985.8	1.5
20140704	23.6	0.0	69.6	990.5	1.3
20140705	22.8	0.0	71.4	994.8	1.7
20140706	20.8	1.5	78.6	991.8	1.4
20140707	23.9	0.0	69.9	990.5	1.5
20140708	25.6	0.2	71.0	991.3	1.2
20140709	26.0	1.5	77.0	986.8	1.8
20140710	28.3	0.0	58.8	978.7	2.4
20140711	27.4	0.0	43.0	984.3	2.5
20140712	24.5	0.0	60.0	987.8	1.3
20140713	24.2	1.5	70.4	986.9	1.8
20140714	26.3	0.0	57.8	991.4	2.3
20140715	24.7	0.0	65.4	994.4	0.9
20140716	26.2	0.4	62.8	993.8	1.5
20140717	24.5	6.5	74.6	995.5	1.7
20140718	24.2	15.5	80.3	996.1	1.4
20140719	26.2	0.0	71.9	995.8	1.4
20140720	27.5	0.0	61.0	994.7	1.6
20140721	27.8	0.0	61.0	992.3	1.9
20140722	27.3	0.0	62.8	990.9	2.6
20140723	26.3	0.3	70.1	989.4	2.3
20140724	27.1	1.5	72.8	990.2	1.4
20140725	29.4	2.5	64.9	990.8	2.1
20140726	26.3	0.1	62.4	991.2	3.9
20140727	24.1	0.0	57.8	994.7	2.0
20140728	24.9	0.0	50.6	993.4	1.9
20140729	24.1	0.4	66.8	994.2	1.2
20140730	28.4	0.0	58.0	994.9	1.3
20140731	26.7	18.5	74.1	994.8	1.2
20140801	27.2	0.0	69.9	992.6	2.2
20140802	27.0	2.5	67.5	988.5	3.3
20140803	24.6	39.0	87.4	983.0	2.9
20140804	25.1	2.0	86.3	983.7	1.0
20140805	27.2	4.0	76.6	987.8	1.7
20140806	26.9	0.0	69.9	989.3	1.7
20140807	21.5	14.5	89.1	991.4	1.0
20140808	21.8	14.5	79.0	993.4	1.8
20140809	23.3	0.5	68.9	989.9	1.7
20140810	21.9	12.0	85.9	983.8	1.2
20140811	23.3	0.1	72.3	985.4	1.9
20140812	24.4	0.0	66.1	988.4	1.5
20140813	22.4	0.5	85.5	992.8	0.7
20140814	20.1	12.5	92.0	993.8	1.2
20140815	23.0	1.0	80.9	992.8	1.8
20140816	24.0	0.0	74.8	994.6	1.5
20140817	22.8	10.0	76.0	996.9	1.9
20140818	20.4	87.0	94.1	994.1	1.1
20140819	22.9	46.0	89.9	994.2	0.9
20140820	23.1	32.5	93.3	995.0	1.0
20140821	24.8	19.0	79.4	991.3	2.3
20140822	23.9	0.0	73.3	994.3	1.8
20140823	24.4	0.0	74.4	993.8	0.9
20140824	23.8	0.2	82.0	993.1	0.7
20140825	21.4	42.0	92.6	991.8	1.0
20140826	23.4	9.0	78.1	995.0	1.5
20140827	22.0	0.0	69.5	999.9	1.9
20140828	21.6	0.0	68.4	1001.2	1.4
20140829	21.2	0.0	70.0	1000.3	1.8
20140830	20.6	0.0	70.0	999.4	1.6
20140831	20.1	0.0	71.3	998.2	1.0
20140901	21.2	0.0	70.8	998.7	1.9
20140902	20.4	7.0	76.3	997.3	1.8
20140903	20.1	10.0	94.1	988.2	0.9
20140904	21.9	0.0	75.5	991.8	1.8
20140905	21.9	0.0	77.8	996.2	1.0
20140906	21.6	0.0	82.1	996.2	0.8
20140907	22.8	0.0	77.3	993.1	1.3
20140908	22.5	0.0	77.6	990.8	1.0
20140909	21.7	0.0	76.4	991.7	0.9
20140910	21.1	0.0	75.1	994.3	1.4
20140911	21.8	0.0	69.3	997.2	1.5
20140912	20.6	0.0	74.1	998.2	1.0
20140913	20.0	0.0	69.8	999.5	2.0
20140914	19.6	0.0	70.6	999.7	1.3
20140915	21.7	0.0	68.6	997.0	1.1
20140916	21.2	0.0	66.1	998.8	1.4
20140917	18.8	3.0	80.6	1000.0	1.1
20140918	18.4	0.0	71.4	1001.5	1.2
20140919	17.8	0.0	68.4	999.2	1.2
20140920	17.6	0.0	65.1	998.8	1.2
20140921	18.7	0.0	66.5	1001.3	1.1
20140922	19.5	0.0	69.4	1003.1	1.8
20140923	19.9	4.5	73.1	1001.9	1.9
20140924	17.7	95.5	94.0	992.6	1.0
20140925	19.6	0.0	74.6	997.5	1.4
20140926	18.9	0.0	68.1	1001.1	1.8
20140927	18.1	0.0	79.3	1000.9	1.3
20140928	20.0	0.0	78.1	999.7	1.2
20140929	19.2	1.5	86.8	997.4	0.8
20140930	17.0	0.0	76.0	1001.6	2.3
20141001	16.9	0.0	73.9	1001.9	1.1
20141002	17.3	0.0	79.6	994.3	1.0
20141003	17.1	0.0	66.8	995.0	2.2
20141004	14.9	0.0	68.3	1004.0	1.9
20141005	14.3	0.0	65.0	1001.7	1.8
20141006	14.1	0.0	65.0	1001.0	1.0
20141007	13.7	0.0	66.5	1005.6	1.0
20141008	14.5	0.0	70.1	1005.9	1.1
20141009	15.5	0.0	71.6	1004.4	0.9
20141010	17.2	0.0	70.8	1006.2	2.1
20141011	16.8	0.0	63.1	1008.0	2.3
20141012	16.5	0.0	71.1	1002.6	1.2
20141013	14.7	20.5	79.5	995.1	1.2
20141014	11.7	0.0	68.1	1000.6	0.9
20141015	11.2	0.0	74.3	1001.6	1.1
20141016	10.6	2.0	68.5	1001.8	1.7
20141017	9.4	0.0	68.0	1006.3	0.8
20141018	10.7	0.0	71.9	1007.6	0.6
20141019	13.1	0.0	73.5	1006.5	0.8
20141020	13.7	17.5	95.3	1001.3	0.5
20141021	14.1	63.5	90.4	999.8	1.5
20141022	12.0	9.5	77.1	1003.2	1.0
20141023	10.9	0.0	78.6	1004.8	0.8
20141024	11.6	0.0	81.0	1004.0	0.8
20141025	12.2	0.0	80.8	1004.0	0.8
20141026	13.2	0.0	73.3	1001.3	1.1
20141027	12.2	0.0	67.3	1004.6	1.2
20141028	8.7	0.0	73.4	1009.1	0.8
20141029	9.1	0.0	75.0	1009.9	0.7
20141030	10.8	0.0	71.5	1008.1	0.7
20141031	11.3	27.5	91.0	1002.9	0.8
20141101	13.9	8.5	92.5	996.3	0.8
20141102	11.2	0.2	64.1	993.6	3.1
20141103	7.5	0.0	42.1	1001.2	2.7
20141104	7.3	0.0	69.5	1005.1	0.8
20141105	8.8	0.0	69.6	1004.1	0.9
20141106	10.5	0.0	70.9	1003.3	1.0
20141107	9.3	0.0	83.9	1008.3	1.0
20141108	11.5	0.0	84.0	1007.4	0.8
20141109	10.6	0.1	60.4	1005.3	1.6
20141110	6.3	0.0	68.4	1005.5	0.7
20141111	6.9	0.0	66.5	999.5	0.8
20141112	7.1	0.2	57.9	995.1	3.7
20141113	0.9	0.0	34.1	1004.4	4.1
20141114	3.4	0.0	48.1	1007.4	1.9
20141115	5.0	0.0	49.4	1011.3	1.6
20141116	5.7	0.0	49.8	1008.2	0.8
20141117	5.2	0.0	58.1	1006.5	1.6
20141118	3.3	0.0	60.5	1010.0	1.2
20141119	2.3	0.0	59.1	1010.4	0.6
20141120	3.5	0.0	60.8	1008.1	0.6
20141121	4.3	0.0	64.8	1007.2	0.5
20141122	6.0	0.0	75.3	1007.9	0.8
20141123	6.2	0.0	86.0	1008.6	0.6
20141124	7.6	28.0	93.0	1003.9	0.7
20141125	9.0	0.4	71.6	1001.1	1.7
20141126	7.3	0.0	73.0	1002.3	0.8
20141127	6.0	0.0	86.8	1006.9	0.6
20141128	6.4	4.5	95.6	999.8	0.9
20141129	10.4	0.0	74.5	1003.2	1.4
20141130	8.6	8.0	93.6	995.5	0.8
20141201	1.9	0.5	52.5	994.1	5.3
20141202	-4.4	0.0	33.1	1002.6	4.3
20141203	-1.4	0.7	72.6	1001.8	1.2
20141204	-1.4	0.0	52.4	1001.2	2.6
20141205	-3.9	0.0	40.8	1002.0	3.2
20141206	-3.3	0.0	46.8	1004.7	3.2
20141207	-3.6	0.0	55.9	1009.1	0.9
20141208	-1.7	1.5	68.4	1011.4	1.4
20141209	-3.1	0.0	59.8	1016.8	0.7
20141210	1.2	0.0	64.1	1007.8	1.2
20141211	1.7	0.0	53.3	1003.5	3.4
20141212	-1.4	0.4	56.0	1004.1	2.7
20141213	-3.9	0.0	48.0	1007.1	3.3
20141214	-2.3	0.0	50.3	1011.0	2.1
20141215	0.3	0.0	70.0	1008.8	0.5
20141216	-2.8	5.0	56.4	999.1	4.1
20141217	-7.7	0.0	35.1	1004.0	4.5
20141218	-7.1	0.0	35.9	1014.4	2.1
20141219	-5.7	0.0	59.1	1012.3	0.5
20141220	-1.5	0.2	53.6	1002.4	2.8
20141221	-4.1	0.0	44.0	1004.4	2.7
20141222	-3.8	0.0	61.9	1005.9	2.4
20141223	-2.4	0.0	65.5	1008.5	0.6
20141224	1.1	0.5	67.5	1003.7	1.5
20141225	-1.7	0.0	46.8	1008.3	2.5
20141226	-4.1	0.0	57.5	1012.3	0.7
20141227	-4.0	0.0	67.3	1012.4	0.5
20141228	-3.0	0.0	71.3	1004.6	0.6
20141229	-0.8	0.0	72.1	997.9	1.0
20141230	1.4	0.0	56.3	999.1	1.9
20141231	-1.8	1.0	62.8	998.6	2.4
20150101	-6.7	0.0	38.9	1004.4	3.9
20150102	-4.6	0.0	46.4	1005.8	2.9
20150103	-3.9	0.0	52.4	1005.6	1.7
20150104	0.8	0.0	65.6	1001.2	0.9
20150105	1.6	0.1	73.4	1000.5	0.6
20150106	0.9	3.0	57.6	995.4	3.5
20150107	-4.7	0.0	36.8	1003.2	2.5
20150108	-5.0	0.0	52.9	1006.8	1.6
20150109	-2.3	0.0	57.8	1006.3	1.8
20150110	0.2	0.0	46.8	1005.3	2.3
20150111	-0.3	0.1	57.1	1004.9	2.3
20150112	-2.3	0.0	55.5	1016.1	0.8
20150113	-1.4	0.0	63.8	1016.6	0.7
20150114	1.3	0.0	61.9	1009.3	0.5
20150115	1.6	0.0	65.8	1004.1	0.8
20150116	-0.2	0.0	73.5	1002.1	2.1
20150117	-1.8	0.0	40.0	1008.1	4.0
20150118	-1.8	0.2	55.0	1005.2	1.3
20150119	1.4	1.5	59.6	1004.1	2.6
20150120	-0.7	0.0	64.1	1010.0	0.7
20150121	1.8	1.0	73.9	1005.0	0.5
20150122	2.1	3.0	83.4	1000.8	1.0
20150123	-0.7	0.0	80.9	1004.9	1.1
20150124	0.3	0.0	69.0	1008.6	1.1
20150125	1.1	3.5	79.1	1008.6	0.5
20150126	4.5	2.0	87.5	1001.5	1.1
20150127	0.8	0.0	58.3	1004.7	3.2
20150128	-2.8	0.0	60.0	1010.3	1.3
20150129	-0.7	0.5	83.3	1009.5	0.8
20150130	-0.5	0.9	59.6	1006.0	3.0
20150131	-3.3	0.0	47.1	1012.8	1.8
20150201	-3.2	0.0	56.6	1014.5	0.8
20150202	-1.7	0.0	60.6	1013.8	0.7
20150203	-0.5	0.0	67.3	1011.0	0.7
20150204	-0.2	0.0	60.5	1004.6	1.5
20150205	0.5	0.0	56.0	1004.4	1.8
20150206	0.6	0.0	53.3	1007.3	1.6
20150207	0.8	0.0	60.1	1003.0	1.9
20150208	-5.3	0.0	31.9	1005.0	4.7
20150209	-5.2	0.0	40.8	1007.7	3.8
20150210	3.0	0.0	50.6	999.9	3.6
20150211	3.9	0.0	56.9	995.3	2.1
20150212	-0.2	0.0	35.0	994.8	3.7
20150213	-1.2	0.0	30.5	1000.8	3.3
20150214	1.0	0.0	57.4	1004.1	1.7
20150215	4.3	0.0	64.4	1005.1	1.9
20150216	3.4	10.5	87.8	999.4	1.1
20150217	2.5	0.2	74.8	998.0	2.5
20150218	1.5	0.0	67.6	1002.9	2.3
20150219	1.1	0.0	66.5	1008.8	0.8
20150220	3.3	0.0	64.3	1009.8	1.1
20150221	5.2	6.5	78.0	1002.9	0.7
20150222	6.5	0.5	70.4	997.9	2.8
20150223	2.5	0.0	52.6	1001.6	3.1
20150224	2.7	0.0	51.4	1001.2	1.9
20150225	5.1	0.0	53.3	1001.9	1.1
20150226	2.7	0.0	48.6	1000.0	3.6
20150227	-0.8	0.0	32.9	1008.6	2.5
20150228	0.9	0.0	61.9	1009.8	1.5
20150301	2.2	2.0	66.5	1001.0	2.8
20150302	3.0	0.0	44.3	1001.9	1.6
20150303	2.9	0.0	60.9	995.7	1.4
20150304	-0.7	0.0	34.8	1001.3	4.9
20150305	0.1	0.0	43.6	1008.9	1.5
20150306	3.1	0.0	54.1	1006.9	1.3
20150307	4.6	0.0	55.6	1005.8	1.2
20150308	6.1	0.0	55.4	1005.8	1.7
20150309	4.4	0.0	41.0	1000.2	3.9
20150310	-2.8	0.0	26.5	1003.8	5.1
20150311	1.4	0.0	34.9	1001.6	4.5
20150312	2.9	0.0	26.4	1001.5	3.4
20150313	4.1	1.0	44.6	1001.5	1.6
20150314	4.2	0.0	42.8	1005.8	1.2
20150315	6.9	0.0	42.1	1004.5	1.6
20150316	8.7	0.0	38.9	1003.6	1.0
20150317	11.7	0.0	42.8	1000.7	1.2
20150318	8.8	32.0	77.3	996.3	1.6
20150319	12.3	0.3	71.9	996.6	1.1
20150320	13.0	0.0	55.4	1000.0	1.2
20150321	11.9	0.0	43.3	998.5	1.7
20150322	9.4	0.0	32.6	1001.2	3.2
20150323	5.2	0.0	27.5	1006.9	3.2
20150324	5.1	0.0	42.4	1012.9	1.7
20150325	6.2	0.0	42.6	1016.6	1.1
20150326	8.7	0.0	35.6	1014.6	1.8
20150327	10.2	0.0	35.6	1008.0	2.1
20150328	11.7	0.0	35.5	1000.5	2.4
20150329	13.0	0.0	39.1	999.8	2.0
20150330	14.3	0.0	49.3	1001.3	1.5
20150331	12.0	4.0	77.9	999.0	0.7
20150401	9.8	2.0	83.3	1000.0	1.9
20150402	10.9	0.5	76.3	993.0	1.4
20150403	14.1	2.5	71.3	989.3	3.7
20150404	9.3	9.5	66.0	999.8	3.0
20150405	8.9	6.0	86.6	998.1	0.9
20150406	10.6	1.5	81.1	1000.8	1.2
20150407	7.0	0.0	67.5	1007.4	3.0
20150408	6.4	0.0	68.0	1009.5	1.7
20150409	8.4	0.0	60.9	1007.9	1.5
20150410	10.3	0.0	55.8	1005.6	1.6
20150411	11.3	0.0	47.3	1008.6	1.7
20150412	10.3	0.0	52.1	1009.3	2.2
20150413	9.6	3.0	69.5	1001.5	1.9
20150414	9.6	11.5	72.5	990.6	1.4
20150415	11.5	0.5	59.4	991.3	3.0
20150416	11.0	4.0	61.9	991.9	2.4
20150417	12.0	0.0	38.1	999.2	2.2
20150418	13.5	0.0	41.3	999.6	1.1
20150419	13.4	10.0	87.6	991.6	1.2
20150420	10.7	12.0	87.4	990.3	1.2
20150421	13.4	0.0	60.1	998.7	1.2
20150422	14.0	0.0	50.3	1001.0	1.8
20150423	15.3	0.0	37.6	1003.3	2.0
20150424	16.8	0.0	31.6	1001.6	2.0
20150425	16.1	0.0	37.3	1002.5	1.8
20150426	19.1	0.0	34.6	1001.2	2.1
20150427	20.7	0.0	32.1	999.0	1.9
20150428	18.1	2.5	54.9	997.5	1.2
20150429	16.1	1.0	76.8	997.2	1.7
20150430	18.4	0.0	64.1	997.1	1.5
20150501	20.8	0.0	60.5	996.9	1.3
20150502	21.4	0.0	56.3	995.5	1.7
20150503	17.8	4.0	81.0	991.2	1.4
20150504	17.2	0.0	45.4	991.0	3.4
20150505	15.0	0.0	39.0	994.2	1.9
20150506	15.3	0.0	47.4	994.7	1.0
20150507	17.0	0.0	44.4	995.2	1.5
20150508	18.0	0.0	42.3	996.2	1.4
20150509	18.9	0.0	47.5	995.7	1.8
20150510	15.8	0.0	57.3	1002.0	2.3
20150511	17.4	6.5	60.6	996.8	2.1
20150512	16.3	14.0	56.0	984.0	3.9
20150513	20.2	0.0	40.6	987.7	3.8
20150514	21.3	0.0	55.3	991.4	1.5
20150515	21.4	0.0	65.9	991.6	1.6
20150516	19.5	0.0	47.3	992.6	1.8
20150517	18.5	0.0	38.8	994.1	1.2
20150518	16.5	0.0	58.8	988.8	1.3
20150519	18.2	0.1	62.3	989.2	2.1
20150520	16.7	0.0	52.3	991.1	2.2
20150521	18.6	0.0	47.1	996.5	2.2
20150522	21.6	0.0	31.8	996.6	2.4
20150523	21.0	0.0	36.3	993.9	1.5
20150524	20.9	0.0	41.4	991.4	1.2
20150525	21.8	0.0	40.1	991.7	1.3
20150526	23.0	0.0	39.8	993.9	1.7
20150527	23.0	0.0	37.0	993.6	1.2
20150528	23.2	0.0	44.6	993.1	1.5
20150529	23.5	0.0	42.8	990.9	1.4
20150530	18.9	1.5	71.3	988.5	1.2
20150531	20.5	0.0	59.0	991.7	1.4
20150601	21.8	0.0	51.8	993.3	1.4
20150602	23.1	0.0	49.8	991.0	1.4
20150603	22.8	0.0	34.6	989.6	2.6
20150604	21.4	0.0	34.0	993.6	1.6
20150605	15.5	3.5	69.0	991.3	1.0
20150606	17.5	0.0	66.3	997.2	1.3
20150607	21.8	0.0	52.8	997.6	1.3
20150608	20.4	0.0	62.8	991.3	1.1
20150609	22.7	0.0	56.4	989.9	1.5
20150610	25.0	0.0	45.3	992.0	1.6
20150611	21.5	0.0	62.3	987.7	1.7
20150612	24.8	0.0	51.0	987.2	2.4
20150613	22.9	5.0	62.1	990.4	1.7
20150614	23.0	0.0	64.5	991.2	1.5
20150615	25.2	0.0	57.6	990.4	1.3
20150616	24.0	0.0	63.6	988.8	2.0
20150617	21.9	0.0	62.5	989.3	2.3
20150618	21.9	0.0	62.9	990.6	2.5
20150619	22.0	0.0	60.0	992.5	2.1
20150620	19.0	42.0	80.8	993.3	1.3
20150621	21.4	0.1	68.4	994.0	1.4
20150622	21.7	27.5	75.0	993.7	1.4
20150623	23.2	0.0	70.1	994.4	1.6
20150624	22.9	0.0	66.9	993.6	2.5
20150625	21.2	8.5	71.5	988.7	2.3
20150626	20.6	43.0	87.3	980.0	1.3
20150627	22.0	0.0	67.9	990.2	1.2
20150628	21.0	0.0	71.5	994.2	1.5
20150629	24.9	0.3	65.5	990.6	1.4
20150630	21.5	5.5	80.9	983.3	1.2
20150701	22.5	1.0	69.0	979.7	2.5
20150702	22.8	0.0	58.4	985.4	1.8
20150703	22.9	0.0	57.1	988.9	1.9
20150704	21.1	0.0	63.3	993.8	2.4
20150705	22.0	0.0	63.0	995.2	2.0
20150706	22.4	1.0	64.3	995.6	1.7
20150707	18.6	17.5	79.5	995.5	1.1
20150708	19.8	52.0	89.9	996.4	1.5
20150709	21.1	13.0	83.4	999.6	2.0
20150710	23.4	0.0	75.8	998.4	1.4
20150711	25.8	0.4	74.5	994.5	1.2
20150712	24.6	7.5	84.9	983.4	2.9
20150713	24.8	5.5	72.6	979.6	2.9
20150714	26.2	0.0	66.1	987.3	2.3
20150715	25.0	1.0	67.6	990.6	1.6
20150716	21.9	0.0	57.3	991.1	2.1
20150717	21.6	0.0	57.5	990.0	1.3
20150718	24.2	0.0	63.4	993.2	1.2
20150719	24.9	0.0	61.6	995.0	2.1
20150720	23.5	2.0	77.1	994.1	2.1
20150721	25.3	5.5	81.3	991.5	1.1
20150722	26.8	0.0	77.4	990.4	1.3
20150723	27.0	0.0	75.5	991.6	1.3
20150724	27.5	0.1	71.8	989.7	1.9
20150725	28.6	0.0	62.8	991.0	2.3
20150726	28.4	0.0	62.9	991.7	1.3
20150727	26.7	0.0	73.3	991.6	1.7
20150728	27.8	0.0	69.4	991.5	1.8
20150729	25.9	17.0	86.8	991.3	1.0
20150730	28.6	0.0	75.6	992.5	1.5
20150731	29.8	0.0	66.1	992.9	1.5
20150801	28.4	26.5	69.8	993.9	1.5
20150802	27.4	0.1	76.0	994.5	1.3
20150803	28.6	0.0	67.8	993.3	1.4
20150804	28.5	0.0	64.1	991.5	1.6
20150805	28.3	0.0	66.3	992.4	1.6
20150806	29.6	0.0	60.5	995.5	1.4
20150807	29.3	0.0	59.9	998.8	1.5
20150808	25.9	62.0	77.1	997.9	1.6
20150809	25.6	0.0	77.5	994.6	1.2
20150810	26.4	0.0	70.6	992.9	1.3
20150811	25.4	0.0	74.9	991.8	0.9
20150812	22.5	1.0	78.6	989.3	1.2
20150813	24.5	15.5	71.9	989.1	1.2
20150814	24.3	0.0	76.1	990.3	1.1
20150815	25.7	0.0	72.5	992.1	1.0
20150816	23.7	7.0	85.6	991.9	1.1
20150817	24.1	0.1	79.0	992.2	1.1
20150818	25.0	0.0	67.3	996.9	1.7
20150819	23.9	0.0	72.9	997.7	1.3
20150820	23.4	1.5	80.5	993.9	1.1
20150821	23.3	3.0	82.0	988.4	1.1
20150822	24.8	0.0	72.8	989.5	1.0
20150823	24.7	2.5	74.5	991.3	1.0
20150824	24.0	1.0	74.9	991.7	1.7
20150825	20.6	32.5	90.1	983.3	1.1
20150826	22.2	0.0	70.4	988.6	1.6
20150827	22.5	0.0	72.0	991.1	1.6
20150828	21.4	8.5	81.0	992.5	1.1
20150829	21.8	0.0	80.5	993.1	0.9
20150830	23.0	0.0	73.8	995.0	1.4
20150831	23.5	0.0	70.3	996.4	2.0
20150901	23.5	0.3	68.8	994.4	1.5
20150902	21.8	2.5	82.4	996.6	1.0
20150903	22.7	0.0	74.4	994.6	1.5
20150904	22.7	0.0	71.1	996.3	1.7
20150905	21.3	4.5	80.5	993.8	1.3
20150906	19.0	2.0	79.0	991.4	1.2
20150907	19.2	0.0	67.1	996.7	1.9
20150908	18.2	0.0	62.9	1000.2	2.2
20150909	18.9	0.0	60.0	999.1	1.3
20150910	19.6	0.0	64.5	997.4	1.2
20150911	21.4	0.0	69.5	993.9	1.7
20150912	18.2	2.0	80.4	993.2	1.5
20150913	17.7	0.0	66.1	1000.1	1.3
20150914	17.9	0.0	67.0	1005.9	1.6
20150915	17.6	0.0	61.6	1005.4	2.3
20150916	18.1	0.0	64.0	1002.0	2.2
20150917	17.4	0.3	76.0	1000.9	1.5
20150918	19.4	0.0	69.6	1000.5	1.4
20150919	20.1	0.0	69.0	997.6	1.4
20150920	20.1	0.0	70.5	996.3	1.1
20150921	20.7	0.0	69.4	998.5	1.4
20150922	20.1	0.0	62.6	1000.4	1.9
20150923	18.9	0.0	76.9	995.8	1.0
20150924	20.2	0.0	73.8	991.7	1.4
20150925	19.5	0.0	74.8	991.9	1.2
20150926	20.0	0.0	77.1	994.9	1.1
20150927	20.2	0.0	69.6	998.6	1.2
20150928	20.7	0.0	58.4	1002.9	1.6
20150929	19.9	0.0	58.4	1007.7	2.5
20150930	18.4	0.0	59.0	1006.3	1.7
20151001	16.3	22.5	84.8	987.0	2.0
20151002	14.8	0.0	47.0	997.5	2.7
20151003	17.9	0.0	61.8	1001.7	1.9
20151004	16.3	0.0	55.8	1008.6	1.0
20151005	16.5	0.0	61.0	1007.0	0.9
20151006	16.2	0.0	60.1	1004.1	0.9
20151007	17.2	0.0	61.4	1001.5	1.1
20151008	17.1	0.0	61.8	995.7	1.5
20151009	15.2	0.0	49.8	993.9	2.3
20151010	12.5	0.1	66.9	993.9	1.3
20151011	11.1	2.5	76.9	996.2	1.9
20151012	12.5	0.1	62.5	999.7	2.3
20151013	13.6	0.0	58.4	1003.0	1.4
20151014	14.4	0.0	65.4	1003.9	1.0
20151015	15.2	0.0	70.3	1003.6	1.0
20151016	15.8	0.0	72.8	1003.4	1.5
20151017	15.5	0.0	70.3	1004.1	0.9
20151018	15.4	0.0	65.3	1003.1	0.8
20151019	15.4	0.0	67.1	1001.3	0.8
20151020	15.9	0.0	72.9	1001.1	1.3
20151021	16.2	0.0	77.4	1002.7	0.8
20151022	16.3	0.0	71.0	1005.5	2.0
20151023	15.6	0.0	73.6	1002.7	1.2
20151024	15.4	0.0	69.1	1001.6	1.4
20151025	13.8	0.0	58.1	1008.2	1.8
20151026	13.4	0.0	62.3	1004.2	1.0
20151027	11.4	19.5	73.8	994.2	1.9
20151028	10.1	0.0	53.6	1001.9	1.9
20151029	9.8	0.0	44.8	1005.0	1.7
20151030	6.9	0.0	42.4	1009.0	2.3
20151031	4.8	0.0	51.8	1011.9	1.1
20151101	4.2	0.0	61.6	1009.1	0.7
20151102	8.7	0.0	56.8	1005.5	1.6
20151103	8.8	0.0	68.5	1011.7	0.7
20151104	9.3	0.0	67.6	1011.9	0.8
20151105	11.0	0.0	63.1	1008.4	0.8
20151106	11.5	1.5	74.1	1010.8	2.4
20151107	11.9	14.0	94.6	1006.9	0.7
20151108	12.1	15.5	93.6	1000.4	0.8
20151109	12.1	1.5	82.9	1000.2	1.4
20151110	12.2	0.0	73.3	1005.9	1.0
20151111	11.6	0.0	75.3	1011.6	1.2
20151112	12.8	3.0	77.6	1013.6	2.1
20151113	11.8	18.5	81.8	1005.3	1.2
20151114	13.4	3.0	91.1	997.1	0.9
20151115	12.6	0.0	81.5	1003.0	1.0
20151116	11.3	17.0	92.3	1001.3	0.7
20151117	13.5	0.2	89.6	1001.7	1.4
20151118	10.2	6.5	81.5	1004.9	1.8
20151119	9.0	0.1	83.9	1006.5	0.9
20151120	10.2	0.0	79.6	1006.7	1.0
20151121	7.8	0.4	91.8	1010.1	0.7
20151122	11.6	0.0	80.0	1010.8	1.1
20151123	10.5	7.5	89.8	1007.2	0.9
20151124	8.0	0.0	69.8	1007.7	2.1
20151125	4.5	3.0	86.6	1001.3	1.4
20151126	0.3	0.0	64.6	996.8	3.9
20151127	-0.5	0.0	61.5	1006.4	3.2
20151128	1.0	0.0	75.6	1012.3	1.0
20151129	3.1	0.0	77.8	1010.0	0.8
20151130	4.8	0.0	68.0	1006.3	1.5
20151201	3.0	0.0	78.8	1008.6	0.7
20151202	3.9	3.0	87.8	999.3	1.2
20151203	1.8	0.5	68.4	995.3	4.4
20151204	1.6	0.0	57.0	1003.0	4.2
20151205	5.2	0.0	56.8	1006.6	2.7
20151206	2.3	0.0	65.6	1010.5	0.5
20151207	4.4	0.0	70.9	1012.1	1.0
20151208	5.2	3.0	76.5	1014.4	0.8
20151209	4.5	0.0	86.5	1013.3	0.7
20151210	6.9	7.5	93.5	1001.8	0.6
20151211	6.0	2.5	73.3	1000.6	1.2
20151212	3.4	0.0	69.1	1008.2	1.0
20151213	3.6	0.0	77.0	1007.0	0.7
20151214	5.7	3.0	89.9	1003.8	0.5
20151215	6.5	1.0	72.0	1000.0	2.4
20151216	1.3	0.0	53.4	1000.2	3.3
20151217	-3.4	0.0	44.1	1008.4	2.3
20151218	-1.9	0.0	66.1	1014.1	1.4
20151219	-0.7	0.0	76.4	1017.3	0.6
20151220	-1.5	0.0	77.0	1012.2	0.6
20151221	0.8	0.4	85.6	1009.3	0.6
20151222	0.9	0.0	92.1	1011.4	0.7
20151223	3.9	0.2	94.5	1004.7	0.6
20151224	2.3	0.0	83.1	1002.3	1.3
20151225	0.3	0.0	43.8	1002.6	2.2
20151226	2.7	0.0	54.1	1002.2	1.6
20151227	-0.9	0.0	41.1	1010.2	2.2
20151228	-3.7	0.0	31.3	1013.5	2.6
20151229	-3.9	0.0	44.6	1014.9	1.3
20151230	-2.0	0.3	61.0	1012.1	0.7
20151231	0.5	0.2	75.6	1012.4	1.4
20160101	-0.9	0.0	70.9	1013.1	1.2
20160102	2.9	0.0	68.5	1006.2	0.9
20160103	3.0	0.0	75.1	1002.2	0.8
20160104	4.9	0.0	51.1	1004.2	2.7
20160105	-0.1	0.0	35.0	1007.9	2.0
20160106	-0.8	0.0	48.8	1006.5	2.0
20160107	-0.8	0.0	43.0	1005.5	2.9
20160108	-1.9	0.0	44.8	1004.6	2.5
20160109	-0.9	0.0	51.1	1006.7	2.0
20160110	0.8	0.0	52.8	1007.7	2.1
20160111	-2.1	0.0	37.0	1007.4	1.4
20160112	-4.1	0.0	45.1	1004.9	1.8
20160113	-2.3	0.0	58.6	1001.7	2.7
20160114	-1.8	0.0	43.1	1003.6	2.5
20160115	-1.9	0.0	60.6	1004.3	0.9
20160116	-1.3	0.0	61.9	1005.7	0.8
20160117	-0.2	1.7	81.1	1000.1	0.7
20160118	-2.7	0.0	60.6	993.6	4.5
20160119	-8.9	0.0	39.5	1000.5	6.1
20160120	-9.0	0.0	48.3	1011.0	1.7
20160121	-6.4	0.0	48.5	1009.2	1.3
20160122	-5.5	0.0	42.1	1011.8	1.5
20160123	-7.6	0.0	27.5	1009.4	3.5
20160124	-12.0	0.0	37.6	1005.4	3.6
20160125	-7.8	0.0	48.9	1009.5	2.6
20160126	-3.4	0.0	59.4	1008.9	2.5
20160127	0.1	0.0	50.4	1011.5	2.1
20160128	-1.6	1.3	63.8	1011.6	0.6
20160129	1.0	3.8	88.5	1007.6	0.5
20160130	1.8	0.0	87.1	1008.0	0.6
20160131	-0.7	0.0	51.8	1009.8	2.5
20160201	-3.0	0.0	38.3	1009.7	2.5
20160202	-4.3	0.0	44.6	1009.5	1.1
20160203	-4.1	0.0	52.8	1009.5	1.5
20160204	-0.5	0.0	48.9	1007.1	2.2
20160205	-0.9	0.0	37.3	1004.9	2.3
20160206	-1.4	0.0	38.0	1004.3	2.2
20160207	-2.9	0.0	42.0	1004.7	1.1
20160208	-0.2	0.0	46.5	999.3	1.9
20160209	2.1	0.0	37.6	1003.1	3.8
20160210	1.6	0.0	45.6	1009.5	0.7
20160211	4.2	0.0	50.4	1010.1	0.7
20160212	6.7	23.4	91.5	1003.0	0.6
20160213	12.0	4.4	90.6	991.5	0.8
20160214	1.6	0.0	67.0	993.9	4.9
20160215	-4.0	0.0	45.3	1001.7	4.2
20160216	-1.3	0.0	61.6	1000.6	3.3
20160217	0.7	0.0	43.3	1006.4	2.4
20160218	1.4	0.0	57.6	1005.7	1.1
20160219	2.4	0.0	56.3	1009.0	1.1
20160220	3.0	0.0	49.4	1004.2	2.0
20160221	0.3	0.0	29.1	1011.6	2.6
20160222	2.1	0.0	37.0	1012.4	1.0
20160223	3.4	0.0	38.6	1010.3	2.9
20160224	-1.0	0.0	42.1	1014.0	2.1
20160225	-0.4	0.0	46.5	1015.1	2.4
20160226	2.3	0.8	71.9	1010.9	2.0
20160227	4.0	0.1	63.9	1006.7	1.6
20160228	3.2	4.1	70.1	1003.2	1.5
20160229	-2.6	0.0	54.5	1006.1	3.8
20160301	-2.3	0.0	45.6	1009.7	2.5
20160302	2.2	0.0	50.9	1008.2	1.8
20160303	5.5	0.0	54.8	1007.3	0.9
20160304	7.4	4.8	71.6	1009.2	1.3
20160305	10.5	34.2	90.0	1004.4	1.2
20160306	12.1	0.8	66.5	1000.9	1.9
20160307	9.6	0.0	58.9	1001.2	1.1
20160308	6.6	0.0	36.3	1003.3	2.5
20160309	4.6	0.0	44.5	1003.5	1.8
20160310	1.5	0.0	35.8	1006.4	2.8
20160311	0.4	0.0	41.3	1006.5	2.1
20160312	1.9	0.0	47.9	1007.5	1.1
20160313	3.3	0.0	55.3	1006.3	1.3
20160314	3.2	0.0	58.9	1004.0	1.4
20160315	5.6	0.0	47.9	1005.5	1.0
20160316	9.1	0.0	35.3	1003.9	1.6
20160317	10.3	0.0	35.9	1002.7	1.1
20160318	9.6	6.0	82.8	995.9	0.8
20160319	11.2	0.0	67.6	997.7	1.9
20160320	7.8	0.0	62.0	1005.0	2.2
20160321	8.6	0.0	55.9	1005.8	1.2
20160322	10.7	0.0	41.9	1000.7	1.9
20160323	8.7	0.0	53.4	1001.6	2.4
20160324	6.3	0.0	54.3	1007.1	2.0
20160325	5.6	0.0	66.8	1007.1	1.4
20160326	6.7	0.0	61.5	1003.7	1.5
20160327	7.1	0.0	47.8	1001.8	1.9
20160328	8.9	0.0	35.1	1003.8	1.3
20160329	12.3	0.0	40.5	1001.8	2.0
20160330	13.7	0.0	41.4	1002.0	2.0
20160331	11.9	0.0	38.6	999.8	1.0
20160401	13.4	0.0	41.0	998.9	2.0
20160402	15.3	0.0	44.3	1001.3	1.5
20160403	11.7	9.4	69.1	1000.8	1.8
20160404	10.6	1.3	78.5	997.3	1.5
20160405	13.0	0.0	49.8	998.6	2.2
20160406	13.5	4.3	49.9	999.9	1.2
20160407	12.9	23.8	77.1	991.8	1.4
20160408	15.5	0.0	52.1	997.5	2.2
20160409	16.8	0.0	52.6	996.5	2.3
20160410	13.3	1.1	62.1	996.8	2.5
20160411	9.0	0.0	56.9	1004.2	2.9
20160412	11.9	0.0	48.0	999.9	1.2
20160413	12.0	17.4	96.0	991.2	0.6
20160414	15.7	0.0	61.9	994.7	1.9
20160415	14.7	0.0	52.9	1003.0	1.7
20160416	14.6	5.8	69.0	993.2	1.8
20160417	13.3	7.6	53.3	986.1	5.7
20160418	13.3	1.2	41.8	997.5	3.6
20160419	12.5	0.0	51.8	1005.1	1.8
20160420	13.2	0.0	56.1	1002.8	1.1
20160421	13.5	30.8	84.6	989.9	1.1
20160422	18.0	0.0	62.5	991.9	2.3
20160423	16.2	0.0	37.1	995.8	1.6
20160424	14.3	0.0	36.8	998.7	1.7
20160425	16.4	0.0	42.3	1000.8	1.1
20160426	18.1	0.0	47.4	999.1	2.6
20160427	10.5	21.9	80.1	994.2	2.3
20160428	13.6	1.7	63.3	991.2	1.7
20160429	15.4	0.0	53.0	995.5	1.5
20160430	17.1	0.0	51.8	995.3	2.3
20160501	19.5	0.0	45.8	997.3	1.7
20160502	19.9	0.0	56.9	996.9	1.6
20160503	15.7	8.5	73.9	981.1	4.1
20160504	17.4	0.0	31.0	986.2	6.3
20160505	19.7	0.0	32.4	997.4	1.6
20160506	19.9	0.0	64.4	990.2	2.0
20160507	17.9	0.0	46.1	996.4	3.0
20160508	18.2	0.0	48.6	1000.0	1.5
20160509	18.9	0.0	49.3	994.0	1.0
20160510	14.0	15.7	86.4	989.6	1.0
20160511	16.5	4.5	70.4	992.4	1.4
20160512	18.6	0.0	63.6	996.4	1.5
20160513	16.9	0.0	58.4	1003.3	2.4
20160514	16.2	0.0	50.5	1006.2	2.3
20160515	18.9	1.2	62.9	994.2	2.2
20160516	14.7	9.0	58.6	992.8	3.2
20160517	17.6	0.0	51.3	999.1	1.1
20160518	21.1	0.0	46.3	1001.5	1.1
20160519	21.3	0.0	38.4	1001.7	1.9
20160520	19.6	0.0	46.0	1002.0	1.8
20160521	19.0	0.0	47.3	1002.9	2.0
20160522	19.0	0.0	44.3	1001.2	2.2
20160523	20.7	0.0	42.6	997.2	1.3
20160524	18.6	12.5	80.4	990.7	1.5
20160525	18.8	0.0	66.9	993.6	1.5
20160526	20.2	0.0	66.3	993.6	1.7
20160527	22.5	0.0	55.3	994.6	1.3
20160528	21.8	0.0	50.5	991.2	1.3
20160529	20.3	0.0	58.6	987.8	1.4
20160530	22.3	0.0	52.9	989.8	1.6
20160531	22.7	0.0	53.4	990.5	2.0
20160601	20.9	0.0	41.4	992.5	3.3
20160602	20.1	0.0	46.4	994.4	1.5
20160603	22.3	0.0	49.4	994.1	1.4
20160604	20.7	0.0	62.9	992.9	0.9
20160605	21.9	0.0	54.1	995.5	2.7
20160606	19.0	0.3	72.0	997.6	1.7
20160607	22.6	0.0	67.6	993.9	1.4
20160608	21.5	3.2	77.8	993.3	1.0
20160609	22.4	0.0	70.3	994.9	1.9
20160610	25.1	0.0	58.9	995.7	1.4
20160611	24.5	1.8	67.5	994.0	1.5
20160612	23.5	0.0	83.0	989.6	0.9
20160613	23.8	0.6	72.4	985.8	2.1
20160614	23.1	0.0	68.8	987.4	1.5
20160615	21.9	13.8	77.8	985.8	1.4
20160616	23.0	0.0	69.8	983.3	2.6
20160617	23.8	0.0	59.9	991.9	2.0
20160618	25.6	0.0	54.3	994.7	1.4
20160619	26.0	0.0	53.0	991.3	2.0
20160620	25.2	0.5	55.3	990.4	1.6
20160621	24.7	0.0	63.1	991.5	1.8
20160622	23.9	0.1	68.5	990.2	2.5
20160623	26.1	0.0	59.1	989.9	1.5
20160624	22.3	23.1	81.9	983.2	2.1
20160625	23.0	0.0	56.9	986.7	3.1
20160626	23.4	0.0	58.6	992.5	1.7
20160627	23.7	0.0	62.4	993.7	1.1
20160628	23.8	0.0	61.6	995.1	1.6
20160629	23.7	0.0	62.4	995.2	1.5
20160630	25.1	0.0	70.0	994.2	1.8
20160701	24.4	25.9	82.5	990.8	1.8
20160702	24.9	70.6	79.5	988.8	2.0
20160703	22.8	7.6	84.9	993.6	1.1
20160704	20.3	78.6	95.0	995.3	1.7
20160705	26.3	29.2	77.5	995.5	1.7
20160706	24.5	29.4	93.1	997.9	1.2
20160707	25.2	11.5	78.0	998.2	1.7
20160708	26.3	0.0	72.8	993.9	1.2
20160709	27.6	0.0	67.9	989.9	1.2
20160710	26.9	0.0	71.0	988.7	1.0
20160711	26.6	0.5	73.5	988.6	1.5
20160712	26.3	0.7	80.3	985.9	1.6
20160713	26.3	0.0	73.1	984.4	1.9
20160714	23.9	0.0	73.4	986.1	1.4
20160715	23.7	0.0	68.8	989.0	2.0
20160716	20.5	15.4	90.8	986.8	1.5
20160717	23.6	0.1	78.4	990.9	1.5
20160718	23.9	0.0	72.4	993.9	1.3
20160719	24.6	0.0	73.3	996.1	2.3
20160720	22.6	0.0	77.4	997.7	2.2
20160721	23.3	0.0	74.3	997.0	1.7
20160722	24.6	0.0	67.4	995.4	1.9
20160723	24.8	0.0	73.3	994.5	1.0
20160724	27.3	0.0	78.3	994.6	1.1
20160725	26.7	1.5	87.0	994.7	0.9
20160726	28.6	0.0	73.1	991.7	1.7
20160727	28.6	0.0	71.1	989.5	1.5
20160728	29.3	0.0	65.3	990.2	1.7
20160729	27.4	0.5	75.1	993.5	1.0
20160730	28.2	3.0	81.8	995.3	1.3
20160731	28.3	0.0	76.4	995.1	1.2
20160801	27.8	0.0	73.6	994.0	1.6
20160802	26.4	0.6	80.3	993.3	1.2
20160803	26.0	1.4	81.9	993.8	1.3
20160804	27.5	0.0	74.6	994.4	1.7
20160805	29.0	0.0	66.0	994.3	1.5
20160806	29.4	0.0	67.3	992.6	1.2
20160807	30.1	0.0	66.1	991.0	1.4
20160808	28.5	0.0	72.0	991.5	1.3
20160809	27.8	0.0	69.4	993.2	1.9
20160810	28.8	0.0	64.3	993.8	1.2
20160811	30.3	0.0	63.5	993.2	1.3
20160812	30.6	0.0	61.3	991.2	1.5
20160813	30.3	0.0	60.1	989.5	1.9
20160814	29.8	0.0	66.0	988.0	1.7
20160815	29.1	0.0	66.1	985.9	1.6
20160816	29.0	0.0	59.4	985.9	2.5
20160817	28.2	0.2	65.4	988.1	1.8
20160818	28.6	0.0	62.3	990.4	1.9
20160819	28.8	0.0	61.5	991.4	2.1
20160820	28.5	0.0	58.8	991.4	2.4
20160821	28.1	0.0	59.0	990.7	1.8
20160822	27.7	0.0	63.4	990.9	1.7
20160823	27.1	0.0	63.8	991.5	2.3
20160824	27.2	0.0	59.9	991.6	1.9
20160825	28.0	0.0	57.4	989.2	1.6
20160826	19.2	11.3	88.0	993.7	1.1
20160827	20.7	0.0	65.8	993.6	2.4
20160828	18.2	20.1	93.9	987.9	0.9
20160829	18.6	3.0	75.1	984.5	1.3
20160830	19.4	0.0	70.5	976.0	2.7
20160831	19.9	1.4	70.1	975.7	3.9
20160901	24.7	0.0	58.9	986.4	1.7
20160902	19.7	35.8	92.3	992.6	1.3
20160903	21.2	17.1	92.4	993.6	0.9
20160904	24.1	0.0	82.5	995.0	1.8
20160905	23.9	2.3	86.4	994.1	1.0
20160906	23.3	0.0	82.9	993.0	1.0
20160907	23.4	2.3	77.6	990.2	1.0
20160908	22.3	0.6	76.6	990.9	1.4
20160909	23.0	0.0	74.3	993.9	1.3
20160910	21.9	0.0	82.1	997.0	1.5
20160911	23.0	0.0	74.4	999.2	1.7
20160912	20.3	5.9	89.6	1001.1	1.0
20160913	21.2	0.0	79.4	1002.5	1.4
20160914	22.4	0.0	77.8	1001.7	0.9
20160915	22.4	0.0	81.9	1000.3	0.9
20160916	21.8	0.7	86.9	999.0	0.8
20160917	19.4	84.8	96.5	995.9	1.0
20160918	19.5	3.0	84.0	995.7	0.7
20160919	19.5	0.0	68.1	996.9	1.8
20160920	18.1	0.0	50.1	1000.2	1.5
20160921	16.8	0.0	62.4	1004.7	1.2
20160922	17.9	0.0	76.6	1002.3	1.0
20160923	19.3	0.0	75.3	1001.2	1.1
20160924	20.6	0.0	73.1	1000.4	1.1
20160925	19.5	0.0	81.1	1000.8	0.9
20160926	20.8	1.0	89.3	1000.7	0.8
20160927	22.8	10.6	89.9	999.3	0.7
20160928	22.5	0.0	78.3	998.2	1.7
20160929	18.2	0.0	68.5	1001.7	2.6
20160930	16.0	2.7	92.8	1000.2	0.6
20161001	17.6	0.0	90.8	1002.3	0.8
20161002	20.5	0.0	85.1	999.2	0.8
20161003	22.5	0.0	88.3	993.9	0.8
20161004	21.1	0.0	74.3	1000.3	2.2
20161005	18.2	32.9	90.0	994.1	1.5
20161006	18.4	0.0	79.9	1004.2	1.0
20161007	17.4	8.8	80.9	1004.7	1.7
20161008	16.5	16.8	78.4	995.1	1.8
20161009	12.7	0.0	59.3	1001.4	1.7
20161010	13.2	0.0	75.5	1004.0	1.0
20161011	13.9	0.0	82.0	1003.5	0.8
20161012	14.4	0.0	73.3	1005.0	0.9
20161013	14.2	0.0	76.5	1006.3	0.7
20161014	13.8	0.0	78.8	1008.7	0.7
20161015	15.6	0.0	80.9	1009.3	0.8
20161016	14.7	5.3	90.3	1003.8	0.7
20161017	17.0	0.0	85.4	1000.5	0.9
20161018	15.3	0.0	88.4	1003.6	0.9
20161019	15.7	0.0	89.0	1001.6	0.9
20161020	15.3	0.0	82.5	1003.8	1.6
20161021	15.3	0.0	71.4	1005.1	2.1
20161022	16.4	0.0	54.3	998.5	1.2
20161023	13.2	2.0	61.6	1001.1	1.7
20161024	12.4	0.0	55.5	1002.4	1.0
20161025	12.3	10.1	87.1	996.1	0.7
20161026	13.8	0.0	72.1	1002.8	1.1
20161027	14.4	0.0	69.6	1007.2	1.7
20161028	13.3	7.9	87.8	999.7	1.1
20161029	11.8	0.0	71.0	1007.3	1.3
20161030	7.8	0.0	59.3	1011.5	1.2
20161031	6.9	0.0	76.0	1008.7	1.1
20161101	3.9	0.0	47.1	1011.4	2.3
20161102	3.6	0.0	57.8	1009.3	1.4
20161103	6.5	0.0	68.8	1005.2	1.3
20161104	8.0	0.0	76.8	1000.6	1.1
20161105	11.4	0.0	76.5	997.8	1.4
20161106	11.3	0.0	74.9	1009.2	2.2
20161107	12.5	0.0	73.6	1006.7	0.8
20161108	8.6	0.6	63.5	1005.2	2.7
20161109	4.0	0.0	61.5	1010.8	1.0
20161110	7.5	0.0	73.0	1004.4	1.1
20161111	9.0	0.0	68.5	1002.1	1.9
20161112	8.0	0.0	70.9	1006.5	1.0
20161113	10.2	0.0	77.6	1006.1	0.7
20161114	13.6	0.0	81.9	999.6	0.9
20161115	10.4	0.0	48.8	1001.9	2.2
20161116	5.0	0.0	60.3	1005.9	0.9
20161117	6.6	0.0	65.1	1008.0	0.7
20161118	7.9	7.4	87.1	1003.3	0.6
20161119	11.4	5.5	95.5	997.4	0.6
20161120	13.2	0.0	69.9	1003.3	1.5
20161121	10.6	0.0	80.3	1001.9	0.7
20161122	6.3	0.0	64.0	1003.1	2.3
20161123	3.3	0.0	39.3	1007.2	2.2
20161124	-0.4	0.0	35.8	1008.3	2.7
20161125	0.3	0.0	50.5	1010.1	1.2
20161126	-1.7	1.9	85.0	1007.7	0.7
20161127	0.7	0.0	94.8	1004.6	0.9
20161128	2.8	0.0	65.8	1009.2	1.8
20161129	2.1	0.0	60.8	1015.4	0.7
20161130	5.5	1.2	79.3	1009.7	0.9
20161201	5.7	0.0	55.0	1007.5	3.2
20161202	2.3	0.0	48.8	1012.5	1.8
20161203	2.1	0.0	62.9	1009.2	0.6
20161204	1.7	0.0	77.4	1001.5	0.6
20161205	6.0	0.0	67.1	1000.1	1.6
20161206	1.5	0.0	40.0	1007.1	2.7
20161207	-3.2	0.0	71.3	1005.2	0.6
20161208	0.5	0.0	78.8	1001.8	0.8
20161209	3.1	1.4	67.0	1001.1	2.3
20161210	0.1	0.0	53.0	1008.0	1.1
20161211	-1.7	0.0	60.0	1010.9	0.7
20161212	1.7	0.1	64.5	1007.1	0.5
20161213	4.5	0.0	73.6	1000.8	0.6
20161214	1.1	3.5	88.1	1001.4	1.3
20161215	-1.1	0.0	52.5	1004.0	2.1
20161216	-3.0	0.0	39.8	1008.8	2.7
20161217	2.3	0.0	62.9	1011.6	1.6
20161218	2.3	0.0	74.0	1012.4	0.9
20161219	4.6	0.1	82.9	1008.6	0.6
20161220	6.5	0.0	88.1	1010.3	0.7
20161221	6.3	17.3	94.9	1006.8	0.8
20161222	8.5	10.0	81.8	992.0	3.3
20161223	1.5	0.0	63.4	1001.3	4.3
20161224	-1.2	0.0	68.1	1012.1	0.9
20161225	2.8	0.0	75.5	1012.5	0.7
20161226	3.3	15.3	91.4	1003.4	0.7
20161227	0.9	0.5	66.8	1002.8	3.0
20161228	-1.8	0.0	56.0	1011.3	1.2
20161229	-2.1	0.0	43.1	1010.7	2.9
20161230	-2.1	0.0	54.0	1014.0	1.6
20161231	0.4	0.0	72.1	1012.2	1.2
20170101	1.2	0.0	77.6	1010.6	1.0
20170102	3.3	0.0	74.6	1004.7	1.2
20170103	3.1	0.0	56.6	1005.6	1.6
20170104	3.2	0.0	66.3	1006.1	0.9
20170105	3.2	0.0	73.4	1010.7	1.7
20170106	2.6	0.0	75.5	1010.3	0.5
20170107	1.8	0.0	83.1	1005.0	0.6
20170108	6.6	0.0	71.6	996.7	0.7
20170109	4.5	0.0	55.0	997.7	3.4
20170110	-0.4	0.0	46.8	1004.1	3.7
20170111	-2.3	0.0	38.6	1006.1	3.3
20170112	0.1	0.0	52.0	999.1	2.5
20170113	-3.0	0.0	41.1	998.0	3.0
20170114	-6.5	0.0	32.4	1004.7	3.6
20170115	-5.6	0.0	34.9	1008.3	1.9
20170116	-4.7	0.0	52.6	1010.9	0.9
20170117	-3.4	0.0	58.0	1013.7	0.6
20170118	-1.7	0.0	60.6	1012.1	0.8
20170119	-1.0	0.0	69.1	1005.4	0.6
20170120	-2.4	0.6	68.6	1002.0	2.5
20170121	-3.6	0.2	67.0	1008.7	1.7
20170122	-4.7	0.7	50.8	1006.7	3.9
20170123	-6.7	0.0	43.9	1011.4	2.8
20170124	-5.9	0.0	46.5	1015.1	1.8
20170125	-5.3	0.0	49.1	1015.5	1.3
20170126	-2.9	0.0	48.5	1009.5	1.1
20170127	1.4	0.0	36.9	1007.1	3.1
20170128	-0.6	0.0	41.6	1009.1	0.7
20170129	2.6	2.1	61.4	1001.0	0.7
20170130	-0.9	0.2	62.5	1004.9	3.4
20170131	-3.7	0.0	53.9	1009.9	1.5
20170201	-1.2	0.0	39.8	1008.5	2.7
20170202	-1.4	0.0	40.0	1010.4	2.6
20170203	0.8	0.0	55.0	1008.3	1.3
20170204	2.8	0.0	48.1	1003.1	0.7
20170205	4.2	0.0	54.9	994.7	2.4
20170206	0.2	0.0	46.9	1002.5	2.9
20170207	-1.5	0.0	56.1	1007.3	0.6
20170208	0.1	0.0	51.3	1000.3	1.7
20170209	-2.5	0.0	41.5	995.6	4.0
20170210	-4.9	0.0	40.9	998.4	3.8
20170211	-4.0	0.0	44.1	1005.2	3.4
20170212	-1.4	0.0	47.0	1010.0	2.0
20170213	0.0	0.0	54.4	1012.2	1.7
20170214	1.4	0.0	59.8	1014.1	1.3
20170215	1.7	0.0	46.1	1011.8	1.4
20170216	5.6	0.1	45.9	1002.9	1.3
20170217	6.0	2.1	55.9	1001.1	3.2
20170218	-0.6	0.0	37.0	1006.0	3.6
20170219	2.1	0.7	56.8	1000.1	1.1
20170220	2.4	9.9	61.4	996.8	2.8
20170221	0.6	0.0	52.1	1012.0	0.8
20170222	2.2	12.4	83.5	998.6	0.9
20170223	1.4	0.0	57.9	998.8	3.9
20170224	-0.2	0.0	46.4	1005.5	2.8
20170225	2.3	0.0	49.8	1004.1	1.8
20170226	2.9	0.0	55.8	1006.9	1.4
20170227	4.2	0.0	61.6	1009.5	1.3
20170228	4.1	0.0	60.5	1007.4	1.1
20170301	5.4	0.0	50.4	999.0	0.8
20170302	3.8	0.0	59.4	996.1	2.9
20170303	3.4	0.0	47.4	1002.5	1.5
20170304	5.8	0.0	50.4	1001.2	1.2
20170305	6.7	0.0	55.4	997.8	1.3
20170306	3.4	0.0	38.1	996.4	3.8
20170307	0.0	0.0	40.8	997.4	3.6
20170308	0.4	0.0	48.3	996.5	3.2
20170309	4.4	0.0	44.3	994.9	3.6
20170310	5.2	0.0	35.0	1001.1	2.3
20170311	6.4	0.0	39.4	1005.7	1.0
20170312	8.9	0.0	38.8	1003.0	1.4
20170313	8.4	0.0	49.8	999.9	2.0
20170314	5.1	1.2	67.1	1000.8	1.4
20170315	4.8	0.0	63.0	1005.6	1.5
20170316	6.0	0.0	51.3	1004.1	1.3
20170317	7.7	0.0	44.4	1005.6	1.1
20170318	8.4	0.0	45.0	1006.6	1.3
20170319	9.1	0.0	44.8	1008.3	1.3
20170320	8.7	0.0	55.0	1002.7	1.3
20170321	7.0	0.2	69.8	998.3	1.9
20170322	7.2	0.0	50.6	1003.0	1.7
20170323	9.3	0.0	42.3	1002.8	1.7
20170324	8.3	0.0	52.0	1004.5	1.8
20170325	4.8	21.5	86.1	1003.7	1.1
20170326	5.4	0.2	82.3	1001.2	0.9
20170327	4.8	0.9	77.9	1002.3	1.9
20170328	6.4	0.0	66.0	1005.6	1.3
20170329	9.5	0.0	59.3	1004.5	1.4
20170330	10.4	0.0	59.0	1003.9	1.8
20170331	7.8	3.4	75.8	1002.4	1.6
20170401	6.2	5.7	84.4	999.1	1.0
20170402	7.9	0.0	58.6	1000.8	1.5
20170403	11.5	0.0	40.8	1004.7	1.9
20170404	13.6	0.0	43.0	1006.2	1.5
20170405	13.3	8.2	66.3	1001.5	1.1
20170406	14.7	11.2	85.1	994.7	1.9
20170407	14.1	0.0	68.1	997.2	1.8
20170408	16.9	0.0	52.5	994.3	1.8
20170409	12.3	0.0	49.4	998.6	2.6
20170410	11.6	0.0	46.6	997.2	2.7
20170411	11.8	22.4	68.3	988.9	2.0
20170412	12.7	0.0	27.6	996.1	3.2
20170413	13.4	0.0	36.3	999.4	2.7
20170414	14.9	0.0	49.0	996.0	2.1
20170415	18.5	0.0	46.3	996.7	2.2
20170416	18.6	0.0	44.1	997.8	1.1
20170417	12.4	33.3	81.3	984.9	1.1
20170418	14.1	1.4	66.4	982.3	2.5
20170419	14.1	0.0	38.3	992.0	3.2
20170420	11.8	0.3	59.6	995.5	1.1
20170421	12.7	0.0	62.9	994.1	1.6
20170422	13.2	0.0	58.9	996.5	1.6
20170423	15.3	0.0	51.0	1000.3	1.4
20170424	16.9	0.0	41.8	1001.9	1.8
20170425	17.3	0.0	53.3	1001.3	1.9
20170426	15.4	0.5	61.0	997.8	1.8
20170427	12.6	0.0	44.9	994.3	2.1
20170428	15.4	0.0	35.9	989.2	2.5
20170429	17.9	0.0	38.0	990.0	2.4
20170430	21.3	0.0	36.6	990.8	2.2
20170501	18.4	0.0	34.6	1000.9	2.8
20170502	17.0	0.0	42.3	1006.0	1.6
20170503	19.3	0.0	39.4	1004.7	1.3
20170504	20.5	0.0	44.0	999.7	1.4
20170505	21.8	0.0	56.1	996.3	2.0
20170506	18.0	0.0	30.0	997.6	3.5
20170507	17.4	0.0	33.3	996.1	2.9
20170508	18.6	0.0	38.6	997.2	1.7
20170509	15.4	5.3	73.8	995.3	1.8
20170510	15.1	0.3	85.4	993.0	1.5
20170511	17.9	0.0	73.6	995.3	1.4
20170512	17.6	0.0	78.5	993.7	0.9
20170513	17.8	9.3	69.1	989.6	2.0
20170514	16.7	0.0	43.5	992.2	3.2
20170515	16.5	0.0	47.6	994.6	2.5
20170516	17.4	0.0	57.6	993.7	1.5
20170517	18.0	0.5	67.5	994.6	1.4
20170518	19.9	0.0	59.9	998.6	1.7
20170519	22.5	0.0	40.0	998.8	2.6
20170520	23.1	0.0	35.0	997.8	1.7
20170521	22.2	0.0	43.0	997.7	1.5
20170522	21.1	0.0	52.1	997.2	1.7
20170523	20.5	0.0	58.0	994.1	1.5
20170524	19.8	6.6	73.9	991.5	1.1
20170525	20.5	0.0	56.9	987.8	2.8
20170526	16.6	0.0	50.1	990.7	2.4
20170527	18.1	0.0	54.3	995.4	1.8
20170528	21.4	0.0	49.5	995.3	2.2
20170529	25.5	0.0	47.4	994.7	2.0
20170530	23.8	0.0	48.6	993.2	1.5
20170531	22.9	0.0	52.9	986.5	1.3
20170601	20.4	2.0	71.4	982.7	1.6
20170602	18.7	0.0	54.5	987.6	2.1
20170603	19.4	0.0	46.9	990.8	1.8
20170604	19.3	0.0	47.1	994.6	1.7
20170605	19.3	0.0	48.5	999.8	2.5
20170606	16.9	11.5	70.1	998.9	1.2
20170607	18.0	0.1	87.5	989.0	1.6
20170608	21.1	0.0	58.4	992.6	3.1
20170609	23.0	0.0	47.4	990.7	2.7
20170610	21.6	0.0	48.3	990.7	2.6
20170611	19.2	0.0	42.9	993.3	2.2
20170612	18.5	0.0	56.8	999.4	2.7
20170613	18.6	1.1	68.5	998.2	1.6
20170614	20.4	0.0	64.5	993.9	1.7
20170615	24.0	0.0	46.8	991.4	2.3
20170616	21.9	0.0	58.4	994.8	2.6
20170617	23.3	0.0	55.1	994.3	1.5
20170618	25.4	0.0	51.8	993.0	1.6
20170619	26.7	0.0	46.9	992.1	1.4
20170620	25.5	0.0	48.0	989.1	1.4
20170621	25.1	0.0	53.1	988.9	1.5
20170622	25.8	0.0	50.5	991.6	1.5
20170623	26.1	0.0	48.8	990.1	1.9
20170624	24.6	0.7	58.4	987.0	1.5
20170625	22.7	3.9	71.4	986.9	1.6
20170626	22.4	0.0	74.6	992.1	1.9
20170627	24.4	0.0	64.4	994.3	1.3
20170628	24.7	4.7	71.6	995.5	1.6
20170629	25.7	0.0	65.9	995.0	1.2
20170630	27.1	0.0	61.3	991.4	1.6
20170701	23.6	26.6	88.8	991.8	1.2
20170702	25.2	8.9	90.8	992.1	0.8
20170703	24.9	99.7	89.8	990.5	1.4
20170704	25.8	18.1	82.3	989.9	1.4
20170705	26.0	0.0	70.5	994.2	1.3
20170706	25.8	1.6	75.6	994.7	1.2
20170707	26.0	0.0	83.3	993.2	1.0
20170708	25.0	16.6	90.0	991.7	0.9
20170709	27.7	7.2	77.0	990.8	1.2
20170710	28.2	0.0	74.5	986.9	1.7
20170711	27.9	4.7	69.3	990.7	2.4
20170712	27.9	0.0	70.3	993.3	1.7
20170713	27.6	0.0	70.6	991.4	1.6
20170714	26.5	3.9	77.6	992.3	1.6
20170715	24.9	5.7	86.4	994.4	1.4
20170716	24.4	58.0	92.9	996.5	0.9
20170717	25.9	6.1	85.3	996.1	1.6
20170718	26.0	0.0	81.9	993.3	1.4
20170719	27.6	0.0	77.4	990.7	1.0
20170720	28.6	0.0	74.5	991.0	1.4
20170721	29.4	0.0	74.6	992.5	1.6
20170722	29.3	0.0	75.3	993.5	1.3
20170723	26.3	0.8	86.5	989.6	1.0
20170724	26.9	5.3	90.5	987.0	1.0
20170725	25.0	48.9	89.0	988.8	1.8
20170726	24.6	0.0	65.6	993.2	2.1
20170727	25.3	0.0	62.0	992.9	1.0
20170728	25.3	71.1	78.3	992.7	1.1
20170729	23.3	19.0	87.8	993.2	1.7
20170730	25.3	0.0	82.8	992.2	1.0
20170731	23.8	52.2	96.8	993.8	1.1
20170801	25.8	10.0	85.4	994.6	1.1
20170802	26.3	0.0	77.0	992.8	1.8
20170803	25.6	0.0	74.6	991.2	2.0
20170804	28.7	0.0	69.5	990.3	1.3
20170805	29.4	0.0	71.0	988.1	1.6
20170806	29.9	0.0	68.5	985.0	1.4
20170807	28.7	0.3	74.3	983.1	1.7
20170808	27.9	0.0	69.5	983.8	1.5
20170809	25.0	7.8	89.5	982.1	1.1
20170810	24.2	29.5	94.1	984.9	0.8
20170811	25.7	0.7	77.8	990.7	1.6
20170812	24.6	0.0	74.5	995.3	1.8
20170813	23.4	0.0	79.5	995.5	1.7
20170814	22.5	12.0	90.0	991.5	1.2
20170815	22.8	20.6	95.0	988.8	1.2
20170816	24.0	6.8	85.3	990.0	1.7
20170817	23.0	11.2	90.8	992.7	1.0
20170818	25.2	0.0	79.9	995.2	1.2
20170819	25.0	1.4	83.5	996.7	1.4
20170820	24.6	1.2	86.6	994.7	1.8
20170821	25.5	10.4	88.9	992.7	1.1
20170822	26.9	0.0	83.0	996.1	1.5
20170823	28.1	5.1	82.1	996.1	1.4
20170824	28.4	9.0	79.9	990.8	2.2
20170825	25.7	0.0	71.0	991.9	1.6
20170826	22.6	0.0	64.1	997.0	1.5
20170827	22.3	0.0	71.1	999.1	1.2
20170828	23.9	2.6	75.4	995.0	1.2
20170829	23.3	0.4	68.5	995.6	2.1
20170830	18.5	0.2	75.0	996.6	1.1
20170831	20.4	0.0	69.8	995.6	1.2
20170901	20.2	0.0	68.1	996.7	1.7
20170902	19.8	0.0	69.6	997.2	1.6
20170903	20.7	0.0	66.8	999.5	1.5
20170904	21.1	0.0	71.4	1000.0	1.4
20170905	20.5	0.0	84.6	995.9	1.0
20170906	21.1	0.2	87.1	991.6	1.1
20170907	21.6	0.0	78.5	991.0	1.4
20170908	22.0	0.0	77.1	994.9	0.9
20170909	21.7	0.0	81.8	996.8	0.9
20170910	22.1	0.0	79.9	997.9	1.4
20170911	19.9	34.5	96.3	990.8	1.0
20170912	22.0	0.0	77.5	996.6	1.4
20170913	19.9	0.0	65.5	1001.9	1.1
20170914	20.3	0.0	71.8	1003.4	1.8
20170915	19.9	0.0	63.8	1003.5	2.3
20170916	19.3	0.0	72.5	998.3	1.5
20170917	20.7	0.0	73.4	990.1	1.2
20170918	20.4	0.0	72.3	992.0	1.3
20170919	19.9	7.7	83.8	993.7	1.2
20170920	19.3	0.0	66.9	995.2	1.7
20170921	18.1	0.0	76.6	998.2	0.9
20170922	19.2	0.0	76.3	997.0	1.0
20170923	18.9	0.0	82.6	999.5	0.7
20170924	20.4	0.0	86.3	999.4	1.0
20170925	21.4	0.0	73.5	998.9	1.5
20170926	21.5	0.0	76.1	996.7	1.0
20170927	18.0	49.2	97.1	991.2	1.0
20170928	19.1	0.0	65.9	993.3	2.0
20170929	14.6	0.0	58.6	1001.2	1.3
20170930	15.8	0.0	77.6	1006.2	1.2
20171001	15.3	10.5	92.4	1001.8	1.0
20171002	19.5	20.4	91.3	994.3	0.9
20171003	17.8	0.0	80.4	1001.3	2.0
20171004	16.3	0.0	72.0	1007.0	2.3
20171005	15.6	0.0	72.8	1008.1	1.8
20171006	16.1	8.0	94.6	1002.6	0.8
20171007	19.4	0.0	85.1	1003.5	1.2
20171008	20.3	0.0	82.1	1006.4	1.0
20171009	20.6	0.0	84.4	1005.1	1.0
20171010	21.1	0.0	80.4	1002.4	1.1
20171011	18.4	4.4	88.3	1000.4	1.7
20171012	13.3	24.2	95.9	1002.9	0.8
20171013	12.7	0.0	75.3	1004.1	1.4
20171014	13.7	0.0	63.3	1007.9	1.0
20171015	14.0	0.0	71.4	1010.9	1.4
20171016	14.8	0.0	80.3	1009.5	0.9
20171017	15.1	0.0	76.4	1008.1	1.8
20171018	13.8	0.2	78.0	1007.3	1.0
20171019	13.5	0.8	91.8	1003.0	0.9
20171020	15.2	0.0	80.8	1002.4	1.1
20171021	14.5	0.0	78.3	1001.2	1.6
20171022	14.5	0.0	63.0	995.9	1.9
20171023	12.0	0.0	59.4	1000.9	1.1
20171024	11.0	0.0	72.6	1007.4	0.8
20171025	10.8	0.0	82.0	1007.9	0.8
20171026	11.4	0.0	81.6	1005.0	0.8
20171027	13.7	0.0	82.1	1003.6	1.0
20171028	14.8	0.0	78.9	1003.6	1.2
20171029	12.2	0.0	69.4	998.1	2.4
20171030	7.6	0.0	43.8	1007.0	1.7
20171031	7.1	0.0	61.4	1007.9	1.1
20171101	12.2	0.0	63.3	1004.3	1.2
20171102	13.5	0.0	71.8	1001.4	0.8
20171103	11.2	0.0	74.4	1002.2	1.9
20171104	8.0	0.0	57.1	1010.1	1.8
20171105	6.3	0.0	70.0	1011.1	1.0
20171106	7.4	0.0	72.8	1007.5	0.8
20171107	11.0	0.0	71.5	1004.5	0.6
20171108	13.1	0.0	59.4	1001.6	2.3
20171109	8.2	0.0	60.0	1007.2	0.7
20171110	10.2	0.0	65.5	998.9	2.2
20171111	6.0	0.0	45.1	1003.2	2.4
20171112	3.7	0.0	63.9	1004.5	0.8
20171113	5.3	0.0	65.5	1001.0	1.0
20171114	8.1	0.0	46.5	1001.0	2.4
20171115	4.2	0.0	47.4	1003.1	2.7
20171116	2.6	0.0	43.5	1006.9	1.6
20171117	2.8	0.0	52.6	1002.7	0.8
20171118	1.7	0.0	40.5	1002.6	3.0
20171119	-0.6	0.0	30.8	1008.2	2.7
20171120	2.7	0.0	45.3	1008.0	2.3
20171121	1.5	0.0	56.4	1008.6	0.9
20171122	2.0	0.0	63.0	1001.2	0.9
20171123	1.5	0.0	45.6	1002.8	2.4
20171124	0.6	0.3	68.3	1006.6	2.1
20171125	1.1	0.0	64.5	1008.4	1.0
20171126	3.5	0.0	79.1	1007.0	0.7
20171127	3.5	0.0	80.6	1009.3	0.8
20171128	5.5	0.0	79.3	1005.1	0.9
20171129	6.8	0.0	53.8	1005.7	2.1
20171130	2.1	0.0	26.0	1007.6	3.1
20171201	-1.3	0.0	29.5	1012.1	2.1
20171202	-1.1	0.0	51.4	1011.0	0.8
20171203	1.1	0.0	71.3	1006.9	0.5
20171204	0.8	0.0	54.4	1002.9	2.8
20171205	-3.3	0.0	36.4	1003.6	3.5
20171206	-1.8	0.0	65.4	1006.4	0.9
20171207	0.5	0.6	70.8	1004.1	1.3
20171208	-2.7	0.0	39.8	1004.7	2.9
20171209	-1.5	0.0	57.3	1003.1	1.1
20171210	1.5	0.1	67.4	997.2	1.8
20171211	-4.0	0.0	33.9	1003.2	4.5
20171212	-7.3	0.0	32.1	1009.9	3.1
20171213	-5.9	0.0	31.6	1011.9	2.2
20171214	-6.2	0.0	49.6	1013.6	0.6
20171215	-2.3	0.0	51.9	1008.2	1.1
20171216	-2.1	0.0	36.9	1006.9	3.4
20171217	-5.2	0.0	37.0	1011.4	2.8
20171218	-1.7	0.0	59.9	1009.6	1.0
20171219	-1.6	0.0	38.1	1011.9	2.9
20171220	-3.4	0.0	55.0	1013.8	0.7
20171221	-1.7	0.0	54.0	1012.4	1.6
20171222	-0.5	0.0	65.0	1009.3	0.9
20171223	1.1	0.0	74.9	1006.4	0.7
20171224	1.6	7.9	85.1	995.7	1.9
20171225	-0.7	0.0	45.9	1003.4	3.2
20171226	-1.4	0.0	45.5	1005.1	3.1
20171227	-4.7	0.0	24.5	1009.7	3.2
20171228	-3.4	0.0	49.3	1010.9	0.7
20171229	2.1	0.0	64.9	1008.6	1.9
20171230	0.8	0.0	76.0	1007.5	0.7
20171231	1.3	0.8	52.9	1003.9	3.0
20180101	-1.0	0.0	39.4	1009.1	2.2
20180102	-0.5	0.0	54.0	1009.7	2.0
20180103	-2.1	0.0	36.9	1011.0	1.9
20180104	-2.5	0.0	46.8	1008.4	0.7
20180105	-0.6	0.0	47.4	1001.8	1.8
20180106	-1.2	0.0	46.6	1004.7	1.8
20180107	-2.4	0.0	54.8	1004.9	0.6
20180108	0.7	0.5	70.1	993.2	1.4
20180109	-2.3	0.0	61.8	994.6	4.1
20180110	-5.1	3.3	57.4	999.1	3.0
20180111	-9.3	0.0	46.3	1007.1	3.1
20180112	-9.7	0.0	43.4	1012.0	2.7
20180113	-4.4	0.0	70.5	1014.2	1.0
20180114	-2.5	0.0	75.6	1012.6	0.7
20180115	2.7	0.0	63.0	1006.2	1.4
20180116	2.7	2.4	73.4	1001.2	0.8
20180117	3.7	8.5	97.1	1000.4	0.9
20180118	3.7	0.0	69.3	1004.8	1.7
20180119	0.3	0.0	62.1	1005.7	1.1
20180120	-0.9	0.0	70.0	1005.4	0.9
20180121	-0.1	0.0	66.3	1005.5	0.6
20180122	2.2	0.4	64.1	997.9	1.5
20180123	-7.0	0.0	36.6	1002.7	5.2
20180124	-11.1	0.0	26.5	1008.0	3.8
20180125	-10.9	0.0	33.1	1008.7	3.2
20180126	-11.6	0.0	33.3	1008.6	3.1
20180127	-8.7	0.0	47.0	1009.2	0.6
20180128	-3.3	0.0	32.1	1002.5	3.2
20180129	-7.0	0.0	34.5	1004.0	3.5
20180130	-5.5	0.0	48.6	1007.7	1.9
20180131	-1.2	0.0	45.9	1009.1	1.6
20180201	-2.3	0.0	39.0	1010.2	0.7
20180202	-3.6	0.0	44.3	1009.5	1.0
20180203	-5.5	0.0	44.3	1007.5	3.1
20180204	-8.0	0.0	33.9	1008.0	3.4
20180205	-8.2	0.0	32.9	1006.4	2.7
20180206	-9.0	0.0	34.6	1005.8	2.8
20180207	-7.7	0.0	39.3	1007.5	1.6
20180208	-5.7	0.0	43.0	1007.1	0.9
20180209	-0.1	0.0	46.0	1005.1	1.0
20180210	0.7	0.0	45.8	1002.0	2.9
20180211	-4.8	0.2	47.6	1003.3	3.6
20180212	-5.1	0.0	46.0	1003.1	3.5
20180213	-1.4	0.0	48.6	1004.7	2.5
20180214	2.6	0.0	57.9	1000.1	1.8
20180215	3.1	0.0	28.8	1002.6	1.9
20180216	0.3	0.0	36.0	999.8	2.0
20180217	-0.4	0.0	24.0	1004.8	3.2
20180218	0.0	0.0	27.9	1007.7	0.9
20180219	2.5	0.0	36.6	1005.5	1.1
20180220	1.9	0.0	39.9	1004.4	1.8
20180221	0.6	0.0	24.1	1005.1	1.5
20180222	-0.3	0.0	40.9	1004.8	1.4
20180223	3.7	0.0	52.8	1004.8	1.3
20180224	6.5	0.0	51.6	1009.2	2.1
20180225	5.4	0.0	49.9	1006.7	1.5
20180226	3.1	0.0	47.1	1007.1	1.1
20180227	5.7	0.0	45.6	1005.9	1.3
20180228	5.8	18.1	77.8	992.9	2.4
20180301	3.0	0.8	54.5	991.2	5.2
20180302	1.0	0.0	42.8	999.9	1.5
20180303	6.1	0.0	50.4	997.8	0.8
20180304	12.1	15.4	63.6	997.1	1.8
20180305	4.5	16.5	75.4	1001.0	2.5
20180306	4.4	0.0	58.4	1012.7	1.9
20180307	3.7	3.5	72.3	1012.0	1.6
20180308	1.4	18.2	97.8	1001.1	0.6
20180309	2.9	0.0	80.1	1006.2	1.2
20180310	4.9	0.0	64.9	1006.2	1.8
20180311	6.5	0.0	53.6	1007.4	1.9
20180312	8.1	0.0	53.0	1005.2	1.0
20180313	12.1	0.0	54.8	1002.0	1.8
20180314	15.6	0.0	57.0	1002.5	1.5
20180315	12.4	5.6	92.4	997.3	1.0
20180316	3.1	0.2	61.9	1008.8	3.4
20180317	4.1	0.0	60.3	1010.8	0.9
20180318	7.7	1.1	66.4	1004.3	0.9
20180319	6.9	29.5	84.3	1000.9	2.5
20180320	4.2	0.0	48.1	1007.5	3.7
20180321	2.0	2.7	78.9	998.7	1.9
20180322	5.8	0.0	62.5	996.3	1.8
20180323	6.7	0.0	57.9	1001.3	1.5
20180324	9.5	0.0	50.6	1004.1	2.4
20180325	11.7	0.0	47.1	1006.1	2.0
20180326	13.1	0.0	48.1	1003.6	1.9
20180327	14.3	0.0	53.1	1000.7	2.1
20180328	16.4	0.0	46.1	999.5	2.5
20180329	14.6	0.0	53.4	1003.5	2.2
20180330	11.8	0.0	48.4	1008.4	2.1
20180331	14.3	0.0	53.0	1003.2	1.8
20180401	15.8	0.0	58.8	999.9	1.4
20180402	18.7	0.0	56.4	998.9	1.8
20180403	19.7	0.0	53.6	999.7	1.6
20180404	10.1	23.0	76.6	1002.9	3.1
20180405	6.5	16.7	87.6	1001.8	1.7
20180406	8.0	22.1	66.6	993.1	3.2
20180407	4.7	0.0	41.8	995.8	4.9
20180408	7.9	0.0	41.4	997.9	2.3
20180409	11.3	0.0	44.0	1000.3	2.1
20180410	14.7	0.0	50.1	996.3	2.3
20180411	15.9	9.4	47.3	993.0	3.6
20180412	13.9	0.0	33.1	1000.1	2.4
20180413	11.9	0.0	43.1	1007.3	2.6
20180414	9.1	21.3	89.1	992.3	1.6
20180415	11.2	0.0	56.6	994.4	3.0
20180416	11.2	0.0	59.1	1002.7	1.7
20180417	13.6	0.0	54.4	1002.6	1.1
20180418	14.3	0.0	50.0	999.7	1.6
20180419	16.6	0.0	38.8	999.9	2.1
20180420	19.3	0.0	43.3	1002.8	1.0
20180421	21.3	0.0	40.0	1000.9	1.4
20180422	17.1	0.2	46.4	1002.7	2.0
20180423	10.5	39.5	86.4	1001.1	2.2
20180424	10.9	16.5	77.6	994.8	1.1
20180425	12.7	0.0	53.5	996.5	1.1
20180426	15.4	0.0	50.8	996.7	1.4
20180427	16.6	0.0	44.8	997.0	1.9
20180428	17.1	0.0	45.0	999.0	2.0
20180429	18.0	0.0	37.8	995.9	1.8
20180430	19.6	0.0	50.8	997.5	1.5
20180501	20.4	0.0	65.6	997.7	1.3
20180502	14.7	19.4	90.4	988.9	2.3
20180503	12.1	1.4	60.4	990.3	3.9
20180504	14.1	0.0	46.1	995.0	3.0
20180505	18.5	0.0	35.1	998.4	2.1
20180506	15.2	20.9	95.0	992.0	0.7
20180507	15.9	1.1	85.5	991.4	1.3
20180508	13.4	0.0	71.9	999.1	2.5
20180509	11.2	0.3	73.1	1005.3	1.7
20180510	15.8	0.0	62.0	1005.3	1.3
20180511	18.1	0.0	49.9	1000.7	1.6
20180512	15.5	14.2	86.4	995.0	0.8
20180513	18.6	5.7	76.5	990.7	2.0
20180514	19.7	0.0	68.0	994.7	1.4
20180515	23.0	0.0	60.4	994.1	1.2
20180516	23.8	1.2	83.8	990.9	1.4
20180517	26.3	0.0	72.4	988.6	1.8
20180518	18.6	13.4	93.1	989.2	2.3
20180519	15.1	0.0	58.6	1001.1	3.1
20180520	13.8	0.0	66.1	1004.3	2.1
20180521	15.7	0.0	67.4	1003.0	1.9
20180522	18.1	1.5	73.9	996.4	1.1
20180523	19.7	19.0	62.0	990.4	2.0
20180524	19.3	0.0	56.3	993.2	2.1
20180525	20.4	0.0	50.0	991.5	1.3
20180526	21.7	0.0	55.9	992.6	1.2
20180527	21.1	0.0	64.4	993.8	1.0
20180528	22.7	0.0	61.6	993.8	1.3
20180529	23.0	0.0	68.0	994.7	1.2
20180530	22.4	0.0	57.1	993.2	1.4
20180531	21.0	0.0	51.3	994.2	1.4
20180601	22.9	0.0	59.1	997.7	1.3
20180602	24.6	0.0	52.3	998.0	1.3
20180603	23.4	0.0	52.8	996.4	1.1
20180604	23.5	0.0	54.9	996.0	1.2
20180605	21.3	3.1	77.0	995.9	1.0
20180606	23.4	0.0	64.6	994.9	1.0
20180607	24.8	0.0	58.9	994.1	1.2
20180608	24.0	0.0	59.5	991.5	1.8
20180609	20.4	0.0	62.5	993.4	3.4
20180610	18.5	0.0	68.4	990.3	2.7
20180611	17.2	2.4	77.3	985.6	1.8
20180612	19.1	0.0	66.9	987.3	1.7
20180613	19.5	0.0	64.8	992.1	2.0
20180614	19.1	0.0	68.3	993.8	2.5
20180615	18.8	0.0	59.6	996.4	2.7
20180616	18.5	0.0	61.5	997.5	2.2
20180617	20.6	0.0	67.1	994.5	0.8
20180618	25.2	0.0	58.9	990.5	1.1
20180619	21.8	0.0	78.5	988.6	1.2
20180620	23.7	0.0	62.9	986.7	1.8
20180621	24.1	0.0	50.0	989.9	2.2
20180622	24.9	0.0	46.6	992.0	1.2
20180623	24.9	0.0	49.3	987.9	2.0
20180624	26.7	0.0	47.8	991.0	2.0
20180625	26.2	0.0	51.8	994.4	0.9
20180626	22.5	5.9	89.8	989.7	1.0
20180627	26.0	37.1	76.1	985.7	1.9
20180628	23.6	0.0	82.3	984.3	1.2
20180629	25.9	0.0	75.5	987.3	1.2
20180630	24.4	0.0	78.9	994.9	1.3
20180701	23.1	39.2	95.0	994.7	1.2
20180702	21.9	98.5	100.0	992.9	0.9
20180703	23.4	0.6	91.3	984.4	1.5
20180704	25.6	2.6	81.8	981.7	2.1
20180705	23.2	1.9	86.4	988.3	1.9
20180706	22.0	0.0	72.6	992.6	2.5
20180707	20.1	0.0	67.6	995.4	3.0
20180708	19.7	0.0	70.3	998.0	2.2
20180709	19.0	10.9	91.6	1000.7	1.3
20180710	24.3	0.0	86.1	999.8	0.9
20180711	27.5	0.0	83.1	999.3	0.8
20180712	28.7	0.0	76.3	996.9	1.6
20180713	28.8	0.0	72.0	995.8	1.5
20180714	29.2	0.0	70.1	994.8	1.5
20180715	29.3	0.0	70.3	995.6	1.3
20180716	29.8	0.0	69.6	995.6	1.5
20180717	29.1	0.0	68.9	995.4	1.5
20180718	28.9	0.0	70.8	995.3	1.1
20180719	29.9	0.0	66.1	994.3	1.3
20180720	30.2	0.0	66.8	993.2	1.3
20180721	31.0	0.0	65.0	992.8	1.1
20180722	30.9	0.0	65.0	993.0	1.4
20180723	30.9	0.0	66.1	992.6	1.1
20180724	32.0	0.0	64.8	991.4	1.4
20180725	31.2	0.0	66.1	991.1	1.6
20180726	31.7	0.0	62.1	990.9	1.4
20180727	31.7	0.0	65.0	990.7	1.6
20180728	29.9	0.3	68.0	990.2	2.2
20180729	29.0	0.0	63.6	987.4	1.6
20180730	29.4	0.0	61.8	989.0	2.8
20180731	29.6	0.0	60.6	989.2	2.2
20180801	30.5	0.0	57.6	988.5	2.1
20180802	30.8	0.0	58.3	990.7	2.0
20180803	31.5	0.0	57.1	992.0	1.5
20180804	31.7	0.0	59.0	991.2	2.2
20180805	30.8	0.0	62.1	990.7	2.6
20180806	28.9	3.6	74.4	991.2	1.4
20180807	28.1	0.0	74.1	992.3	2.1
20180808	28.6	0.0	71.8	990.9	1.8
20180809	28.3	1.8	74.0	988.8	1.8
20180810	26.3	7.0	85.4	988.8	2.0
20180811	26.6	0.0	76.8	990.9	2.3
20180812	28.0	0.0	75.0	992.7	1.3
20180813	31.1	0.0	70.8	994.6	1.3
20180814	31.5	0.0	63.1	994.2	1.5
20180815	29.1	1.4	68.6	991.9	2.3
20180816	26.1	1.0	73.4	994.7	2.3
20180817	24.1	0.0	58.5	997.8	2.8
20180818	23.7	0.0	61.6	995.8	2.0
20180819	25.2	0.0	61.5	994.7	1.7
20180820	26.7	0.0	63.5	991.3	1.6
20180821	28.0	0.0	61.6	988.2	1.4
20180822	29.3	0.0	63.1	990.1	2.4
20180823	28.5	0.5	70.5	985.3	4.0
20180824	26.4	20.6	81.8	981.1	3.3
20180825	25.3	0.0	70.8	993.5	1.8
20180826	20.0	50.7	97.3	997.1	0.9
20180827	22.1	69.9	100.0	996.1	0.8
20180828	24.6	17.5	98.3	996.3	0.6
20180829	27.4	0.0	76.0	994.3	1.2
20180830	26.0	13.8	92.8	993.6	1.2
20180831	21.9	62.1	94.5	994.5	1.1
20180901	22.8	0.0	75.9	996.6	2.0
20180902	20.9	0.2	82.1	995.0	1.3
20180903	23.2	4.0	94.9	987.1	0.8
20180904	23.8	50.8	77.8	981.0	2.3
20180905	22.8	0.0	62.5	986.8	2.5
20180906	22.2	0.0	74.8	989.6	1.0
20180907	21.6	0.2	72.8	989.7	1.6
20180908	19.8	0.0	76.8	997.2	0.9
20180909	20.3	0.0	72.5	1000.3	1.8
20180910	20.2	0.0	65.1	1004.9	2.0
20180911	18.1	0.0	71.1	1005.5	1.9
20180912	20.0	0.0	73.1	1002.6	1.7
20180913	19.0	1.0	93.1	1002.0	0.6
20180914	20.7	6.3	96.8	1000.0	0.7
20180915	21.4	3.4	91.6	998.6	0.8
20180916	22.5	0.0	84.8	998.6	1.2
20180917	22.3	0.0	75.3	1000.4	1.1
20180918	21.0	0.0	74.8	1000.1	1.0
20180919	20.6	0.0	79.9	998.1	0.7
20180920	19.1	6.8	92.8	995.0	1.0
20180921	18.7	21.0	97.3	994.0	0.8
20180922	19.8	0.0	78.0	998.3	1.6
20180923	18.0	0.0	81.0	999.8	1.1
20180924	15.9	0.0	76.0	1002.0	1.1
20180925	15.7	0.0	76.5	1003.2	1.5
20180926	16.4	0.0	71.9	1003.7	1.4
20180927	15.6	0.0	72.9	1002.6	1.5
20180928	15.7	0.0	81.0	1002.9	1.2
20180929	18.2	0.0	77.8	998.1	1.1
20180930	18.5	0.0	62.4	988.3	2.0
20181001	14.7	0.0	64.1	991.4	2.7
20181002	15.0	0.0	71.8	1000.5	1.2
20181003	15.2	0.0	75.3	1005.4	0.9
20181004	17.6	0.0	74.1	1007.8	2.0
20181005	17.4	48.8	98.8	1001.4	0.8
20181006	18.9	43.1	89.1	986.9	2.1
20181007	17.8	0.0	75.1	999.3	1.5
20181008	13.7	0.0	67.4	1002.4	1.0
20181009	14.8	0.0	76.1	1000.7	1.1
20181010	13.5	0.0	68.8	999.5	2.4
20181011	10.1	0.0	56.4	1004.9	2.0
20181012	9.5	0.0	71.4	1008.9	0.9
20181013	12.2	0.0	76.9	1008.6	1.1
20181014	12.5	0.0	77.6	1005.7	0.9
20181015	13.3	0.0	75.8	1003.2	1.0
20181016	11.8	0.0	87.6	1000.0	0.6
20181017	12.1	0.0	85.9	999.2	0.8
20181018	9.6	0.9	87.5	1002.6	0.8
20181019	12.0	0.0	76.0	1007.3	0.9
20181020	10.8	0.0	76.8	1008.9	0.8
20181021	10.1	0.0	78.5	1007.1	0.7
20181022	11.8	0.0	79.4	1004.1	0.7
20181023	13.1	0.0	77.3	1000.8	1.3
20181024	11.1	0.0	73.9	1003.6	0.9
20181025	11.3	0.0	75.8	1004.4	0.9
20181026	10.1	7.8	95.8	996.4	1.1
20181027	9.6	0.0	59.1	997.0	3.5
20181028	8.9	8.2	75.5	994.1	1.7
20181029	8.2	0.0	76.6	996.9	1.5
20181030	6.8	0.0	57.1	1003.5	2.0
20181031	7.1	0.0	63.6	1005.5	1.3
20181101	6.3	0.0	73.1	1009.0	0.9
20181102	7.5	0.0	73.6	1011.1	0.7
20181103	8.4	0.0	73.9	1008.6	0.7
20181104	8.7	0.0	72.8	1005.3	0.7
20181105	9.5	0.0	74.9	1006.6	0.8
20181106	11.8	0.0	80.1	1008.5	0.8
20181107	12.8	1.0	95.8	1008.0	0.4
20181108	13.7	24.7	99.0	998.2	0.7
20181109	12.1	0.0	66.4	1000.5	3.0
20181110	9.4	0.0	82.4	1007.3	1.1
20181111	8.4	0.0	91.0	1005.1	0.8
20181112	9.2	0.0	80.5	1002.1	0.8
20181113	8.9	0.0	82.4	1002.7	0.9
20181114	9.0	0.0	78.9	1006.5	0.9
20181115	7.6	0.0	83.0	1008.3	0.9
20181116	6.6	0.0	87.8	1004.5	0.7
20181117	6.3	0.0	79.0	1005.1	0.7
20181118	5.5	0.0	67.1	1003.8	1.0
20181119	6.4	0.0	64.1	1005.1	0.9
20181120	4.9	0.0	59.5	1007.8	0.8
20181121	4.9	0.0	68.0	1006.3	0.9
20181122	3.4	0.0	52.5	1007.3	2.1
20181123	1.3	0.0	45.4	1011.0	1.3
20181124	-0.1	4.1	84.3	1008.6	0.7
20181125	1.8	0.0	97.6	1007.6	0.6
20181126	2.7	0.0	93.5	1008.2	0.7
20181127	4.9	0.0	90.4	1005.4	0.8
20181128	3.6	0.0	79.8	1006.5	0.6
20181129	3.8	0.0	66.5	1008.8	0.8
20181130	4.4	0.0	56.4	1008.7	1.4
20181201	4.1	0.0	61.6	1010.4	0.6
20181202	6.1	0.0	77.8	1008.2	0.8
20181203	9.8	2.0	95.3	1000.9	0.6
20181204	10.5	11.9	83.4	999.8	2.2
20181205	4.2	0.0	54.4	1007.9	1.4
20181206	4.4	0.5	70.0	1003.9	2.0
20181207	-3.5	0.0	31.5	1011.2	4.2
20181208	-5.9	0.0	39.4	1013.6	2.8
20181209	-5.2	0.0	37.5	1016.8	1.6
20181210	-3.7	0.0	58.9	1016.1	0.6
20181211	-1.2	4.9	89.9	1010.3	0.5
20181212	-2.5	0.0	76.8	1010.5	1.2
20181213	-3.8	0.0	73.6	1011.1	1.5
20181214	-4.0	0.0	60.3	1016.2	1.1
20181215	-4.2	0.0	67.8	1014.5	0.5
20181216	-1.8	0.0	77.6	1003.7	0.6
20181217	1.6	0.0	62.6	1000.0	2.0
20181218	1.2	0.0	62.9	1003.4	1.3
20181219	3.5	0.0	64.5	1003.5	1.2
20181220	1.7	0.0	73.9	1006.4	0.3
20181221	3.1	0.0	69.9	1006.6	0.7
20181222	4.7	0.0	76.4	1005.4	0.6
20181223	5.5	0.3	52.0	1004.8	2.3
20181224	-0.7	0.0	39.5	1008.9	1.8
20181225	-2.3	0.0	63.8	1007.0	0.5
20181226	1.9	0.0	45.4	1005.2	1.8
20181227	-5.5	0.0	23.0	1008.3	3.9
20181228	-7.9	0.0	33.1	1011.8	3.0
20181229	-6.2	0.0	32.4	1015.2	3.1
20181230	-5.6	0.0	43.9	1018.5	1.2
20181231	-5.3	0.0	50.1	1018.1	0.7
20190101	-4.0	0.0	56.9	1014.2	2.2
20190102	-3.0	0.0	43.8	1014.9	2.1
20190103	-2.8	0.0	39.6	1016.3	1.0
20190104	-2.1	0.0	49.3	1012.3	1.3
20190105	-1.2	0.0	50.0	1007.9	1.2
20190106	-3.5	0.0	46.8	1009.9	0.7
20190107	-2.0	0.0	51.4	1009.5	1.6
20190108	-1.0	0.0	38.6	1008.5	3.2
20190109	-4.6	0.0	41.6	1014.5	0.8
20190110	-0.9	0.0	50.9	1007.2	2.1
20190111	0.6	0.0	62.4	1007.9	0.6
20190112	1.3	3.3	93.1	1005.1	0.5
20190113	-0.3	0.0	97.3	1007.8	0.7
20190114	-1.4	0.0	95.4	1008.0	0.7
20190115	-0.2	0.0	63.8	1004.2	2.7
20190116	-4.1	0.0	45.3	1007.4	2.7
20190117	0.2	0.0	48.4	1005.4	2.5
20190118	0.3	0.0	47.4	1009.1	1.2
20190119	1.6	0.0	53.3	1005.1	0.6
20190120	1.3	0.0	38.0	1001.9	3.4
20190121	0.0	0.0	44.0	1003.4	3.3
20190122	2.6	0.0	54.3	1001.6	1.9
20190123	2.4	0.0	51.0	1001.5	2.2
20190124	0.1	0.0	43.4	1006.1	1.0
20190125	-1.3	0.0	43.1	1004.5	2.2
20190126	-2.3	0.0	31.4	1008.2	1.9
20190127	-1.5	0.0	46.9	1008.8	1.4
20190128	2.1	0.0	43.3	1003.5	3.1
20190129	-1.1	0.0	49.5	1009.8	0.7
20190130	2.7	0.0	43.5	1006.6	1.6
20190131	0.9	0.3	55.1	1001.7	2.0
20190201	-1.3	0.0	38.6	1005.3	2.8
20190202	2.1	0.0	54.8	1005.0	1.6
20190203	3.4	11.8	92.8	995.7	1.1
20190204	2.7	0.0	36.6	1006.2	2.9
20190205	1.8	0.0	50.4	1005.0	0.6
20190206	4.5	0.0	57.5	999.3	0.9
20190207	2.8	0.0	49.1	1001.3	2.9
20190208	-1.8	0.0	31.9	1006.6	1.4
20190209	-1.4	0.0	27.3	1007.6	2.7
20190210	-1.8	0.0	40.9	1011.4	0.9
20190211	-0.8	0.0	29.3	1012.0	2.9
20190212	-0.7	0.0	47.8	1015.4	1.2
20190213	0.1	0.0	41.9	1013.5	1.7
20190214	0.7	0.0	58.9	1013.2	1.4
20190215	2.0	0.0	61.3	1005.2	2.2
20190216	-0.6	0.0	52.1	1005.2	3.2
20190217	-0.6	0.0	42.8	1007.6	2.2
20190218	1.5	0.0	39.4	1008.0	0.7
20190219	1.5	18.3	91.9	1001.5	1.4
20190220	1.5	0.0	70.6	1007.2	2.3
20190221	1.3	0.0	72.4	1009.2	0.7
20190222	3.1	0.0	67.4	1004.3	0.7
20190223	4.0	0.0	66.6	1007.3	1.4
20190224	5.0	0.0	60.3	1005.6	1.4
20190225	6.9	0.0	54.8	1003.5	1.2
20190226	5.4	0.0	58.3	1006.6	1.3
20190227	7.2	0.0	67.9	1005.0	1.1
20190228	6.8	0.0	62.4	1001.2	1.0
20190301	5.3	0.0	55.0	1004.3	1.1
20190302	6.2	0.0	59.8	1002.8	1.1
20190303	8.0	0.0	59.1	996.6	1.2
20190304	9.0	0.0	57.3	997.0	1.1
20190305	7.9	0.0	58.1	1003.3	1.3
20190306	10.1	0.0	47.5	998.4	1.3
20190307	7.0	0.8	64.5	1001.7	1.1
20190308	6.0	0.0	55.9	1007.5	1.2
20190309	6.9	0.0	46.3	1004.7	1.1
20190310	5.9	3.7	72.6	997.2	0.9
20190311	5.4	0.0	79.0	992.2	1.5
20190312	5.3	1.4	68.1	993.6	3.6
20190313	2.6	0.0	36.9	1002.2	3.9
20190314	3.9	0.0	41.3	1006.3	1.8
20190315	4.3	7.5	67.8	1001.0	1.5
20190316	4.4	0.0	67.5	1002.9	1.6
20190317	5.3	0.0	56.5	1005.7	1.8
20190318	6.4	0.0	49.4	1002.9	1.2
20190319	11.0	0.0	45.6	999.8	1.4
20190320	10.2	6.8	70.9	995.2	0.9
20190321	9.3	5.2	75.8	990.1	3.3
20190322	5.0	0.0	52.3	1001.0	2.7
20190323	3.0	2.1	59.5	1003.1	2.4
20190324	4.2	0.0	51.4	1003.7	2.6
20190325	7.0	0.0	55.8	1000.8	1.8
20190326	10.0	0.0	48.6	1000.3	2.1
20190327	12.3	0.0	48.8	996.1	3.0
20190328	9.3	0.0	72.5	996.7	2.2
20190329	9.4	0.0	62.4	996.7	1.8
20190330	5.9	5.7	77.3	995.4	3.4
20190331	3.8	0.0	59.6	1001.5	3.5
20190401	4.4	0.0	43.6	1004.8	2.9
20190402	5.6	0.0	47.4	1005.2	1.9
20190403	7.1	0.0	43.8	1005.6	2.1
20190404	10.6	0.0	28.8	1000.4	3.0
20190405	11.4	0.0	38.3	992.7	2.6
20190406	11.8	0.0	33.1	994.8	1.3
20190407	13.6	0.0	48.5	993.1	1.5
20190408	11.3	0.0	44.3	997.7	2.5
20190409	7.0	28.6	59.1	1002.2	2.6
20190410	4.8	10.2	88.4	995.6	1.0
20190411	8.3	0.0	71.6	998.6	1.1
20190412	11.3	0.0	55.5	1001.0	1.3
20190413	11.5	0.0	49.5	1002.8	1.4
20190414	10.1	0.0	53.4	997.9	2.5
20190415	11.7	0.0	38.8	1001.4	2.0
20190416	14.3	0.0	35.3	1000.4	1.4
20190417	16.6	0.0	34.9	995.4	1.2
20190418	16.5	0.0	50.0	994.6	2.4
20190419	10.7	0.0	61.4	1001.5	2.6
20190420	14.3	0.0	58.9	998.0	1.7
20190421	18.0	0.0	62.6	996.1	2.1
20190422	17.0	0.0	62.0	999.7	2.2
20190423	16.5	3.0	69.1	997.8	1.1
20190424	17.3	12.0	87.8	990.5	0.9
20190425	14.1	1.0	66.8	992.3	2.9
20190426	8.9	10.4	91.1	996.1	1.1
20190427	11.5	0.0	61.1	1004.6	1.3
20190428	10.7	0.0	69.6	1004.4	1.0
20190429	9.9	21.0	88.9	998.6	0.8
20190430	14.8	0.0	81.0	992.5	1.0
20190501	16.0	0.0	65.5	989.3	1.8
20190502	16.6	0.0	50.3	994.7	1.9
20190503	17.7	0.0	46.0	999.8	1.3
20190504	18.5	0.0	53.3	1001.3	1.1
20190505	19.7	0.0	45.8	998.8	1.6
20190506	13.6	0.0	53.6	998.8	1.9
20190507	13.2	0.0	48.3	999.5	1.7
20190508	16.0	0.0	38.9	995.9	2.2
20190509	17.7	0.0	36.5	993.6	2.1
20190510	18.0	0.0	42.5	996.3	1.2
20190511	19.9	0.0	42.1	997.2	1.3
20190512	18.8	0.0	46.1	1000.2	2.1
20190513	18.2	0.0	55.8	998.7	1.1
20190514	21.0	0.0	55.1	996.2	1.4
20190515	21.2	0.0	58.4	996.6	1.2
20190516	21.9	0.0	56.0	996.0	1.1
20190517	22.0	0.0	50.6	997.0	1.7
20190518	17.5	18.1	81.3	997.9	1.8
20190519	19.2	5.2	81.1	994.6	1.3
20190520	16.8	3.9	63.0	988.3	2.9
20190521	16.2	0.0	48.1	989.9	2.3
20190522	18.7	0.0	43.0	990.0	2.0
20190523	19.8	0.0	52.5	992.4	1.6
20190524	22.8	0.0	57.3	995.1	1.0
20190525	23.5	0.0	51.0	998.5	1.6
20190526	24.2	0.0	41.1	998.5	1.7
20190527	18.6	22.3	83.1	989.8	2.0
20190528	17.1	0.0	56.8	993.8	2.5
20190529	19.5	0.0	43.9	993.3	2.0
20190530	19.9	0.0	45.6	994.8	2.0
20190531	19.0	0.0	57.9	993.6	2.5
20190601	18.2	0.0	63.5	993.8	1.2
20190602	20.4	0.0	58.9	990.9	1.2
20190603	22.4	0.0	54.4	991.7	1.0
20190604	24.1	0.0	53.4	992.2	1.3
20190605	24.6	0.0	53.6	994.8	1.4
20190606	22.7	16.0	67.6	994.1	1.1
20190607	18.6	19.5	81.6	986.9	1.3
20190608	20.9	0.0	66.8	992.1	1.4
20190609	18.4	0.0	67.1	990.9	2.8
20190610	18.1	0.0	63.6	991.5	1.6
20190611	18.1	0.0	65.8	992.8	1.3
20190612	19.7	0.0	64.8	994.3	1.4
20190613	22.0	0.0	58.9	993.7	1.1
20190614	20.4	0.0	69.0	989.5	0.9
20190615	20.5	0.5	71.8	983.6	1.3
20190616	19.6	0.0	71.8	991.1	1.6
20190617	22.0	0.0	61.8	995.4	1.8
20190618	21.4	0.0	70.1	994.1	1.8
20190619	22.7	0.0	68.1	990.9	1.7
20190620	24.0	0.0	63.8	990.1	1.6
20190621	23.7	0.5	64.3	989.2	2.2
20190622	21.4	0.0	59.6	991.0	2.3
20190623	20.5	0.0	63.3	992.7	1.5
20190624	22.5	0.0	61.3	996.6	1.8
20190625	24.4	0.0	57.9	998.5	1.6
20190626	20.5	30.8	81.8	993.8	0.9
20190627	23.4	11.0	85.6	985.1	0.8
20190628	23.4	0.0	80.3	986.4	1.7
20190629	21.3	10.4	88.9	982.8	0.9
20190630	23.6	0.0	78.5	984.6	1.7
20190701	22.8	0.0	75.1	989.4	1.5
20190702	23.1	0.0	66.3	992.5	1.7
20190703	22.4	0.0	73.6	991.9	0.9
20190704	24.5	0.0	65.6	990.1	1.0
20190705	25.7	0.0	57.9	987.8	1.7
20190706	24.4	0.0	57.5	990.0	2.4
20190707	22.8	0.0	61.6	992.7	2.9
20190708	20.8	0.0	70.6	992.3	2.0
20190709	21.3	0.0	68.6	991.7	2.2
20190710	20.6	11.2	79.9	991.1	1.6
20190711	23.0	1.7	82.0	987.1	2.0
20190712	23.4	0.0	70.4	989.9	2.2
20190713	23.8	0.0	71.4	986.1	0.9
20190714	24.7	0.0	68.4	986.9	1.9
20190715	22.1	1.4	83.1	992.4	1.2
20190716	24.2	0.0	70.9	995.5	1.7
20190717	24.6	0.0	72.1	996.0	1.1
20190718	24.1	3.9	79.1	994.1	1.0
20190719	25.3	0.0	78.8	992.2	1.3
20190720	24.2	25.4	87.9	987.0	3.2
20190721	24.5	28.9	87.0	986.8	2.0
20190722	27.2	0.0	75.8	990.1	1.8
20190723	28.5	0.0	71.9	989.4	1.6
20190724	27.0	0.0	79.5	989.2	1.4
20190725	25.3	23.9	92.4	990.1	0.6
20190726	26.9	3.8	85.9	988.9	1.0
20190727	27.2	2.2	83.9	990.9	1.1
20190728	26.2	4.3	88.5	993.8	1.1
20190729	27.7	0.0	78.6	994.2	1.0
20190730	28.4	0.0	75.1	992.5	1.5
20190731	29.0	0.0	73.0	994.0	1.7
20190801	28.9	0.0	71.4	995.7	1.7
20190802	29.3	0.0	69.4	995.7	1.2
20190803	28.5	1.2	72.9	995.7	1.1
20190804	29.0	0.0	71.0	995.1	1.1
20190805	29.4	0.0	66.8	994.3	1.7
20190806	25.6	18.7	77.3	991.3	1.5
20190807	26.9	10.0	81.9	989.4	1.8
20190808	26.4	10.2	83.1	992.9	1.1
20190809	27.8	0.0	76.4	992.1	1.0
20190810	28.0	0.0	71.6	991.8	2.2
20190811	28.3	0.0	69.1	988.9	3.1
20190812	28.9	0.0	72.4	986.7	1.5
20190813	28.8	0.0	70.3	987.8	1.6
20190814	27.8	0.0	71.8	984.7	1.6
20190815	25.3	5.4	90.6	975.5	1.2
20190816	26.2	1.1	77.1	979.7	2.3
20190817	26.2	0.0	70.1	986.3	1.7
20190818	25.5	0.0	64.6	991.0	1.5
20190819	25.0	0.0	69.9	994.0	1.8
20190820	25.3	0.0	64.1	995.2	2.2
20190821	25.9	1.8	73.6	993.3	1.2
20190822	24.6	43.1	83.4	990.5	1.1
20190823	24.0	0.0	70.9	992.6	1.5
20190824	21.9	0.0	76.5	995.1	1.2
20190825	22.9	0.0	73.8	997.1	0.9
20190826	24.0	0.0	74.3	996.8	1.0
20190827	20.4	33.3	90.1	992.8	0.7
20190828	22.0	1.3	88.6	991.5	0.7
20190829	21.6	0.0	88.3	991.2	0.8
20190830	22.1	0.0	72.0	992.9	1.9
20190831	21.8	0.0	72.3	997.8	1.2
20190901	21.9	0.0	79.3	1001.4	0.7
20190902	20.9	6.2	83.9	1001.5	0.8
20190903	20.8	6.8	93.0	1000.3	0.5
20190904	23.2	17.2	91.1	998.3	0.5
20190905	24.3	29.5	89.5	996.9	1.0
20190906	25.5	0.0	82.9	994.4	1.6
20190907	26.8	0.1	74.0	987.2	4.0
20190908	24.8	0.0	81.3	992.5	1.0
20190909	24.0	1.3	86.9	995.2	0.7
20190910	26.1	0.1	75.4	996.9	1.0
20190911	22.4	0.9	83.4	999.8	1.8
20190912	20.2	0.0	73.4	1002.0	1.6
20190913	20.0	0.0	73.1	998.8	1.5
20190914	20.6	0.0	79.6	996.0	1.0
20190915	22.9	0.0	74.6	994.9	1.9
20190916	21.5	0.0	64.5	995.4	1.2
20190917	20.2	0.0	65.3	999.2	1.4
20190918	21.7	0.0	62.1	999.5	1.5
20190919	19.9	0.0	63.0	1002.1	1.2
20190920	18.3	0.0	72.4	1002.3	1.1
20190921	16.8	31.2	87.0	1003.5	0.7
20190922	16.3	63.1	88.4	995.9	1.3
20190923	17.0	0.0	80.4	997.5	0.7
20190924	17.2	0.0	78.9	1002.6	0.9
20190925	17.4	0.0	78.8	1006.5	1.0
20190926	18.8	0.0	80.1	1008.7	1.0
20190927	20.7	0.0	73.8	1006.9	1.1
20190928	22.8	0.0	78.5	1002.3	0.9
20190929	22.2	0.0	77.8	1000.2	0.9
20190930	21.3	0.0	81.0	1001.1	0.7
20191001	22.4	0.0	86.1	1002.7	0.6
20191002	20.4	94.4	95.1	996.4	0.9
20191003	20.8	33.8	86.9	987.8	2.2
20191004	20.6	0.0	82.5	997.1	0.9
20191005	19.4	0.0	76.4	999.9	1.9
20191006	15.5	0.0	67.5	1007.8	1.7
20191007	13.9	4.3	90.0	1002.1	0.7
20191008	15.2	0.0	69.6	1000.8	1.9
20191009	12.1	0.0	69.8	1003.1	0.8
20191010	13.6	0.0	79.6	999.8	0.8
20191011	17.0	0.0	73.0	998.7	1.1
20191012	16.9	0.0	62.3	1000.6	1.5
20191013	14.4	0.0	69.5	1006.8	1.4
20191014	14.0	0.0	78.9	1007.9	1.0
20191015	13.2	0.0	70.0	1012.4	2.3
20191016	11.7	0.0	81.5	1010.0	0.8
20191017	13.2	0.0	78.0	1008.7	1.3
20191018	13.8	0.1	83.5	1006.3	0.8
20191019	16.1	0.0	78.9	1004.0	0.8
20191020	13.3	0.0	84.4	1005.5	0.6
20191021	14.2	0.0	80.1	1002.8	1.2
20191022	14.5	0.0	75.4	1002.1	1.2
20191023	13.7	0.0	82.5	1003.3	0.7
20191024	16.5	0.4	71.5	1002.5	0.9
20191025	16.2	0.0	73.3	1000.4	1.0
20191026	12.9	0.0	59.6	1000.6	2.3
20191027	9.7	0.0	64.5	1002.5	1.2
20191028	9.3	0.0	75.5	1000.5	0.7
20191029	11.4	0.0	69.4	999.1	1.6
20191030	9.6	0.0	66.6	1004.6	1.2
20191031	11.1	0.0	74.0	1004.5	1.1
20191101	13.5	0.0	72.8	1005.2	0.6
20191102	12.6	0.0	83.1	1004.2	0.7
20191103	12.7	3.5	81.5	1003.5	0.8
20191104	11.9	0.0	73.0	1006.0	0.8
20191105	9.8	0.0	78.0	1002.7	1.1
20191106	9.2	0.0	77.9	1000.3	0.6
20191107	10.4	0.0	61.8	1000.1	1.4
20191108	6.1	0.0	65.1	1003.8	0.7
20191109	6.5	0.0	64.5	1004.5	0.7
20191110	6.2	8.1	76.9	997.0	0.7
20191111	10.2	0.1	78.1	994.3	1.9
20191112	7.4	0.0	82.4	1004.5	0.6
20191113	6.9	0.8	82.9	1000.8	1.0
20191114	2.3	0.0	37.8	1006.3	2.9
20191115	3.6	0.5	64.9	1003.5	0.8
20191116	9.1	1.2	84.0	1003.9	0.5
20191117	7.7	17.5	96.8	1003.1	0.7
20191118	7.5	2.7	65.3	1000.0	3.5
20191119	2.6	0.0	51.4	1007.2	3.4
20191120	1.3	0.0	53.8	1013.6	1.0
20191121	2.7	0.0	58.5	1015.6	0.5
20191122	8.1	0.0	71.0	1011.9	0.9
20191123	8.9	0.0	82.8	1008.4	0.7
20191124	11.9	0.1	76.6	1002.5	1.3
20191125	6.7	0.0	68.9	1011.1	2.5
20191126	7.8	0.0	69.8	1012.6	0.8
20191127	5.4	0.0	66.8	1009.4	1.3
20191128	3.8	0.0	74.6	1012.1	1.0
20191129	2.6	0.0	64.6	1013.5	0.9
20191130	3.8	0.0	72.5	1011.9	0.6
20191201	5.8	9.9	79.4	1004.6	0.7
20191202	2.6	0.0	52.8	1002.9	4.1
20191203	1.3	0.0	62.4	1008.1	2.0
20191204	3.8	0.0	57.3	1011.1	1.6
20191205	-0.6	0.0	39.0	1016.3	3.0
20191206	-4.2	0.0	41.9	1016.6	1.5
20191207	-2.3	0.0	63.9	1012.4	1.2
20191208	-1.5	0.0	70.5	1011.3	0.5
20191209	-0.7	0.0	73.5	1007.8	0.4
20191210	2.1	0.0	82.1	1004.4	0.4
20191211	3.8	0.0	73.3	1000.6	2.1
20191212	0.5	0.0	39.9	1010.3	2.4
20191213	-1.2	0.0	54.3	1010.4	0.6
20191214	1.9	0.0	58.6	1010.2	1.0
20191215	2.7	0.0	71.8	1013.3	0.6
20191216	4.2	0.0	78.5	1007.4	0.5
20191217	5.7	0.0	83.9	999.4	1.0
20191218	4.5	0.0	67.1	1004.9	2.0
20191219	1.2	0.0	50.6	1007.0	2.4
20191220	0.1	0.0	48.5	1011.3	1.6
20191221	-1.8	0.0	64.4	1010.8	0.7
20191222	0.0	0.0	73.9	1004.8	0.4
20191223	1.3	0.0	73.4	1004.7	1.1
20191224	-0.5	0.0	72.3	1010.1	0.3
20191225	1.9	0.0	62.1	1006.4	0.6
20191226	1.3	1.6	71.4	999.2	1.1
20191227	-0.9	0.0	50.5	1006.6	2.4
20191228	-1.9	0.0	61.6	1012.2	0.4
20191229	-0.8	6.8	77.4	1010.7	0.2
20191230	2.9	1.5	84.6	1005.2	1.3
20191231	-4.9	0.0	42.5	1013.6	4.1
20200101	-2.6	0.0	60.0	1013.9	2.1
20200102	-0.3	0.0	72.4	1011.6	1.6
20200103	1.2	0.0	59.4	1008.5	2.0
20200104	0.1	0.0	61.8	1008.1	1.3
20200105	-0.7	0.0	66.0	1013.7	0.4
20200106	0.4	6.1	83.4	1010.8	0.3
20200107	5.7	35.4	98.3	995.4	0.2
20200108	5.8	4.9	76.3	995.9	4.0
20200109	0.6	0.0	64.9	1005.3	2.9
20200110	-0.8	0.0	71.6	1006.0	0.6
20200111	0.1	0.0	66.6	1002.3	1.1
20200112	-0.2	0.0	62.1	1000.0	2.2
20200113	-0.7	0.0	54.3	1004.5	2.9
20200114	-0.7	0.0	47.3	1007.8	1.4
20200115	-2.3	0.0	54.9	1010.3	1.3
20200116	-2.3	0.0	55.9	1008.9	0.5
20200117	-1.5	0.0	62.8	1005.5	0.5
20200118	1.0	0.0	52.8	1003.5	1.0
20200119	1.1	0.0	59.5	1001.8	1.8
20200120	1.6	0.0	56.9	1004.6	2.7
20200121	-0.6	0.0	46.1	1012.6	0.9
20200122	1.1	0.0	56.3	1008.9	0.2
20200123	3.4	3.8	91.1	1006.4	0.4
20200124	4.5	0.0	79.5	1012.9	1.2
20200125	5.4	0.0	75.1	1013.0	0.7
20200126	4.8	0.0	73.5	1010.5	1.8
20200127	5.7	0.0	72.0	1002.7	2.3
20200128	6.1	0.0	68.1	1000.3	1.0
20200129	4.9	0.0	63.8	998.7	0.8
20200130	3.2	0.3	73.3	998.1	1.0
20200131	2.3	0.0	79.0	1002.7	1.0
20200201	1.0	0.0	71.0	1007.0	1.4
20200202	1.2	0.0	64.9	1007.8	1.2
20200203	0.8	0.0	47.9	1008.4	2.3
20200204	-0.5	0.0	50.3	1008.6	1.4
20200205	-3.7	0.0	32.5	1011.2	3.4
20200206	-5.1	0.0	49.5	1015.6	0.9
20200207	-2.8	0.0	55.3	1010.9	1.7
20200208	0.6	0.0	50.3	1008.5	2.1
20200209	-0.8	0.0	50.9	1007.6	1.7
20200210	3.2	0.0	50.9	1006.6	1.7
20200211	3.9	0.0	52.6	1011.2	0.7
20200212	4.9	14.6	87.0	1001.2	0.5
20200213	8.6	0.0	77.6	1001.4	1.8
20200214	7.1	0.0	72.6	1004.0	0.7
20200215	9.1	0.4	74.6	1002.5	1.3
20200216	2.2	3.8	72.5	994.2	4.3
20200217	-4.0	0.6	59.3	999.0	4.1
20200218	-2.7	0.0	46.1	1008.7	2.8
20200219	1.8	0.0	48.9	1012.4	1.3
20200220	4.3	0.0	58.3	1016.2	0.7
20200221	5.6	0.0	60.1	1013.5	0.8
20200222	5.9	0.7	53.1	1006.4	4.4
20200223	2.8	0.0	43.0	1011.2	2.4
20200224	5.9	0.0	42.3	1007.4	1.0
20200225	5.1	38.5	91.0	1001.9	0.9
20200226	6.5	0.0	79.0	1006.1	1.5
20200227	4.5	0.0	65.0	1011.8	1.4
20200228	2.2	0.0	86.0	1007.1	0.6
20200229	6.1	0.0	80.3	1001.6	0.7
20200301	7.6	0.0	73.3	1001.5	1.1
20200302	5.5	0.0	52.6	1005.1	2.8
20200303	5.5	0.0	68.3	1007.6	1.4
20200304	3.8	0.0	50.8	1003.3	4.3
20200305	1.8	0.0	46.0	1007.0	2.3
20200306	2.9	0.0	48.5	1005.3	0.8
20200307	4.5	0.0	57.3	1002.0	0.7
20200308	7.7	0.0	64.5	1002.3	1.1
20200309	8.2	0.0	71.5	998.1	1.0
20200310	7.6	6.8	87.5	989.3	2.2
20200311	4.5	0.0	43.5	999.6	3.6
20200312	6.7	0.0	43.3	1004.8	1.4
20200313	7.4	0.0	39.1	1002.8	2.5
20200314	4.7	0.0	35.5	997.8	3.2
20200315	4.5	0.0	47.9	993.7	4.0
20200316	4.6	0.0	39.8	1003.8	2.2
20200317	6.3	0.0	56.4	999.1	1.9
20200318	9.0	0.0	50.6	997.4	1.2
20200319	7.5	0.0	47.9	989.8	4.0
20200320	9.7	0.0	32.0	996.7	3.2
20200321	12.7	0.0	45.8	994.9	1.3
20200322	12.8	0.0	52.9	995.9	2.0
20200323	8.8	0.0	52.9	1000.4	2.1
20200324	9.4	0.0	50.0	1004.2	1.4
20200325	11.2	0.0	53.1	1004.3	0.9
20200326	13.2	1.1	69.0	1000.1	0.9
20200327	12.7	3.1	81.3	995.6	1.8
20200328	7.0	0.0	59.8	1003.5	1.5
20200329	6.4	0.0	67.4	1005.6	1.9
20200330	10.2	0.0	60.5	1004.0	1.3
20200331	11.7	0.0	57.3	1000.5	1.1
20200401	11.8	0.0	51.6	996.5	1.7
20200402	10.2	0.0	42.9	1004.3	1.8
20200403	11.5	0.0	26.3	1003.2	2.2
20200404	9.2	0.0	42.0	1001.3	2.5
20200405	6.9	0.0	41.4	1004.5	1.6
20200406	9.0	0.0	39.4	1003.0	1.9
20200407	12.9	0.0	35.9	998.0	2.7
20200408	10.1	0.0	38.4	1000.2	3.1
20200409	8.4	0.0	52.6	1005.0	2.1
20200410	10.2	0.0	50.3	1008.3	1.8
20200411	9.8	0.0	50.8	1002.5	1.2
20200412	7.2	0.1	66.6	997.1	1.8
20200413	8.2	0.0	48.3	996.5	1.5
20200414	11.9	0.0	36.1	999.1	1.9
20200415	13.3	0.0	41.1	997.8	1.6
20200416	12.1	0.0	58.9	1002.8	2.6
20200417	10.6	6.5	80.6	998.1	1.2
20200418	12.5	1.1	69.6	999.0	1.8
20200419	9.9	14.3	79.9	999.0	1.8
20200420	10.9	0.1	72.9	993.6	2.9
20200421	8.7	0.0	43.6	996.3	4.4
20200422	6.5	0.0	41.6	998.1	4.6
20200423	8.2	0.0	40.8	998.1	3.9
20200424	10.0	0.0	37.4	997.6	3.3
20200425	13.5	0.0	43.3	993.6	3.0
20200426	12.0	0.0	50.5	1000.1	2.6
20200427	11.0	0.0	56.4	1003.0	1.9
20200428	13.2	0.0	47.8	1002.9	2.1
20200429	16.4	0.0	41.3	1002.3	1.4
20200430	17.9	0.0	45.5	999.1	2.0
20200501	22.4	0.0	56.0	996.4	2.1
20200502	22.4	0.0	59.0	994.7	1.6
20200503	18.4	1.5	80.0	991.3	0.9
20200504	20.6	0.0	69.0	991.7	2.6
20200505	15.7	2.0	74.1	995.9	1.5
20200506	16.7	0.0	65.5	998.4	2.3
20200507	15.0	0.0	50.8	1003.4	2.4
20200508	17.5	2.0	53.0	999.6	1.5
20200509	15.2	31.3	93.5	990.9	1.3
20200510	15.9	0.0	81.0	990.1	2.6
20200511	18.8	0.0	56.6	991.0	2.4
20200512	17.1	0.0	50.0	988.3	3.4
20200513	16.5	0.0	47.6	998.7	2.7
20200514	18.0	0.0	49.1	1000.6	0.9
20200515	14.4	18.4	84.9	995.1	1.4
20200516	17.9	0.0	82.1	990.4	1.1
20200517	21.2	0.0	70.5	989.1	1.1
20200518	18.6	11.2	77.5	984.9	3.4
20200519	13.5	4.5	76.3	983.2	2.3
20200520	12.4	0.0	69.3	994.7	1.1
20200521	14.4	0.0	70.6	999.3	1.7
20200522	16.3	0.0	66.5	998.4	1.8
20200523	18.1	0.0	63.3	996.0	1.2
20200524	18.8	1.0	71.9	993.3	1.7
20200525	18.4	0.0	70.1	994.9	1.5
20200526	19.6	0.0	64.0	991.9	1.6
20200527	19.2	0.0	53.0	991.9	2.0
20200528	18.5	0.0	52.5	993.2	1.6
20200529	19.1	0.0	51.5	998.9	1.4
20200530	20.8	0.0	52.6	1001.0	1.4
20200531	21.3	0.0	59.1	995.5	1.2
20200601	21.6	0.0	48.1	992.7	3.5
20200602	20.3	0.0	45.9	991.6	1.2
20200603	22.7	0.0	58.6	987.7	1.3
20200604	25.2	0.0	55.8	987.5	1.9
20200605	24.4	0.0	61.6	990.8	2.0
20200606	21.7	0.0	54.1	994.1	2.8
20200607	22.5	0.0	52.0	996.0	1.3
20200608	25.2	0.0	54.3	998.1	1.3
20200609	27.7	0.0	51.3	997.7	1.2
20200610	26.5	7.3	60.5	993.0	1.4
20200611	25.2	34.3	72.8	987.5	1.3
20200612	23.9	9.7	83.4	989.4	0.9
20200613	24.1	8.1	77.1	989.2	1.1
20200614	24.5	12.1	75.3	987.4	2.4
20200615	23.5	0.0	61.4	990.0	2.4
20200616	22.4	0.0	57.5	990.3	1.6
20200617	22.5	0.0	60.6	989.9	1.0
20200618	20.3	0.0	71.6	987.8	1.4
20200619	22.0	0.0	66.9	990.5	1.5
20200620	22.9	0.0	65.3	994.8	1.6
20200621	23.5	0.0	60.4	992.6	2.0
20200622	24.6	0.0	54.6	992.6	1.4
20200623	25.5	0.0	54.5	993.5	2.0
20200624	21.8	6.7	75.8	990.1	1.7
20200625	21.2	1.1	91.0	986.7	0.7
20200626	23.2	0.0	71.5	990.2	2.3
20200627	23.1	0.0	75.8	989.3	1.0
20200628	24.3	0.0	69.0	988.4	1.7
20200629	21.9	39.5	80.4	987.6	2.2
20200630	20.9	4.6	87.9	976.0	2.4
20200701	19.9	0.3	81.6	988.6	1.7
20200702	22.3	0.0	70.5	995.6	1.3
20200703	19.8	0.8	75.6	995.9	1.5
20200704	21.4	1.9	76.0	991.3	1.0
20200705	22.8	0.0	73.8	988.7	1.1
20200706	22.4	63.7	83.3	986.0	1.0
20200707	24.1	0.0	80.4	987.7	1.4
20200708	24.6	0.0	72.6	988.8	1.4
20200709	24.8	0.0	70.9	989.4	2.3
20200710	23.8	14.7	83.0	986.3	1.5
20200711	25.1	0.0	73.9	990.8	1.2
20200712	20.2	13.0	82.1	995.5	2.2
20200713	18.7	79.3	86.9	988.9	1.8
20200714	19.5	0.1	87.3	987.4	0.8
20200715	19.6	1.8	83.0	990.2	1.1
20200716	21.9	0.0	71.4	991.4	1.4
20200717	22.6	0.0	66.8	993.2	1.5
20200718	21.8	0.0	72.0	994.3	1.3
20200719	22.1	0.0	84.4	992.4	1.0
20200720	25.6	8.6	80.3	990.6	2.2
20200721	26.0	0.0	70.5	995.6	1.6
20200722	22.4	29.4	89.5	994.6	0.8
20200723	20.3	53.6	90.5	992.1	2.7
20200724	21.1	17.1	87.6	982.9	1.6
20200725	21.6	19.4	89.3	986.9	1.1
20200726	22.3	5.5	87.9	991.9	1.0
20200727	22.1	3.4	88.6	993.5	1.1
20200728	22.1	17.7	91.1	995.5	1.0
20200729	22.4	16.6	92.3	997.6	0.6
20200730	22.4	65.2	92.6	998.4	1.0
20200731	25.1	0.0	86.1	997.9	1.1
20200801	26.2	6.8	83.9	995.6	1.0
20200802	26.5	3.2	85.6	993.4	0.8
20200803	26.4	0.1	79.3	993.6	1.4
20200804	26.9	28.9	81.4	996.3	1.3
20200805	26.1	1.0	88.4	997.0	0.7
20200806	25.5	21.0	88.5	991.0	1.9
20200807	22.4	26.0	92.6	991.6	0.7
20200808	22.6	53.4	96.1	988.6	0.6
20200809	26.7	2.5	79.8	989.1	1.4
20200810	24.9	62.9	92.1	989.2	1.0
20200811	25.5	19.9	90.6	994.2	0.9
20200812	26.2	2.4	90.5	997.0	0.9
20200813	28.4	0.0	81.5	994.2	1.1
20200814	28.7	0.0	76.6	990.7	1.9
20200815	28.1	0.0	79.3	993.1	1.5
20200816	27.5	0.0	79.4	995.3	1.4
20200817	27.3	0.0	79.5	997.7	1.3
20200818	27.5	0.0	78.5	996.7	1.2
20200819	27.3	0.0	76.1	995.0	1.3
20200820	27.4	0.0	73.4	996.5	1.3
20200821	26.7	0.0	74.9	998.5	1.6
20200822	25.9	25.6	77.5	996.9	1.6
20200823	25.4	11.8	79.0	992.8	1.1
20200824	26.7	0.0	77.9	990.2	1.1
20200825	28.2	0.0	77.0	990.2	1.2
20200826	28.0	2.6	76.1	988.8	3.0
20200827	28.5	4.9	76.0	988.3	2.1
20200828	27.5	16.7	81.8	992.1	1.1
20200829	27.0	6.3	84.3	993.9	1.1
20200830	26.5	4.4	83.8	995.7	0.9
20200831	24.6	0.0	77.5	997.9	2.1
20200901	24.3	0.0	80.4	994.6	1.1
20200902	24.7	25.0	87.8	986.4	1.2
20200903	24.0	39.7	73.8	979.8	4.6
20200904	21.9	0.0	72.4	997.2	1.1
20200905	19.8	0.9	84.5	998.6	1.0
20200906	19.4	9.3	86.0	992.4	0.9
20200907	21.1	37.3	80.4	974.6	2.9
20200908	23.2	0.0	67.0	993.9	2.5
20200909	21.3	3.0	80.3	994.6	1.1
20200910	21.1	0.0	84.1	994.0	0.8
20200911	20.6	1.0	80.5	999.0	1.2
20200912	19.1	5.7	85.1	998.8	0.8
20200913	20.2	0.0	77.1	999.2	0.9
20200914	20.6	0.0	78.0	998.4	1.2
20200915	21.4	0.0	76.6	997.4	1.3
20200916	20.7	0.2	84.9	994.5	0.8
20200917	20.4	2.2	87.8	994.2	1.0
20200918	19.2	0.0	72.5	997.0	1.6
20200919	17.8	0.0	79.6	999.5	1.1
20200920	17.4	0.0	66.4	1000.6	1.6
20200921	16.6	0.0	70.4	1002.6	1.3
20200922	16.4	0.0	72.9	1003.1	1.5
20200923	16.9	0.0	72.6	1002.0	1.4
20200924	18.0	0.0	73.6	999.0	1.2
20200925	17.8	0.0	73.5	996.6	1.0
20200926	17.5	0.0	72.0	999.9	1.0
20200927	17.2	0.0	72.5	1002.8	1.2
20200928	16.5	0.0	75.4	1001.3	1.0
20200929	16.7	0.0	79.3	995.7	0.9
20200930	17.5	0.0	72.4	995.0	1.1
20201001	18.3	0.0	71.4	998.3	1.4
20201002	19.3	0.0	73.6	999.2	1.2
20201003	18.3	0.7	85.1	999.2	0.7
20201004	17.6	0.0	74.0	995.5	1.7
20201005	13.0	0.0	55.4	1000.7	2.2
20201006	12.7	0.0	67.5	1005.5	0.9
20201007	14.9	0.0	73.3	1009.6	1.3
20201008	15.9	0.0	60.1	1010.6	2.1
20201009	16.5	0.0	59.1	1007.3	2.4
20201010	15.4	0.0	68.3	1003.6	1.2
20201011	13.9	0.0	77.3	1000.6	0.6
20201012	15.3	0.0	77.0	998.6	0.9
20201013	12.9	0.0	65.8	1003.7	1.4
20201014	10.3	0.0	77.3	1008.0	0.8
20201015	10.6	0.0	71.6	1008.7	0.7
20201016	10.8	0.0	83.3	1007.1	0.6
20201017	11.4	0.0	73.6	1006.5	0.8
20201018	10.2	0.0	70.0	1007.2	1.0
20201019	11.3	0.0	70.5	1008.6	0.7
20201020	12.2	0.0	72.4	1010.0	0.9
20201021	11.3	0.8	85.1	1003.9	0.8
20201022	11.3	0.0	84.1	996.9	1.3
20201023	8.9	0.0	51.4	997.0	2.6
20201024	8.2	0.0	45.9	1000.5	2.9
20201025	11.2	0.0	60.0	1002.9	1.8
20201026	10.2	0.0	70.0	1003.5	0.7
20201027	10.9	0.0	73.9	1004.5	0.8
20201028	13.3	0.0	60.5	1005.1	1.3
20201029	9.4	0.0	62.3	1007.0	0.7
20201030	9.7	0.0	71.3	1009.4	1.4
20201031	9.6	0.0	75.4	1009.2	0.9
20201101	10.4	1.9	89.4	1004.7	0.6
20201102	10.5	0.1	65.3	1003.3	1.3
20201103	5.6	0.0	45.0	1003.2	3.2
20201104	4.0	0.0	39.1	1007.7	2.1
20201105	6.3	0.0	54.3	1010.8	0.6
20201106	10.3	0.0	59.9	1005.7	0.5
20201107	12.1	0.0	59.0	1001.4	1.9
20201108	9.1	0.0	41.0	1003.9	2.5
20201109	5.8	0.0	39.0	1008.0	2.1
20201110	6.3	0.0	48.6	1011.0	1.1
20201111	5.9	0.0	56.0	1015.6	0.7
20201112	6.9	0.0	62.3	1013.9	0.7
20201113	8.2	0.0	67.0	1011.9	0.7
20201114	9.8	0.0	73.4	1013.7	1.3
20201115	9.7	0.0	74.0	1010.6	1.1
20201116	11.0	0.0	70.3	1010.3	1.0
20201117	12.9	0.5	81.5	1009.0	0.8
20201118	15.9	0.4	88.0	1002.4	0.6
20201119	15.9	30.6	82.9	992.4	2.6
20201120	6.0	0.0	72.5	1000.7	3.5
20201121	3.9	0.0	82.9	1008.2	0.6
20201122	6.9	1.5	78.8	1004.5	2.1
20201123	3.1	0.0	55.9	1009.7	2.1
20201124	2.5	0.0	64.4	1011.0	0.7
20201125	3.0	0.0	67.9	1009.8	1.2
20201126	5.2	0.0	73.1	1009.6	0.7
20201127	5.2	0.0	63.0	1007.4	2.7
20201128	1.6	0.0	46.6	1010.3	2.5
20201129	1.4	0.0	56.8	1011.7	2.5
20201130	0.5	0.0	53.8	1016.5	1.9
20201201	0.0	0.0	53.4	1017.4	0.7
20201202	2.1	0.0	51.0	1012.5	1.1
20201203	1.5	0.0	48.0	1011.1	2.1
20201204	-0.8	0.0	49.6	1012.3	1.3
20201205	0.3	0.0	62.9	1012.6	1.2
20201206	1.6	0.0	66.4	1011.0	1.1
20201207	1.9	0.0	64.3	1010.1	1.6
20201208	-0.3	0.0	43.5	1010.9	1.3
20201209	-0.8	0.0	50.1	1009.5	0.7
20201210	4.2	0.0	58.3	1005.5	0.9
20201211	3.7	0.0	65.1	1002.6	0.9
20201212	3.3	0.0	45.8	1001.0	2.3
20201213	-1.8	0.8	68.3	1001.5	1.4
20201214	-5.7	0.0	36.8	1009.2	3.6
20201215	-6.8	0.0	28.0	1011.7	3.3
20201216	-6.3	0.0	28.0	1011.7	2.9
20201217	-5.9	0.0	38.5	1012.7	2.0
20201218	-2.4	0.0	54.3	1010.1	1.8
20201219	-4.2	0.0	37.9	1014.0	2.6
20201220	-4.3	0.0	44.5	1014.2	1.4
20201221	-2.6	0.0	57.8	1011.7	1.2
20201222	-1.6	0.0	68.4	1009.3	1.2
20201223	0.6	0.0	71.1	1006.4	1.0
20201224	1.8	0.0	58.4	1000.4	2.3
20201225	-0.7	0.0	48.0	1005.7	2.6
20201226	-0.7	0.0	68.3	1008.5	1.0
20201227	0.3	0.0	82.1	1006.2	0.6
20201228	1.8	0.0	76.1	1007.1	0.5
20201229	1.3	0.2	76.1	1002.7	1.3
20201230	-7.8	0.0	39.1	1002.2	4.6
20201231	-7.9	0.0	44.8	1007.5	3.5
20210101	-4.0	0.0	61.5	1008.3	2.2
20210102	-3.7	0.0	48.1	1010.2	2.3
20210103	-3.5	0.0	36.6	1015.1	3.2
20210104	-3.3	0.0	48.4	1013.8	0.8
20210105	-3.1	0.0	42.0	1010.3	2.3
20210106	-6.6	0.0	43.1	1006.1	2.0
20210107	-11.4	0.3	28.9	1005.5	4.5
20210108	-12.2	0.0	32.9	1005.4	3.1
20210109	-10.6	0.0	40.0	1005.7	3.1
20210110	-7.7	0.0	43.4	1009.7	1.8
20210111	-7.9	0.0	57.3	1008.9	0.6
20210112	-5.1	0.0	62.0	1001.5	1.1
20210113	2.1	0.0	61.8	999.4	1.4
20210114	3.0	0.0	49.9	1005.3	0.9
20210115	4.3	0.0	58.1	1000.2	1.4
20210116	-1.0	0.0	47.6	1005.7	3.5
20210117	-4.7	0.0	36.9	1009.3	2.7
20210118	-3.7	0.2	64.6	1003.8	2.2
20210119	-6.3	0.0	47.9	1014.5	0.7
20210120	-3.7	0.0	51.8	1013.9	0.6
20210121	1.4	0.6	63.3	1007.7	0.7
20210122	6.3	0.7	85.3	1002.9	0.6
20210123	6.6	0.0	76.4	1004.3	1.6
20210124	6.0	0.0	70.5	1009.4	1.3
20210125	4.3	0.0	73.9	1010.8	1.3
20210126	3.6	4.2	86.4	1003.1	1.1
20210127	3.0	0.0	56.5	1005.2	1.4
20210128	-1.8	0.0	55.8	998.8	3.6
20210129	-6.6	0.0	28.9	1006.9	4.6
20210130	-2.8	0.0	46.9	1009.0	1.2
20210131	0.9	0.0	51.0	1011.2	0.8
20210201	4.3	10.5	78.0	999.7	1.5
20210202	-2.8	0.0	33.5	1005.8	4.1
20210203	-3.0	0.0	37.4	1008.1	2.4
20210204	-0.6	0.0	37.0	1007.6	2.9
20210205	0.1	0.0	41.3	1004.8	1.2
20210206	3.4	0.0	62.9	999.5	1.4
20210207	5.2	0.0	54.1	1002.5	2.3
20210208	-1.1	0.0	32.9	1008.3	3.3
20210209	-0.8	0.0	35.9	1010.1	2.8
20210210	1.2	0.0	55.1	1008.2	1.7
20210211	3.0	0.0	60.1	1008.9	0.9
20210212	5.2	0.0	53.5	1007.7	0.8
20210213	5.8	0.0	47.9	1007.5	0.6
20210214	7.0	1.7	62.3	999.3	0.8
20210215	3.2	1.3	63.0	992.2	4.1
20210216	-3.5	0.3	48.3	998.0	3.2
20210217	-7.1	0.0	37.3	998.6	5.1
20210218	-6.3	0.0	42.0	1003.6	3.1
20210219	1.4	0.0	52.6	1000.4	2.5
20210220	8.6	0.0	46.5	993.6	2.1
20210221	11.8	0.0	44.5	994.1	2.2
20210222	11.5	0.0	38.8	996.1	2.6
20210223	3.0	0.0	28.1	1006.7	2.4
20210224	2.8	0.0	49.4	1008.7	1.2
20210225	3.8	0.0	67.3	1007.5	0.7
20210226	6.0	0.0	58.1	1007.8	2.2
20210227	5.5	0.0	57.9	1014.2	2.6
20210228	5.2	0.0	70.5	1010.8	1.0
20210301	6.0	58.7	90.8	998.9	1.2
20210302	1.3	3.0	80.5	1007.4	1.1
20210303	2.3	0.0	70.1	1013.2	0.9
20210304	4.3	0.0	75.8	1008.5	0.8
20210305	6.7	0.0	78.9	1003.7	1.0
20210306	4.2	0.0	69.5	1011.9	2.8
20210307	4.9	0.0	65.8	1012.1	1.1
20210308	5.3	0.0	68.0	1010.6	1.7
20210309	7.1	0.0	58.5	1008.0	1.7
20210310	7.2	0.0	54.4	1012.2	1.7
20210311	8.6	0.0	53.3	1009.5	1.0
20210312	7.5	21.8	81.6	1004.9	0.6
20210313	8.3	0.0	71.1	1004.2	1.3
20210314	8.3	0.0	69.6	1002.9	1.5
20210315	10.1	0.0	63.4	1000.1	1.2
20210316	12.7	0.0	45.1	996.8	3.3
20210317	8.8	0.0	58.3	1002.7	1.5
20210318	8.7	0.0	68.9	1004.9	2.2
20210319	9.7	0.0	62.8	1004.8	2.2
20210320	7.8	4.9	85.9	997.1	0.9
20210321	6.7	0.0	59.9	996.3	4.2
20210322	6.1	0.0	37.9	1002.7	3.8
20210323	9.4	0.0	41.0	1004.2	3.0
20210324	10.3	0.0	40.9	1003.7	1.2
20210325	12.0	0.0	45.9	1003.8	1.6
20210326	13.1	0.0	44.6	1004.7	1.4
20210327	11.2	17.6	74.9	996.6	0.8
20210328	11.4	4.6	80.3	986.9	2.9
20210329	12.8	0.0	43.1	990.7	3.5
20210330	12.5	0.0	34.0	995.2	1.7
20210331	12.2	0.0	50.1	999.0	1.6
20210401	12.3	0.0	50.3	1005.2	2.6
20210402	14.3	0.0	55.5	1005.1	2.4
20210403	13.4	57.0	80.1	997.6	1.4
20210404	9.1	27.1	73.6	999.3	1.7
20210405	8.5	0.0	54.6	1005.9	1.6
20210406	12.0	0.0	47.6	1002.9	2.1
20210407	13.8	0.0	40.9	1002.0	1.8
20210408	12.7	0.0	42.8	1001.0	1.7
20210409	8.2	0.0	60.0	1010.1	2.6
20210410	9.6	0.0	54.5	1014.8	1.2
20210411	12.5	0.0	48.6	1013.6	1.3
20210412	11.0	21.5	72.3	1003.9	0.7
20210413	12.7	1.0	66.6	994.9	3.4
20210414	9.7	0.0	42.6	1001.1	3.1
20210415	9.9	0.0	47.1	1002.5	1.1
20210416	11.4	0.0	62.5	1000.0	1.7
20210417	10.6	0.0	51.9	997.3	2.5
20210418	10.5	0.0	45.8	998.5	3.0
20210419	14.0	0.0	41.5	999.8	2.8
20210420	16.8	0.0	43.9	1003.5	1.3
20210421	18.7	0.0	49.3	1005.4	1.1
20210422	19.4	0.0	39.1	1003.8	2.5
20210423	15.3	0.0	43.8	1005.0	2.0
20210424	15.7	0.0	53.3	1003.8	1.3
20210425	14.3	0.0	49.3	1004.6	2.7
20210426	12.7	0.0	52.1	1006.0	1.3
20210427	14.9	0.0	49.9	1002.0	1.3
20210428	16.7	0.0	44.3	999.3	2.1
20210429	15.0	0.2	54.5	990.5	1.8
20210430	13.4	0.5	59.0	987.7	3.2
20210501	10.0	6.7	75.5	988.6	2.0
20210502	10.8	3.9	74.1	998.5	1.8
20210503	14.2	0.0	55.1	1001.2	1.5
20210504	14.9	12.7	78.0	995.0	1.2
20210505	15.8	1.8	49.9	995.3	3.5
20210506	14.4	0.0	50.5	1000.2	1.1
20210507	14.8	0.5	58.9	990.8	2.1
20210508	15.8	0.0	49.9	988.3	2.8
20210509	16.3	0.0	39.6	992.8	3.5
20210510	10.0	16.0	84.0	998.4	0.7
20210511	13.8	0.3	65.9	1000.0	1.9
20210512	16.0	0.0	55.3	998.0	2.1
20210513	19.3	0.0	57.1	995.9	1.1
20210514	21.2	0.0	61.3	996.1	1.4
20210515	19.1	0.9	87.1	992.1	0.7
20210516	19.3	65.3	93.8	985.9	1.4
20210517	14.4	9.5	93.3	990.9	1.5
20210518	16.9	1.4	83.5	994.3	0.9
20210519	20.1	0.0	64.8	995.3	1.1
20210520	15.9	7.2	84.1	989.8	1.3
20210521	14.8	1.9	89.8	989.2	1.4
20210522	18.8	0.0	70.8	993.5	1.9
20210523	20.2	0.0	70.6	994.1	1.0
20210524	20.3	0.0	56.8	991.1	1.8
20210525	14.9	1.0	57.0	991.0	2.3
20210526	14.8	0.0	66.8	993.1	0.8
20210527	15.9	0.5	75.0	986.2	1.4
20210528	13.7	9.8	85.4	985.7	1.3
20210529	17.2	0.0	62.9	990.0	2.1
20210530	17.8	0.3	62.5	993.7	1.3
20210531	18.2	4.1	74.8	996.4	1.5
20210601	20.5	0.0	71.4	998.7	1.2
20210602	23.0	0.0	60.4	997.1	0.9
20210603	17.9	28.6	89.9	988.9	0.9
20210604	19.1	0.4	64.3	985.6	2.4
20210605	20.5	0.0	61.6	985.8	1.7
20210606	21.7	0.0	69.8	991.4	1.0
20210607	21.6	0.0	70.1	997.8	1.0
20210608	23.6	0.0	61.5	999.6	1.3
20210609	24.3	0.0	60.3	1000.0	1.2
20210610	23.8	0.5	60.9	997.4	1.1
20210611	21.8	16.0	85.1	995.1	0.9
20210612	24.0	0.0	73.9	996.0	1.6
20210613	24.2	0.0	70.8	992.6	1.4
20210614	23.0	0.0	72.6	990.9	2.0
20210615	20.8	0.2	81.9	989.8	1.6
20210616	20.6	0.0	74.8	990.6	2.5
20210617	19.1	0.0	77.8	991.5	1.1
20210618	20.7	0.4	84.5	985.9	1.3
20210619	22.8	0.0	66.1	985.0	1.2
20210620	23.3	0.0	60.0	985.9	1.4
20210621	22.8	0.0	63.9	988.6	2.2
20210622	19.4	8.0	78.1	994.2	1.7
20210623	18.7	1.8	80.6	996.1	1.7
20210624	21.4	0.0	72.0	995.9	1.2
20210625	23.0	0.0	72.0	994.9	1.5
20210626	22.4	0.6	76.0	994.9	1.3
20210627	23.1	0.0	70.1	992.5	1.9
20210628	22.3	0.7	73.3	990.4	1.6
20210629	23.4	0.0	70.1	990.4	1.4
20210630	22.2	1.0	82.6	992.0	1.2
20210701	24.4	0.0	69.9	991.7	1.7
20210702	23.3	0.0	70.1	994.4	2.0
20210703	21.1	26.0	85.4	993.1	2.0
20210704	24.6	15.4	79.1	989.1	2.4
20210705	22.8	2.2	79.8	994.2	1.4
20210706	23.1	4.6	88.4	991.9	1.1
20210707	24.3	17.6	90.4	992.1	0.9
20210708	24.1	34.6	82.8	990.2	1.9
20210709	24.2	5.3	84.8	990.0	1.0
20210710	23.9	15.8	84.6	992.6	1.2
20210711	24.1	2.8	86.4	994.9	1.3
20210712	26.3	0.0	78.0	994.9	0.9
20210713	27.9	0.0	76.5	995.2	0.9
20210714	28.8	0.0	72.9	997.1	1.1
20210715	25.6	2.6	84.3	999.5	1.0
20210716	26.3	0.0	76.1	999.5	1.9
20210717	26.2	0.2	73.8	997.4	1.9
20210718	26.3	0.0	74.3	996.8	1.6
20210719	26.5	0.4	79.1	998.1	0.8
20210720	27.3	0.0	75.1	999.2	1.0
20210721	27.2	0.0	68.0	998.2	2.0
20210722	27.0	0.0	71.6	996.5	1.8
20210723	27.8	0.0	70.0	994.6	1.5
20210724	27.8	0.0	69.3	993.7	1.5
20210725	27.6	0.0	69.8	992.3	1.8
20210726	27.8	0.0	69.0	990.2	1.6
20210727	27.6	0.0	69.6	988.3	1.8
20210728	27.4	0.0	69.3	988.0	1.6
20210729	28.1	0.0	69.6	986.7	1.1
20210730	28.7	0.0	74.1	985.4	1.0
20210731	29.1	0.0	70.9	985.1	1.3
20210801	26.5	16.4	85.6	985.6	1.1
20210802	26.5	5.9	85.5	988.3	1.1
20210803	27.3	0.0	82.5	992.6	1.0
20210804	28.6	0.0	75.1	993.4	1.2
20210805	28.9	0.0	74.5	990.6	1.2
20210806	28.1	3.5	75.9	987.9	1.4
20210807	27.4	6.7	76.0	987.6	1.7
20210808	25.0	2.2	86.0	987.7	1.1
20210809	25.6	0.4	72.5	987.3	1.2
20210810	24.0	10.7	79.5	993.6	0.8
20210811	25.4	3.7	80.9	995.1	1.1
20210812	25.5	0.0	76.9	994.5	1.2
20210813	24.8	0.0	75.0	991.3	1.1
20210814	22.6	2.2	86.1	992.5	0.9
20210815	22.5	0.3	80.0	998.9	1.4
20210816	23.7	0.0	69.5	999.5	1.5
20210817	23.7	0.0	70.0	994.3	1.4
20210818	22.8	0.2	78.8	994.6	1.3
20210819	22.1	0.7	85.0	996.2	0.9
20210820	24.5	0.0	75.8	997.3	1.2
20210821	22.7	23.4	89.8	990.3	1.4
20210822	23.8	0.0	83.0	992.9	1.2
20210823	21.6	42.7	92.3	994.4	0.8
20210824	23.0	29.5	92.0	985.9	1.0
20210825	22.4	8.2	92.6	991.7	0.8
20210826	24.1	1.9	84.8	997.0	0.9
20210827	21.5	15.1	92.5	997.2	0.9
20210828	23.0	0.0	79.6	998.2	0.9
20210829	21.2	12.7	88.4	998.2	0.7
20210830	22.0	0.0	86.6	1000.2	0.7
20210831	21.7	2.5	88.1	999.4	1.1
20210901	19.8	53.3	93.9	994.4	0.9
20210902	21.0	0.0	80.8	995.2	1.1
20210903	21.2	0.0	74.4	994.7	1.5
20210904	20.2	0.0	75.5	1000.0	1.1
20210905	20.2	0.0	77.3	1003.1	1.0
20210906	20.9	0.9	75.0	1002.3	1.7
20210907	19.6	19.0	94.6	994.2	0.6
20210908	22.2	0.0	80.8	994.3	1.6
20210909	21.4	0.0	84.3	998.4	0.7
20210910	21.9	0.0	84.9	997.9	0.8
20210911	22.5	0.0	78.4	997.1	0.8
20210912	22.1	0.0	78.3	997.8	1.4
20210913	21.4	0.0	74.9	1002.5	1.7
20210914	20.3	0.0	73.9	1001.0	1.7
20210915	21.1	0.0	68.4	1001.2	1.9
20210916	20.2	0.1	75.6	998.1	1.7
20210917	18.2	26.5	90.8	994.5	1.0
20210918	19.2	0.0	84.5	999.3	0.8
20210919	20.5	0.0	76.9	1001.1	1.5
20210920	21.0	0.0	76.6	997.7	2.0
20210921	20.5	6.7	90.5	990.9	0.8
20210922	20.3	5.6	82.0	993.1	1.6
20210923	19.4	0.0	73.4	1000.9	1.8
20210924	18.9	0.0	78.4	1007.3	1.2
20210925	18.8	0.0	82.1	1007.8	1.1
20210926	20.0	0.0	71.8	1005.3	1.4
20210927	19.2	0.5	76.6	1001.1	1.4
20210928	20.1	0.0	81.1	998.1	1.2
20210929	20.2	17.4	93.8	993.1	0.5
20210930	21.0	2.5	80.6	993.1	1.2
20211001	19.6	0.0	84.5	993.5	0.9
20211002	19.9	0.0	77.6	998.2	1.0
20211003	20.4	0.0	82.0	1004.3	0.9
20211004	20.9	0.0	83.4	1005.3	0.9
20211005	22.2	0.0	78.0	1005.1	1.7
20211006	20.0	0.0	81.6	1004.6	1.0
20211007	20.5	0.0	79.8	1001.4	1.2
20211008	19.4	0.0	89.4	1005.4	0.6
20211009	21.4	0.0	84.3	1006.8	1.0
20211010	22.7	0.0	81.4	1001.9	1.0
20211011	15.3	20.2	92.8	1004.8	1.3
20211012	14.6	4.1	89.0	1010.1	0.9
20211013	16.8	0.1	82.9	1008.9	1.0
20211014	17.8	0.0	82.5	1003.6	1.0
20211015	17.1	14.7	88.5	1002.0	0.6
20211016	12.6	11.2	70.8	1004.0	1.7
20211017	5.8	0.0	55.0	1009.7	1.5
20211018	7.4	0.0	66.0	1007.5	0.8
20211019	9.3	0.0	75.4	1002.7	1.3
20211020	7.8	0.0	77.0	1005.0	0.7
20211021	8.9	0.0	79.6	1003.3	0.9
20211022	8.7	0.5	81.3	1005.4	0.9
20211023	9.1	0.0	77.5	1012.1	0.8
20211024	9.1	0.0	74.3	1010.2	0.8
20211025	9.4	0.0	79.0	1006.5	0.7
20211026	9.8	0.0	79.1	1004.2	0.8
20211027	11.8	0.0	70.9	1002.8	1.1
20211028	10.8	0.0	70.8	1007.3	1.1
20211029	10.6	0.0	72.8	1009.9	1.2
20211030	10.5	0.0	78.1	1008.6	0.5
20211031	10.9	0.0	81.5	1008.0	0.6
20211101	11.3	0.0	74.6	1006.8	1.2
20211102	10.0	0.0	74.9	1004.9	1.0
20211103	10.5	0.0	71.9	1002.8	0.9
20211104	9.9	0.0	75.8	1003.7	0.7
20211105	10.4	0.0	76.1	1005.5	0.8
20211106	12.1	0.0	73.0	1005.5	1.2
20211107	13.1	0.0	73.0	1005.1	1.5
20211108	8.9	17.4	80.4	995.7	2.3
20211109	6.9	0.1	69.9	993.9	2.8
20211110	5.2	0.5	73.3	991.2	2.9
20211111	6.3	0.0	60.3	994.4	3.3
20211112	5.1	0.0	54.6	999.9	3.2
20211113	5.6	0.0	68.9	1002.5	1.3
20211114	8.0	0.0	72.6	1002.2	1.1
20211115	7.5	0.0	70.3	1005.2	0.7
20211116	6.3	0.0	66.6	1007.5	0.9
20211117	5.7	0.0	66.0	1007.2	1.0
20211118	8.9	0.0	69.4	1002.6	1.5
20211119	9.9	0.0	77.1	1002.1	1.2
20211120	8.2	0.0	84.9	1004.8	0.7
20211121	8.5	0.0	81.5	1000.9	0.7
20211122	5.0	0.0	58.3	997.1	3.8
20211123	1.5	0.0	53.0	1000.0	3.3
20211124	4.6	0.0	50.9	1000.6	2.3
20211125	6.9	0.0	52.8	1001.1	2.1
20211126	4.3	0.0	47.4	1009.0	2.2
20211127	2.2	0.0	53.4	1017.2	0.6
20211128	2.9	0.0	62.4	1017.3	0.5
20211129	3.4	0.0	61.4	1010.6	0.5
20211130	3.2	16.6	80.3	995.5	2.0
20211201	-0.1	0.0	38.6	1002.2	4.8
20211202	0.2	0.0	49.5	1003.0	2.1
20211203	2.3	0.0	54.3	1001.0	2.7
20211204	1.8	0.0	49.9	1008.6	1.9
20211205	1.7	0.0	73.6	1012.8	0.7
20211206	3.6	0.0	74.6	1010.4	0.6
20211207	4.9	0.0	76.1	1011.9	0.8
20211208	4.1	0.0	76.0	1015.9	0.6
20211209	4.2	0.0	81.4	1013.8	0.7
20211210	4.8	0.0	85.1	1008.9	0.6
20211211	7.0	0.0	73.5	1008.5	1.1
20211212	3.9	0.0	51.8	1006.5	3.3
20211213	-2.0	0.0	36.3	1009.7	2.3
20211214	0.5	0.0	60.4	1005.3	1.1
20211215	5.8	0.0	69.9	1004.4	1.0
20211216	4.5	0.0	71.3	1001.6	0.9
20211217	-2.0	0.0	33.5	1003.4	5.1
20211218	-5.3	0.0	43.1	1008.6	1.7
20211219	-0.3	0.0	51.1	1004.6	2.7
20211220	3.9	0.0	59.9	1001.6	1.2
20211221	6.2	0.0	62.9	1000.1	1.5
20211222	1.5	0.0	61.8	1005.8	0.6
20211223	0.5	0.0	61.3	1007.7	0.5
20211224	1.7	0.0	65.0	1004.4	1.5
20211225	-7.0	0.0	34.6	1010.6	4.2
20211226	-9.7	0.0	30.5	1014.3	3.2
20211227	-4.7	0.0	44.8	1012.4	3.1
20211228	-0.9	0.0	65.9	1010.5	1.2
20211229	1.5	0.0	65.3	1002.8	1.8
20211230	-1.8	0.0	41.9	1006.2	3.9
20211231	-4.9	0.0	27.8	1011.9	3.6
20220101	-6.1	0.0	41.5	1013.4	0.7
20220102	-2.9	0.0	50.5	1008.9	1.1
20220103	-2.7	0.0	49.3	1008.4	1.7
20220104	0.3	0.0	40.6	1009.3	1.7
20220105	-2.3	0.0	54.0	1010.5	0.5
20220106	-0.1	0.0	45.5	1010.2	1.6
20220107	-2.9	0.0	47.3	1012.2	0.7
20220108	-1.1	0.0	52.4	1007.2	1.3
20220109	1.7	0.0	62.5	1005.3	0.6
20220110	0.5	0.0	58.5	1003.1	0.9
20220111	-3.3	0.0	41.3	1000.2	4.2
20220112	-5.9	0.0	36.0	1004.2	3.3
20220113	-5.5	0.0	36.1	1002.3	3.7
20220114	-5.6	0.0	37.8	1007.8	1.3
20220115	-1.9	0.0	45.3	1006.1	0.6
20220116	0.3	0.0	41.4	1006.1	2.9
20220117	-3.1	0.0	43.6	1008.3	3.4
20220118	-4.8	0.0	36.8	1010.1	1.8
20220119	-4.6	0.0	56.4	1006.8	1.6
20220120	-3.6	0.0	50.4	1010.5	1.1
20220121	-3.6	0.0	50.5	1013.6	0.5
20220122	-0.3	0.0	58.9	1010.1	0.6
20220123	4.5	0.0	59.8	1004.8	0.8
20220124	2.4	0.0	61.8	1006.6	1.6
20220125	0.8	0.0	78.8	1005.1	0.9
20220126	1.6	0.0	60.4	1006.8	1.5
20220127	0.2	0.0	50.0	1006.7	1.1
20220128	-0.9	0.0	36.6	1006.0	1.9
20220129	-1.7	0.0	34.0	1003.4	2.6
20220130	-2.7	0.0	40.9	1004.1	1.2
20220131	-2.6	0.0	41.3	1006.8	1.3
20220201	-1.2	0.0	54.5	1007.2	3.1
20220202	-1.6	0.0	45.8	1009.9	2.8
20220203	-2.5	0.0	41.4	1008.7	2.3
20220204	-3.0	0.0	35.6	1006.1	3.7
20220205	-5.4	0.0	35.4	1007.1	4.1
20220206	-3.1	0.0	36.5	1009.6	3.1
20220207	-2.2	0.0	36.9	1010.4	1.6
20220208	-1.8	0.0	42.3	1010.0	1.0
20220209	-0.5	0.0	47.5	1008.6	0.7
20220210	2.1	0.0	38.8	1005.4	1.3
20220211	1.2	0.0	40.9	1008.9	0.9
20220212	2.7	0.0	47.8	1008.3	1.2
20220213	3.7	0.0	65.3	1005.4	1.1
20220214	4.0	0.0	56.9	1002.9	1.9
20220215	-2.5	0.0	44.6	1002.5	4.4
20220216	-5.8	0.0	35.1	1004.3	4.2
20220217	-6.1	0.0	32.1	1009.9	2.3
20220218	-3.5	0.0	41.6	1013.1	0.9
20220219	-0.3	0.0	40.1	1005.2	2.0
20220220	-4.2	0.0	31.6	1007.1	3.8
20220221	-1.8	0.0	47.1	1010.3	2.8
20220222	-2.8	0.0	33.6	1012.9	3.7
20220223	-4.2	0.0	31.8	1013.9	2.9
20220224	-2.8	0.0	33.5	1012.4	2.5
20220225	2.2	0.0	46.8	1009.5	1.9
20220226	4.8	0.1	49.5	1001.7	2.6
20220227	4.8	0.0	32.9	1004.2	3.3
20220228	4.7	0.0	37.6	1004.6	1.0
20220301	5.8	0.0	51.8	997.4	2.0
20220302	4.0	0.0	39.3	999.9	2.6
20220303	5.4	0.0	41.9	1001.1	1.7
20220304	7.4	0.0	42.6	996.5	1.8
20220305	4.0	0.0	29.9	996.5	5.0
20220306	2.2	0.0	23.4	1003.3	2.6
20220307	2.7	0.0	32.4	1003.6	1.0
20220308	5.1	0.0	38.1	1002.2	1.2
20220309	6.7	0.0	50.1	1005.2	1.1
20220310	8.2	0.0	48.3	1004.3	1.3
20220311	10.7	0.0	48.8	1001.7	1.5
20220312	12.9	0.0	61.5	999.7	0.8
20220313	12.3	31.0	84.6	995.4	0.8
20220314	9.0	2.0	79.9	995.7	2.2
20220315	8.8	0.0	62.1	997.3	1.4
20220316	10.4	0.0	56.0	999.5	0.8
20220317	7.3	4.9	75.4	1004.7	2.5
20220318	4.7	6.9	74.0	995.9	2.1
20220319	2.6	9.2	85.1	993.7	0.7
20220320	4.7	0.0	70.1	1002.2	1.5
20220321	5.6	0.0	57.1	1006.6	1.2
20220322	6.2	0.0	53.5	1005.1	1.5
20220323	3.9	0.0	65.3	1001.8	1.4
20220324	6.0	0.0	66.5	1004.2	0.9
20220325	11.2	7.6	67.3	1001.3	1.2
20220326	11.7	16.7	84.0	986.7	2.2
20220327	10.0	0.0	46.8	998.1	3.0
20220328	7.0	0.0	43.1	1009.5	1.3
20220329	8.9	0.0	53.8	1008.4	1.2
20220330	11.6	0.7	62.3	1004.2	1.2
20220331	8.1	1.0	72.6	1007.9	2.4
20220401	6.2	0.0	68.4	1012.8	1.4
20220402	7.7	0.0	51.1	1010.4	1.4
20220403	8.8	0.0	48.9	1011.0	1.2
20220404	10.4	0.0	51.3	1010.4	1.5
20220405	11.1	0.0	37.9	1005.0	2.2
20220406	13.8	0.0	32.9	1003.5	2.0
20220407	12.4	0.0	42.5	1000.5	2.7
20220408	13.0	0.0	38.4	1002.8	1.6
20220409	17.7	0.0	42.9	999.0	2.0
20220410	19.2	0.0	41.0	999.9	1.2
20220411	20.4	0.0	54.8	997.2	1.8
20220412	21.5	0.0	54.1	994.2	1.7
20220413	11.1	9.8	75.5	1000.1	2.8
20220414	9.1	4.3	70.4	1003.2	2.0
20220415	11.2	0.0	55.4	1001.2	1.9
20220416	11.5	0.0	45.6	1000.8	1.8
20220417	13.3	0.0	33.0	1001.3	1.5
20220418	14.4	0.0	41.0	1001.2	1.2
20220419	14.8	0.0	40.4	1000.6	1.5
20220420	15.7	0.0	36.5	999.4	1.8
20220421	13.1	0.0	52.0	996.9	1.0
20220422	17.3	0.0	60.8	994.3	2.2
20220423	17.6	0.0	56.1	996.4	1.8
20220424	18.7	0.0	53.4	994.6	1.6
20220425	20.2	0.2	55.4	995.3	1.1
20220426	17.0	15.2	86.6	987.1	1.0
20220427	15.9	0.0	59.3	998.6	2.4
20220428	14.7	0.0	61.0	1001.5	2.6
20220429	10.7	8.8	67.3	1000.7	1.8
20220430	12.5	0.0	62.5	1001.3	1.9
20220501	12.9	0.0	44.8	996.8	2.3
20220502	11.3	2.1	60.0	998.0	1.6
20220503	13.3	0.0	58.6	1002.8	1.9
20220504	17.4	0.0	47.3	1002.7	1.6
20220505	18.9	0.0	46.9	1002.2	1.3
20220506	19.1	0.0	57.5	999.8	1.5
20220507	17.7	0.0	60.3	1000.9	2.6
20220508	14.9	0.0	56.0	1003.4	1.7
20220509	15.8	0.0	50.0	1002.8	2.1
20220510	15.3	0.0	47.0	1001.5	2.1
20220511	18.7	0.0	50.6	998.9	1.2
20220512	19.7	0.0	57.9	995.5	2.0
20220513	15.2	4.8	78.3	992.5	1.3
20220514	15.9	0.0	48.0	995.3	2.7
20220515	15.3	0.0	40.1	997.1	1.8
20220516	16.3	0.0	40.0	995.9	1.8
20220517	18.1	0.0	46.9	998.0	1.4
20220518	20.5	0.0	44.5	1000.6	2.0
20220519	20.2	0.0	34.1	1001.0	2.0
20220520	20.3	0.0	43.5	997.1	1.3
20220521	21.1	0.0	56.6	992.5	2.1
20220522	22.0	0.0	53.5	991.3	2.5
20220523	22.7	0.0	53.8	995.9	1.4
20220524	24.0	0.0	49.3	997.0	1.6
20220525	23.1	0.0	53.4	991.9	2.0
20220526	20.1	0.4	46.9	988.0	3.0
20220527	20.4	0.0	44.8	985.0	3.1
20220528	21.9	0.0	46.9	989.9	1.8
20220529	23.0	0.0	39.3	989.4	1.1
20220530	21.9	0.0	54.8	985.9	1.7
20220531	22.2	0.0	42.9	991.4	2.3
20220601	23.1	0.0	37.1	990.1	1.6
20220602	22.7	0.0	39.8	990.8	1.7
20220603	22.2	0.0	55.4	994.7	2.4
20220604	21.0	0.0	61.9	995.9	2.2
20220605	17.0	16.0	84.5	988.9	1.5
20220606	17.1	0.0	78.3	985.7	1.3
20220607	15.4	0.8	75.0	993.0	1.7
20220608	16.9	0.0	68.9	996.9	1.4
20220609	18.9	0.0	68.8	998.1	1.2
20220610	21.7	0.0	63.4	997.9	1.1
20220611	22.3	0.0	61.3	997.1	2.4
20220612	20.6	0.0	64.1	997.9	2.3
20220613	19.5	0.0	64.0	995.8	3.0
20220614	16.6	6.5	79.3	994.3	1.7
20220615	18.1	2.7	84.6	991.4	0.9
20220616	20.7	0.0	70.0	992.0	1.9
20220617	23.4	0.0	64.4	992.0	1.2
20220618	26.1	0.0	64.3	991.1	1.9
20220619	26.1	0.0	65.0	991.1	2.2
20220620	26.7	0.0	63.1	988.6	1.5
20220621	27.6	0.0	61.1	987.9	1.7
20220622	28.7	0.0	58.3	990.7	1.8
20220623	26.2	5.2	73.4	986.5	1.8
20220624	26.1	14.2	70.6	982.4	3.0
20220625	26.7	0.0	67.5	989.5	1.6
20220626	26.7	0.0	74.4	994.2	1.3
20220627	26.5	0.9	77.1	993.7	1.7
20220628	28.7	0.0	64.8	989.8	3.0
20220629	28.0	1.1	70.5	990.7	2.3
20220630	26.7	0.9	80.1	995.7	1.2
20220701	28.1	0.0	70.3	998.8	1.3
20220702	29.9	0.0	60.9	997.0	1.4
20220703	30.1	0.0	58.1	993.2	1.7
20220704	29.0	0.0	66.1	990.2	1.4
20220705	28.2	27.3	66.9	989.9	1.7
20220706	27.0	6.7	76.9	993.2	1.6
20220707	29.3	0.0	66.8	991.7	1.6
20220708	28.4	0.1	69.8	987.0	1.9
20220709	28.2	0.0	67.9	986.5	1.8
20220710	27.7	0.0	70.4	989.8	2.2
20220711	24.2	32.8	88.5	990.9	0.6
20220712	25.4	0.0	73.8	993.3	1.8
20220713	23.4	31.1	83.0	989.9	1.3
20220714	25.7	0.0	80.4	984.3	1.8
20220715	25.7	0.0	70.8	984.1	1.6
20220716	24.6	0.0	73.4	983.3	1.5
20220717	24.8	0.0	74.4	985.4	1.5
20220718	22.5	14.2	86.5	985.2	0.8
20220719	25.6	0.0	76.9	986.8	1.4
20220720	27.2	0.0	68.8	990.5	1.5
20220721	23.2	23.2	86.8	986.3	1.7
20220722	23.6	0.1	80.3	990.0	2.0
20220723	24.3	0.4	79.3	990.6	1.3
20220724	24.6	16.6	85.3	987.8	1.2
20220725	27.2	1.4	76.4	992.8	1.5
20220726	26.5	0.0	72.6	994.8	1.5
20220727	25.3	0.0	72.5	995.9	2.0
20220728	25.5	0.9	79.9	997.0	1.5
20220729	28.0	0.0	74.3	997.7	1.5
20220730	27.6	0.0	73.3	995.4	2.0
20220731	26.3	4.0	83.8	992.6	1.6
20220801	27.1	2.2	83.0	992.4	0.9
20220802	27.8	4.4	82.3	994.4	1.1
20220803	27.4	0.1	82.9	994.9	1.2
20220804	28.6	0.0	74.3	993.7	1.7
20220805	28.7	0.0	75.3	990.9	1.7
20220806	29.4	0.0	73.6	990.6	1.7
20220807	29.4	0.0	73.9	991.5	1.5
20220808	28.2	0.0	74.9	992.1	1.8
20220809	27.0	5.3	81.1	991.9	1.1
20220810	25.1	31.4	90.1	991.3	0.7
20220811	24.3	25.0	91.6	989.8	0.9
20220812	27.2	3.0	79.4	990.5	1.3
20220813	24.8	7.0	88.8	991.2	0.8
20220814	26.0	12.8	90.4	991.1	0.5
20220815	28.4	0.0	75.8	987.1	1.7
20220816	25.2	10.7	83.0	988.8	1.5
20220817	25.1	8.8	79.5	991.1	1.2
20220818	24.0	0.0	80.3	992.3	0.9
20220819	25.2	0.0	81.6	988.4	1.1
20220820	26.3	10.1	81.5	987.2	1.6
20220821	25.7	0.0	63.9	990.6	1.5
20220822	24.8	0.0	73.5	989.5	1.0
20220823	23.5	6.3	88.5	990.9	0.8
20220824	22.1	0.2	76.5	993.8	1.2
20220825	22.3	0.2	81.8	992.0	0.9
20220826	22.8	0.0	70.0	991.4	1.2
20220827	21.7	0.0	65.5	993.8	1.6
20220828	20.7	0.0	66.0	999.9	1.7
20220829	18.8	4.6	85.8	1001.0	0.8
20220830	19.0	34.6	92.1	996.1	0.7
20220831	20.3	36.1	90.6	993.0	0.6
20220901	20.5	0.0	89.1	998.4	0.5
20220902	21.5	0.0	76.6	1001.3	1.5
20220903	21.7	0.0	76.0	1000.2	1.6
20220904	23.5	0.0	84.3	995.5	1.0
20220905	23.9	12.3	89.3	989.9	1.1
20220906	20.7	17.1	77.1	986.7	2.7
20220907	20.4	0.0	70.1	1001.0	1.2
20220908	21.1	0.0	68.6	1002.6	1.4
20220909	20.9	0.0	69.8	1002.8	1.6
20220910	20.2	0.0	71.0	1002.7	1.1
20220911	21.8	0.0	76.3	1000.0	1.5
20220912	21.4	0.0	79.4	999.3	0.7
20220913	23.2	0.0	70.1	1000.9	1.5
20220914	23.4	0.0	59.8	1001.7	2.4
20220915	22.5	0.0	68.6	998.1	2.6
20220916	23.4	0.0	78.5	994.7	0.9
20220917	25.9	0.5	75.6	993.0	0.9
20220918	25.9	0.0	76.6	987.5	1.3
20220919	23.0	0.0	65.3	984.0	2.1
20220920	16.8	0.0	68.4	998.2	1.8
20220921	16.1	0.0	67.4	1002.7	1.7
20220922	17.3	0.0	71.9	1000.2	1.1
20220923	17.7	0.0	69.6	996.9	2.1
20220924	16.8	0.0	60.4	1000.6	1.3
20220925	17.1	0.0	74.1	1001.1	0.7
20220926	17.1	0.0	80.4	1001.3	0.5
20220927	19.1	0.0	73.1	1000.5	1.5
20220928	17.2	0.0	79.1	998.6	0.7
20220929	18.1	0.0	76.0	998.9	0.6
20220930	18.2	0.0	72.1	1000.5	0.7
20221001	17.9	0.0	71.0	1002.2	0.7
20221002	18.9	1.7	78.1	1002.2	1.0
20221003	21.2	2.9	90.4	998.3	0.6
20221004	18.5	41.4	90.3	996.9	1.9
20221005	15.3	0.0	76.0	1004.4	1.5
20221006	16.3	0.9	78.5	1002.7	0.9
20221007	14.5	0.8	78.1	1003.1	1.5
20221008	13.0	0.0	73.6	1009.1	1.6
20221009	12.9	0.0	85.6	1002.3	1.1
20221010	11.0	0.2	65.5	997.0	4.2
20221011	10.6	0.0	67.9	1004.5	2.1
20221012	11.8	0.0	77.6	1011.0	1.1
20221013	14.4	0.0	75.0	1009.3	1.1
20221014	14.8	0.0	80.3	1004.8	1.0
20221015	17.5	0.0	73.4	1003.6	1.3
20221016	17.6	0.0	76.8	1001.9	0.9
20221017	13.3	0.0	55.8	1001.3	2.5
20221018	8.0	0.0	59.8	1005.8	1.2
20221019	7.7	0.0	62.8	1009.4	1.0
20221020	9.3	0.0	67.1	1011.3	0.8
20221021	11.3	0.0	66.3	1008.3	0.7
20221022	13.7	0.0	60.1	1004.2	1.2
20221023	12.0	2.9	78.5	1002.0	1.0
20221024	9.0	0.0	72.3	1004.4	1.1
20221025	8.2	0.0	71.6	1012.0	0.9
20221026	9.5	0.0	74.8	1011.9	0.8
20221027	11.7	0.0	71.5	1008.8	0.6
20221028	11.5	0.0	79.0	1010.7	1.5
20221029	12.6	0.0	75.1	1011.0	1.3
20221030	11.7	0.0	78.0	1010.4	1.6
20221031	11.4	0.0	74.0	1008.7	0.9
20221101	11.0	0.0	73.8	1005.4	0.9
20221102	10.0	0.0	72.1	1004.3	0.8
20221103	8.7	0.0	63.8	1002.5	1.4
20221104	6.3	0.0	42.9	1005.1	2.5
20221105	4.1	0.0	47.0	1008.3	1.0
20221106	5.6	0.0	62.4	1008.6	0.7
20221107	7.1	0.0	65.4	1007.2	0.8
20221108	9.2	0.0	67.8	1008.6	0.7
20221109	9.2	0.0	68.0	1008.9	0.9
20221110	10.3	0.0	67.6	1008.8	0.7
20221111	12.7	0.0	73.4	1010.4	0.8
20221112	15.5	0.0	76.1	1002.0	1.0
20221113	14.3	3.7	71.5	998.2	2.6
20221114	9.7	0.0	69.0	1001.7	1.2
20221115	6.5	0.1	73.6	1001.1	1.5
20221116	6.5	0.0	68.8	1004.0	1.5
20221117	6.9	0.0	64.6	1008.0	0.6
20221118	7.3	0.0	66.6	1010.4	0.6
20221119	9.1	0.0	74.6	1007.7	1.2
20221120	10.3	0.0	74.9	1004.4	0.7
20221121	9.8	0.0	74.8	1005.2	0.7
20221122	9.6	3.5	82.4	1004.6	0.5
20221123	11.2	2.5	76.0	1000.3	1.3
20221124	6.0	0.0	77.6	1005.0	0.6
20221125	6.2	0.0	73.9	1002.7	0.7
20221126	7.6	0.0	53.5	1000.7	2.0
20221127	4.2	0.0	53.4	1005.4	0.7
20221128	6.3	9.0	72.3	1001.3	0.7
20221129	9.5	16.8	69.6	997.7	2.3
20221130	-2.3	0.0	32.9	1011.8	4.0
20221201	-3.6	0.0	40.1	1013.8	2.3
20221202	-2.8	0.0	55.5	1013.2	1.3
20221203	-0.4	0.0	67.8	1009.3	0.9
20221204	0.3	0.0	37.8	1012.1	2.3
20221205	-1.1	0.0	30.6	1010.8	1.9
20221206	-1.6	0.0	61.4	1006.9	1.3
20221207	2.8	0.0	70.3	1006.6	1.6
20221208	2.9	0.0	59.8	1009.1	1.0
20221209	0.5	0.0	69.6	1006.8	0.6
20221210	1.2	0.0	75.5	1003.6	0.8
20221211	1.1	0.0	63.5	1005.8	0.9
20221212	1.8	0.0	62.3	1003.8	1.0
20221213	1.8	0.6	71.3	1000.5	3.4
20221214	-6.6	0.0	47.3	1009.2	4.3
20221215	-5.2	0.0	73.3	1008.6	0.7
20221216	-3.3	0.0	43.4	1011.7	2.0
20221217	-5.1	0.0	44.1	1007.1	2.3
20221218	-8.2	0.0	43.0	1005.2	3.2
20221219	-6.2	0.0	55.3	1009.2	1.8
20221220	-4.3	0.0	62.4	1009.8	1.0
20221221	-2.7	3.2	84.3	996.5	0.5
20221222	-5.6	0.0	50.9	991.2	4.0
20221223	-9.2	0.0	52.5	993.5	4.7
20221224	-9.4	0.0	59.8	1002.5	1.0
20221225	-6.4	0.0	65.8	1005.6	1.4
20221226	-5.7	0.0	70.5	1008.8	0.6
20221227	-4.0	0.0	62.6	1011.8	1.0
20221228	-2.8	0.0	60.3	1012.1	2.3
20221229	-2.6	0.0	49.0	1015.0	2.3
20221230	-3.0	0.0	61.9	1014.5	1.6
20221231	-1.3	0.0	58.9	1013.2	2.2
20230101	0.1	0.0	52.0	1012.2	2.1
20230102	-2.7	0.0	35.0	1013.2	2.6
20230103	-3.7	0.0	43.0	1012.0	1.9
20230104	-2.6	0.0	46.0	1013.1	2.0
20230105	-2.3	0.0	62.6	1013.6	1.1
20230106	-1.6	0.0	67.3	1006.4	0.8
20230107	-0.1	1.5	75.1	1002.4	1.9
20230108	-1.1	0.0	69.4	1008.4	0.9
20230109	1.0	0.0	70.0	1007.1	1.0
20230110	0.2	0.0	73.1	1012.1	0.6
20230111	1.5	0.0	60.9	1009.2	0.9
20230112	2.8	0.0	53.0	1007.3	0.7
20230113	5.8	16.7	92.4	996.3	0.7
20230114	7.0	0.0	83.9	997.8	1.7
20230115	1.7	4.7	85.8	1000.3	1.4
20230116	-2.3	0.0	63.5	1006.6	2.6
20230117	-3.2	0.0	61.4	1009.1	1.5
20230118	-1.6	0.0	64.4	1008.9	1.4
20230119	-2.1	0.0	66.1	1007.4	1.1
20230120	-1.7	0.0	46.9	1008.6	3.1
20230121	-4.7	0.0	47.6	1013.2	1.2
20230122	-2.3	0.0	49.9	1010.1	0.7
20230123	0.5	0.0	55.5	1005.0	1.7
20230124	-10.3	0.0	32.6	1007.4	5.4
20230125	-11.7	0.0	36.1	1012.4	2.3
20230126	-8.6	0.0	65.5	1007.6	0.8
20230127	-6.7	0.0	53.0	1003.4	2.8
20230128	-6.0	0.0	42.6	1004.5	2.6
20230129	-1.6	0.0	57.8	1002.7	2.2
20230130	-1.0	0.0	40.3	1005.6	2.5
20230131	-1.1	0.0	48.4	1002.8	0.9
20230201	1.8	0.0	45.1	1001.0	2.3
20230202	-1.2	0.0	45.6	1008.9	1.0
20230203	-0.5	0.0	37.1	1005.7	1.4
20230204	-1.0	0.0	42.4	1007.5	1.8
20230205	-0.9	0.0	53.0	1008.4	1.1
20230206	0.7	0.0	51.5	1005.8	0.5
20230207	2.3	0.0	55.3	1004.4	0.8
20230208	1.4	0.0	55.9	1008.9	1.4
20230209	2.1	0.0	59.4	1011.7	1.8
20230210	2.8	3.3	83.4	1003.6	1.1
20230211	0.5	0.0	85.5	1007.3	0.7
20230212	1.9	0.0	80.1	1005.6	0.9
20230213	5.2	0.0	65.9	1002.0	1.6
20230214	2.9	0.0	63.1	1005.5	1.3
20230215	1.8	0.0	60.1	1013.3	2.0
20230216	2.1	0.0	63.1	1013.9	1.2
20230217	3.5	0.0	56.0	1010.9	0.8
20230218	5.1	0.0	54.3	1003.8	0.6
20230219	4.9	0.0	50.1	1000.9	3.6
20230220	0.5	0.0	40.0	1007.9	3.1
20230221	-1.0	0.0	45.4	1016.9	1.1
20230222	1.9	0.0	55.5	1013.1	1.4
20230223	5.0	0.0	45.3	1006.2	2.2
20230224	4.6	0.0	40.8	1006.4	2.3
20230225	1.4	0.0	42.9	1013.6	1.6
20230226	1.4	0.0	46.1	1019.1	0.9
20230227	4.0	0.0	44.0	1016.8	0.9
20230228	6.0	0.0	40.6	1009.6	1.9
20230301	6.1	0.0	53.6	1004.2	2.0
20230302	2.4	0.0	30.3	1009.2	2.8
20230303	4.6	0.0	39.3	1010.4	1.8
20230304	6.0	0.0	58.1	1012.2	1.1
20230305	7.0	0.0	60.6	1010.8	0.8
20230306	8.3	0.0	42.5	1006.8	1.6
20230307	10.9	0.0	40.6	1004.4	1.4
20230308	12.3	0.0	38.8	1002.9	1.1
20230309	12.9	0.0	48.0	999.2	1.7
20230310	13.2	0.0	43.4	1003.7	0.9
20230311	14.7	0.0	49.0	1005.8	1.0
20230312	7.4	3.8	65.1	1002.2	2.8
20230313	3.6	0.0	28.9	1004.9	3.3
20230314	8.6	0.0	41.4	1003.0	1.2
20230315	12.0	0.0	54.6	1003.5	2.4
20230316	7.6	0.0	26.3	1010.1	2.7
20230317	7.9	0.0	47.3	1007.0	1.5
20230318	9.6	0.0	43.8	1001.6	1.7
20230319	9.0	0.0	39.0	1003.0	1.3
20230320	9.8	0.0	42.1	999.3	1.1
20230321	12.7	0.0	42.3	996.5	1.2
20230322	14.5	0.0	62.1	995.1	1.1
20230323	14.4	24.5	94.1	990.8	0.7
20230324	11.2	0.0	72.6	1000.4	2.8
20230325	8.7	0.0	72.0	1003.6	1.8
20230326	10.4	0.3	52.3	1000.0	1.8
20230327	7.0	0.0	40.5	1004.9	1.4
20230328	9.1	0.0	50.0	1007.4	1.4
20230329	11.3	0.0	49.8	1005.9	1.1
20230330	13.3	0.0	41.1	1003.0	1.1
20230331	14.5	0.0	40.5	1002.0	1.3
20230401	14.4	0.0	47.6	1001.4	2.2
20230402	13.1	0.0	48.8	1005.0	2.3
20230403	12.6	0.0	49.3	1008.2	2.4
20230404	14.0	4.0	60.1	1004.9	1.2
20230405	13.6	18.6	89.9	995.0	1.6
20230406	10.4	2.2	79.8	994.5	2.7
20230407	10.1	2.2	58.1	996.7	3.1
20230408	8.7	0.0	35.9	1001.7	3.6
20230409	11.3	0.0	37.8	1002.6	1.9
20230410	13.4	0.0	39.8	999.5	1.6
20230411	15.3	0.9	63.1	995.2	2.2
20230412	12.1	0.0	22.9	1000.4	3.0
20230413	12.7	0.0	34.5	1001.4	1.4
20230414	14.6	0.0	42.6	997.5	0.8
20230415	11.6	1.8	71.5	989.0	0.9
20230416	10.0	0.0	70.3	989.5	1.0
20230417	12.2	0.0	53.9	999.6	1.3
20230418	11.7	1.1	79.1	996.5	0.5
20230419	16.9	0.0	68.6	994.9	1.5
20230420	19.8	0.0	66.8	993.2	1.8
20230421	14.3	0.0	55.1	997.4	2.7
20230422	13.0	0.0	50.9	1004.8	2.7
20230423	12.8	0.0	51.9	1007.9	1.9
20230424	12.3	0.0	55.5	1008.6	2.1
20230425	8.0	2.9	84.5	1000.0	0.9
20230426	9.8	0.0	69.0	997.3	2.3
20230427	12.7	0.0	57.4	1004.1	1.1
20230428	16.9	0.0	52.5	1000.2	1.6
20230429	14.3	12.9	81.8	990.9	1.6
20230430	13.9	0.0	51.6	993.8	3.3
20230501	14.6	0.0	49.3	1000.6	2.2
20230502	15.5	0.0	50.0	1007.0	1.0
20230503	19.0	0.0	49.6	1005.0	1.6
20230504	19.1	0.0	63.9	999.5	1.4
20230505	18.2	40.0	93.1	989.7	0.6
20230506	12.9	30.4	90.9	991.8	2.1
20230507	11.2	0.0	70.5	996.8	1.3
20230508	12.7	0.0	61.8	1000.5	1.0
20230509	16.2	0.0	53.4	999.8	1.7
20230510	17.8	0.0	45.5	1000.5	1.2
20230511	16.4	0.0	59.1	1003.5	1.8
20230512	17.8	0.0	54.0	1001.2	1.0
20230513	18.1	2.4	66.8	996.6	1.5
20230514	17.6	0.0	65.4	993.3	1.3
20230515	19.3	0.0	60.8	993.1	1.0
20230516	22.8	0.0	56.0	995.2	1.7
20230517	23.7	0.0	51.9	997.3	1.5
20230518	17.7	1.4	78.8	996.2	1.1
20230519	19.3	0.0	69.0	994.1	1.6
20230520	20.4	0.0	65.6	994.8	1.7
20230521	20.2	0.0	60.9	992.7	2.3
20230522	17.5	0.0	64.4	992.8	1.1
20230523	17.1	0.0	63.8	994.9	1.4
20230524	18.3	0.0	57.0	999.4	1.0
20230525	21.1	0.0	48.5	1000.2	1.4
20230526	22.4	0.0	50.1	1002.4	1.5
20230527	21.8	0.0	71.8	1002.0	1.1
20230528	19.9	22.4	92.0	997.8	0.6
20230529	19.7	35.2	94.5	995.3	0.9
20230530	19.0	0.0	78.1	996.3	2.5
20230531	19.5	0.0	56.0	996.2	1.6
20230601	19.5	0.0	66.1	991.1	1.2
20230602	22.8	0.0	65.9	986.0	1.8
20230603	21.5	0.0	58.3	991.8	2.0
20230604	21.9	0.0	48.5	994.5	1.8
20230605	21.8	0.0	60.0	994.8	2.0
20230606	21.9	0.0	63.1	990.9	1.5
20230607	22.1	0.0	70.4	993.0	1.6
20230608	23.5	0.0	65.1	989.0	1.3
20230609	23.3	0.0	60.5	988.4	1.6
20230610	21.3	17.8	75.5	990.5	1.0
20230611	20.8	27.3	82.6	990.1	1.2
20230612	21.7	13.2	78.0	990.1	1.3
20230613	21.6	0.0	78.1	988.7	1.0
20230614	20.7	0.4	77.5	990.6	1.3
20230615	19.1	1.3	83.6	993.4	1.1
20230616	22.7	0.0	76.0	996.9	1.2
20230617	25.3	0.0	64.0	996.1	1.3
20230618	25.6	0.0	63.6	991.7	1.5
20230619	24.7	0.0	64.3	992.4	2.2
20230620	22.0	0.0	70.1	991.2	2.3
20230621	19.7	23.5	94.8	986.6	0.6
20230622	22.1	0.0	80.6	987.8	1.6
20230623	23.8	0.0	72.4	994.2	1.4
20230624	24.7	0.0	67.9	999.0	1.4
20230625	24.7	0.0	71.6	997.6	1.3
20230626	22.5	53.0	94.6	993.2	0.9
20230627	26.0	40.9	77.4	993.3	2.2
20230628	24.5	3.6	80.5	992.8	1.8
20230629	24.5	22.2	91.4	987.0	1.4
20230630	23.9	44.5	93.5	985.8	1.1
20230701	25.6	0.0	78.5	990.5	0.9
20230702	26.3	0.0	78.6	993.0	0.9
20230703	26.4	0.0	73.3	991.1	1.8
20230704	24.5	24.9	86.1	986.9	1.1
20230705	25.2	17.0	79.6	980.3	2.7
20230706	25.7	0.0	72.4	987.7	1.1
20230707	20.6	86.7	89.1	988.7	1.0
20230708	23.1	1.7	87.5	988.2	1.0
20230709	25.1	15.2	87.3	988.4	0.9
20230710	25.9	8.5	84.8	989.4	1.2
20230711	23.4	30.0	94.1	990.9	0.9
20230712	25.4	1.7	87.0	990.4	1.1
20230713	24.9	15.8	94.3	990.5	0.6
20230714	24.6	57.8	94.0	985.1	1.9
20230715	23.8	47.3	95.3	987.0	1.0
20230716	24.6	0.6	89.4	992.8	1.0
20230717	25.3	11.0	89.3	996.9	1.2
20230718	23.1	66.1	95.9	996.1	0.9
20230719	25.5	0.0	83.1	992.1	1.2
20230720	26.5	0.0	80.6	993.7	0.9
20230721	25.9	0.0	81.3	997.6	1.2
20230722	25.5	0.0	78.1	998.6	1.1
20230723	26.5	0.0	83.1	994.2	0.9
20230724	26.0	16.3	87.3	994.2	1.1
20230725	25.1	13.9	91.9	998.2	0.7
20230726	25.0	3.8	88.3	1000.4	1.0
20230727	26.5	0.0	84.5	999.5	0.9
20230728	28.2	0.0	82.6	999.1	0.9
20230729	28.5	0.0	79.0	999.2	0.9
20230730	29.0	0.0	75.9	997.8	1.0
20230731	27.9	0.0	78.6	997.3	1.1
20230801	28.7	0.0	78.3	995.7	0.9
20230802	28.8	0.0	79.4	992.7	1.0
20230803	29.6	0.0	75.8	990.9	1.5
20230804	29.6	0.0	77.9	989.1	1.1
20230805	29.9	0.0	77.3	985.4	1.1
20230806	29.6	0.0	75.8	983.7	1.6
20230807	29.3	0.0	73.9	985.0	1.6
20230808	28.8	0.0	73.4	987.9	2.2
20230809	25.4	22.5	86.5	988.4	1.0
20230810	22.9	69.0	90.9	978.4	2.5
20230811	27.0	0.0	72.9	985.9	1.7
20230812	25.2	0.0	82.3	989.2	1.0
20230813	26.2	0.0	80.3	990.2	1.2
20230814	27.0	0.0	75.8	991.2	1.6
20230815	27.1	0.0	74.4	989.4	1.1
20230816	26.7	0.2	76.0	988.8	1.3
20230817	25.8	0.0	82.5	990.6	1.3
20230818	25.8	4.8	84.3	992.4	1.2
20230819	27.9	0.0	81.9	994.8	1.1
20230820	27.6	0.5	84.9	995.9	1.1
20230821	28.2	0.0	80.0	993.5	1.0
20230822	28.6	0.0	76.1	990.5	1.3
20230823	28.2	0.0	74.6	990.8	1.6
20230824	24.8	37.1	90.9	991.6	1.8
20230825	25.9	37.9	79.1	992.1	1.7
20230826	25.4	0.0	77.8	994.1	1.1
20230827	25.4	0.0	75.3	994.0	1.5
20230828	25.7	0.0	78.6	993.4	2.1
20230829	26.0	0.5	86.8	991.7	1.1
20230830	23.0	91.5	95.9	993.6	1.1
20230831	22.9	32.5	86.9	995.1	0.9
20230901	23.3	0.0	80.3	996.3	0.9
20230902	23.6	1.3	83.8	997.1	1.6
20230903	25.5	0.0	83.5	997.6	0.9
20230904	26.1	0.0	78.5	997.2	1.6
20230905	25.6	0.0	68.9	996.7	1.4
20230906	24.4	0.0	74.3	997.1	1.2
20230907	22.5	0.0	71.8	999.8	1.7
20230908	22.4	0.0	73.3	998.1	1.1
20230909	22.8	0.0	74.4	996.4	1.1
20230910	23.1	0.0	77.1	995.7	1.2
20230911	24.4	0.0	75.9	994.3	1.1
20230912	24.9	0.4	81.0	995.5	0.8
20230913	23.0	15.2	90.6	995.9	0.9
20230914	22.3	8.1	89.4	997.7	0.7
20230915	21.4	25.1	95.0	999.1	0.6
20230916	22.9	10.2	94.0	997.5	0.7
20230917	24.5	1.6	89.5	995.4	0.7
20230918	25.3	2.4	82.0	996.9	1.0
20230919	23.2	0.0	81.8	998.6	1.3
20230920	20.7	87.6	93.0	995.4	1.1
20230921	19.3	5.7	86.9	995.6	1.0
20230922	19.8	0.0	78.1	1000.4	0.8
20230923	19.5	0.0	77.6	1004.7	1.5
20230924	19.4	0.0	69.5	1005.2	1.7
20230925	20.4	3.3	81.3	1001.5	1.1
20230926	19.7	41.9	96.3	998.4	0.4
20230927	20.9	1.4	95.9	996.0	0.6
20230928	21.7	0.0	82.6	997.6	1.7
20230929	19.2	0.0	88.3	998.7	0.6
20230930	18.2	2.2	82.1	995.7	1.4
20231001	17.4	0.0	70.6	998.2	1.5
20231002	15.3	0.0	75.6	1002.7	0.8
20231003	14.4	0.0	88.9	1002.7	0.7
20231004	15.9	1.1	84.0	998.1	1.0
20231005	13.9	0.0	58.9	999.3	2.2
20231006	13.3	0.0	73.6	1003.2	0.7
20231007	15.7	0.0	76.1	1006.9	1.3
20231008	16.2	0.0	73.6	1007.7	1.2
20231009	15.6	0.0	82.5	1003.9	0.7
20231010	16.3	0.0	74.9	1004.8	1.2
20231011	14.9	0.0	77.1	1009.2	1.2
20231012	15.0	0.0	75.6	1008.7	1.0
20231013	15.9	0.0	77.8	1002.3	0.7
20231014	13.6	1.6	86.6	994.8	0.9
20231015	13.8	0.0	82.8	994.9	1.4
20231016	14.0	0.0	74.1	999.0	1.2
20231017	11.7	0.0	70.9	1003.3	0.7
20231018	12.8	0.0	78.3	1003.9	0.9
20231019	14.0	3.1	86.4	1000.5	0.7
20231020	12.0	2.7	60.6	999.4	2.6
20231021	8.6	0.0	64.9	1004.4	1.2
20231022	10.3	0.0	69.9	1006.9	1.3
20231023	12.1	0.0	81.0	1007.0	0.7
20231024	12.4	0.0	81.8	1004.6	0.9
20231025	13.4	0.0	83.5	1002.2	0.7
20231026	14.8	0.0	81.1	999.2	0.8
20231027	12.0	0.0	83.5	998.6	0.7
20231028	11.8	0.0	81.5	1003.1	1.0
20231029	11.5	0.0	79.9	1006.3	0.7
20231030	11.6	0.0	82.6	1006.6	0.7
20231031	12.5	0.0	75.0	1006.0	0.8
20231101	13.1	0.0	81.5	1003.3	0.5
20231102	15.8	0.0	76.4	1002.0	0.8
20231103	16.4	0.0	74.1	1000.5	1.1
20231104	16.5	1.7	86.1	1005.8	1.1
20231105	18.3	2.3	86.0	1002.8	1.2
20231106	16.4	13.8	67.6	991.5	4.0
20231107	8.5	0.0	52.5	1003.3	3.9
20231108	7.3	0.0	69.5	1007.1	0.7
20231109	10.9	2.0	80.4	1004.4	0.8
20231110	8.3	6.3	57.8	1005.9	2.4
20231111	2.8	0.0	58.1	1010.9	1.1
20231112	1.7	0.0	55.0	1009.6	2.0
20231113	2.2	0.0	52.3	1010.2	2.0
20231114	4.2	0.0	62.5	1009.8	1.4
20231115	4.5	0.0	72.1	1011.4	0.9
20231116	3.3	4.8	91.4	1004.4	0.7
20231117	3.7	0.2	67.0	996.3	2.8
20231118	0.9	0.0	53.0	999.8	3.8
20231119	6.8	0.0	68.0	1000.9	2.0
20231120	5.9	0.0	60.5	1006.8	1.1
20231121	4.6	0.0	68.6	1005.7	0.7
20231122	6.4	0.0	70.0	1001.3	0.8
20231123	10.9	0.0	54.4	996.7	2.2
20231124	1.4	0.0	39.1	1009.4	3.6
20231125	-1.5	0.0	43.1	1015.1	0.9
20231126	2.8	0.0	51.8	1008.9	0.6
20231127	3.6	1.0	91.3	999.0	0.4
20231128	3.8	0.0	54.0	1003.5	3.4
20231129	1.8	0.0	64.0	1007.4	2.2
20231130	-2.7	0.0	46.6	1010.2	3.2
20231201	-1.6	0.0	49.1	1008.3	2.7
20231202	0.8	0.0	63.6	1008.7	1.1
20231203	2.7	0.0	47.8	1009.1	1.7
20231204	0.8	0.0	60.6	1005.6	0.7
20231205	2.4	0.0	62.6	1001.9	0.7
20231206	2.9	1.1	77.3	995.2	0.8
20231207	5.6	0.0	51.5	999.4	2.6
20231208	5.3	0.0	74.6	1000.1	0.8
20231209	8.2	0.0	80.8	1002.6	0.6
20231210	10.0	0.0	77.9	1007.4	1.2
20231211	11.3	22.2	86.0	1001.4	1.6
20231212	7.3	0.0	69.8	1004.8	1.1
20231213	5.2	0.0	82.8	1012.7	0.7
20231214	7.7	16.3	88.9	1008.3	0.9
20231215	7.7	35.0	95.5	996.3	0.9
20231216	-0.7	0.5	72.4	1002.6	4.7
20231217	-7.4	0.0	44.4	1014.8	3.8
20231218	-5.6	0.0	48.9	1016.9	1.5
20231219	-2.4	0.0	51.8	1011.2	0.9
20231220	-4.3	0.0	54.9	1008.1	3.3
20231221	-8.7	0.0	44.0	1011.2	3.2
20231222	-9.0	0.0	40.9	1017.1	2.9
20231223	-6.7	0.0	53.1	1019.3	1.1
20231224	-4.3	0.0	69.5	1014.3	0.9
20231225	-2.6	0.0	73.9	1012.2	1.3
20231226	1.2	0.0	69.1	1012.5	1.7
20231227	1.1	0.0	69.9	1014.2	0.6
20231228	0.2	0.0	72.3	1011.5	1.3
20231229	-0.3	0.0	75.4	1010.3	0.9
20231230	-0.2	0.0	81.6	1002.6	0.6
20231231	2.6	0.9	87.5	1000.9	1.5
20240101	3.2	0.0	76.6	1011.0	0.6
20240102	3.4	0.0	74.0	1005.3	1.3
20240103	2.4	0.0	73.1	1002.3	1.8
20240104	0.3	0.0	67.0	1005.9	1.2
20240105	2.7	0.0	77.5	1004.0	1.3
20240106	1.9	0.0	54.1	1004.5	2.2
20240107	-2.3	0.0	49.8	1007.4	3.5
20240108	-4.7	0.0	49.1	1009.7	1.1
20240109	-3.0	1.0	75.9	1003.8	0.4
20240110	0.5	0.0	84.3	1003.4	0.9
20240111	-0.1	0.0	75.5	1001.6	2.2
20240112	3.8	0.0	46.1	1001.0	2.8
20240113	0.5	0.0	43.0	1007.8	1.4
20240114	0.7	0.9	76.6	1005.1	0.8
20240115	-0.7	0.0	58.6	1009.2	2.4
20240116	-2.3	0.0	60.3	1015.8	0.7
20240117	-0.2	2.5	77.8	1010.2	0.6
20240118	3.9	3.5	88.0	1007.2	1.0
20240119	4.5	0.0	70.9	1013.3	2.5
20240120	3.7	5.5	83.8	1009.7	1.3
20240121	4.2	0.0	82.1	1007.4	0.8
20240122	-4.5	0.0	60.3	1007.8	4.8
20240123	-9.9	0.0	54.5	1006.7	4.3
20240124	-8.1	0.0	50.9	1007.5	3.2
20240125	-5.2	0.0	48.0	1010.7	1.8
20240126	-1.9	0.0	56.6	1011.6	1.5
20240127	-0.5	0.0	60.4	1009.9	1.3
20240128	-0.7	0.0	60.5	1011.5	1.5
20240129	-2.1	0.0	65.5	1014.1	0.9
20240130	-0.5	0.0	64.1	1013.0	0.6
20240131	4.4	0.0	58.4	1007.4	0.7
20240201	3.0	0.0	66.8	1009.0	1.9
20240202	3.1	0.0	69.6	1011.7	1.0
20240203	3.1	0.5	82.4	1012.2	1.2
20240204	4.4	0.1	79.9	1009.9	1.4
20240205	3.5	7.3	78.0	1004.8	1.8
20240206	1.2	0.0	85.5	1008.2	1.0
20240207	1.2	0.0	67.3	1006.1	1.3
20240208	0.3	0.0	71.8	1004.7	0.8
20240209	0.6	0.0	63.3	1005.1	1.5
20240210	0.9	0.0	66.5	1006.9	1.6
20240211	0.2	0.0	67.1	1007.5	2.2
20240212	2.1	0.0	60.3	1013.0	0.9
20240213	5.5	0.0	63.6	1010.2	1.2
20240214	8.0	1.0	82.8	1005.9	0.7
20240215	6.0	0.1	85.0	1001.8	1.7
20240216	2.4	0.0	63.1	1008.3	0.8
20240217	3.5	0.0	65.3	1006.1	0.9
20240218	6.6	11.5	77.0	1004.2	0.8
20240219	12.0	22.2	94.0	995.7	1.3
20240220	5.7	3.3	86.3	1007.7	2.2
20240221	2.9	8.1	88.6	1006.9	1.8
20240222	1.2	2.9	81.4	1010.8	1.6
20240223	1.4	0.0	68.6	1014.2	1.4
20240224	1.5	0.6	69.9	1013.2	1.6
20240225	2.3	0.9	87.6	1006.8	0.8
20240226	3.1	0.2	72.6	1011.4	1.3
20240227	1.8	0.0	66.4	1015.1	1.5
20240228	3.5	0.0	67.6	1013.0	0.6
20240229	2.4	3.6	88.5	1006.2	0.6
20240301	-1.4	0.0	44.8	1004.3	3.8
20240302	-2.0	0.0	47.8	1004.8	2.6
20240303	4.0	0.4	70.0	1001.5	1.8
20240304	6.2	0.0	64.9	1004.7	1.1
20240305	5.6	4.1	85.8	999.7	0.9
20240306	5.2	0.0	71.3	1000.7	1.8
20240307	3.5	0.1	69.4	1001.0	1.3
20240308	2.2	0.0	51.4	1000.4	3.3
20240309	1.7	0.0	49.8	1007.1	1.4
20240310	3.4	0.0	53.3	1011.3	1.3
20240311	5.2	0.0	55.6	1004.4	0.9
20240312	3.7	0.5	80.3	999.2	0.7
20240313	6.1	0.0	62.9	1003.8	2.1
20240314	8.0	0.0	48.6	1004.9	1.7
20240315	10.6	0.0	43.8	1006.7	2.1
20240316	12.0	0.0	47.1	1004.6	1.2
20240317	11.3	0.0	47.0	998.7	3.1
20240318	7.6	0.0	43.8	1004.6	1.5
20240319	7.3	0.1	48.5	998.9	3.1
20240320	4.0	0.4	51.4	1002.2	2.9
20240321	4.4	0.0	53.3	1002.3	1.8
20240322	8.6	3.3	66.3	999.2	1.5
20240323	13.0	0.1	68.1	998.8	1.8
20240324	11.0	0.0	59.1	1003.1	2.4
20240325	8.5	8.1	75.8	1001.3	2.1
20240326	6.2	14.1	86.3	1002.8	0.9
20240327	8.2	0.0	81.8	1007.3	0.9
20240328	7.9	24.5	91.9	994.3	0.9
20240329	10.3	0.0	68.6	990.7	2.8
20240330	9.9	0.0	57.4	995.9	1.2
20240331	11.4	0.0	51.9	995.9	1.2
20240401	12.5	0.0	47.6	997.7	1.8
20240402	14.9	0.0	47.1	998.1	1.2
20240403	12.2	17.7	90.9	992.1	1.0
20240404	11.7	0.7	63.6	1000.6	2.1
20240405	12.4	0.0	63.3	1003.4	1.2
20240406	12.9	0.0	64.6	1002.5	1.1
20240407	15.6	0.0	53.9	1001.0	1.0
20240408	17.2	0.0	49.3	999.6	1.1
20240409	11.9	0.0	44.1	1006.4	3.0
20240410	11.5	0.0	60.5	1009.5	1.0
20240411	14.8	0.0	58.3	1005.4	1.0
20240412	16.6	0.0	57.3	1002.0	0.9
20240413	18.7	0.0	53.4	1001.3	1.0
20240414	19.4	0.0	47.8	1001.9	1.3
20240415	14.8	20.3	84.1	996.1	0.7
20240416	15.1	1.0	72.4	995.5	1.8
20240417	15.4	0.0	59.9	995.6	1.2
20240418	17.2	0.0	54.0	993.9	1.3
20240419	18.5	0.0	51.9	996.2	1.2
20240420	14.2	9.8	80.9	995.4	1.3
20240421	15.1	1.1	79.3	995.8	1.7
20240422	15.4	0.0	63.8	998.6	2.4
20240423	14.1	2.0	67.0	997.1	2.7
20240424	13.0	4.8	80.9	992.0	1.5
20240425	15.8	0.0	68.3	994.8	1.5
20240426	16.7	0.0	69.0	994.0	0.8
20240427	19.4	0.0	59.3	994.5	1.0
20240428	19.1	0.0	60.4	997.7	1.5
20240429	14.8	1.7	83.0	994.5	1.7
20240430	15.8	0.0	81.5	991.3	1.6
20240501	14.2	0.0	54.9	997.8	2.3
20240502	15.1	0.0	64.5	1002.2	1.1
20240503	18.3	0.0	54.3	1002.2	0.9
20240504	19.2	0.0	51.0	1000.8	1.1
20240505	16.9	24.8	89.6	996.4	0.9
20240506	16.9	5.7	82.5	991.5	2.6
20240507	12.6	2.6	87.6	996.1	1.5
20240508	12.8	0.0	66.9	1001.9	1.4
20240509	14.9	0.0	64.9	1002.1	1.7
20240510	19.0	0.0	53.3	1001.6	1.4
20240511	19.3	5.8	66.8	996.7	2.1
20240512	17.8	5.0	63.6	993.7	2.1
20240513	17.2	0.0	57.5	998.0	1.4
20240514	18.2	0.0	57.9	999.3	1.3
20240515	16.0	36.5	67.8	994.3	1.7
20240516	12.8	11.3	63.0	992.2	3.1
20240517	17.3	0.0	64.3	998.5	1.3
20240518	19.4	0.0	61.9	1000.8	1.2
20240519	21.0	0.0	63.0	998.5	1.1
20240520	18.5	0.0	73.3	999.3	1.4
20240521	17.6	0.0	74.9	1004.0	2.3
20240522	19.8	0.0	70.1	999.8	1.2
20240523	22.3	0.0	60.9	994.4	1.5
20240524	19.5	0.0	58.5	997.2	2.2
20240525	18.6	0.0	53.1	1001.4	2.1
20240526	19.5	16.1	71.0	991.4	1.5
20240527	19.0	0.5	62.5	987.0	3.0
20240528	17.1	0.0	66.6	990.8	1.3
20240529	19.2	0.0	63.8	996.8	1.3
20240530	20.2	0.0	69.0	995.5	1.0
20240531	21.9	0.0	56.4	993.3	1.8
20240601	19.7	0.0	67.4	994.0	1.8
20240602	17.9	0.0	71.4	994.5	1.5
20240603	18.7	0.0	67.1	996.2	1.9
20240604	19.1	0.0	62.6	1000.7	1.4
20240605	20.8	0.0	56.8	1002.8	1.4
20240606	20.5	0.0	60.8	1001.2	0.9
20240607	22.1	0.0	61.8	997.8	1.0
20240608	20.3	11.0	79.9	994.5	1.0
20240609	22.6	0.2	78.1	992.3	0.8
20240610	24.4	0.0	67.3	991.9	1.4
20240611	25.7	0.0	62.9	991.1	1.4
20240612	25.8	0.0	58.6	989.4	1.0
20240613	26.0	0.0	58.3	989.0	1.1
20240614	26.7	0.0	59.5	989.5	1.1
20240615	23.8	3.5	77.5	988.0	1.1
20240616	24.0	0.0	63.5	990.3	1.9
20240617	22.7	0.0	61.1	992.0	1.3
20240618	25.8	0.0	56.8	990.6	1.5
20240619	27.1	0.0	56.5	992.7	0.9
20240620	25.5	0.0	60.3	990.0	1.3
20240621	25.2	0.0	67.0	987.7	1.3
20240622	22.4	15.4	88.9	984.2	0.7
20240623	24.4	3.8	85.6	983.1	1.3
20240624	25.7	5.3	71.1	987.7	1.9
20240625	22.2	0.0	61.6	994.7	2.3
20240626	23.2	0.0	60.9	999.4	1.0
20240627	22.3	0.0	75.0	996.9	0.6
20240628	24.5	0.0	65.9	992.0	1.0
20240629	24.9	20.7	76.9	989.7	1.2
20240630	25.1	26.1	87.4	983.3	1.8
20240701	26.2	0.0	73.8	988.4	1.2
20240702	22.7	38.9	90.0	991.4	1.3
20240703	26.2	13.1	78.9	993.0	2.3
20240704	26.8	0.0	74.8	992.0	1.3
20240705	26.4	0.7	73.9	989.0	2.5
20240706	27.0	0.0	79.4	989.2	1.3
20240707	25.2	39.5	92.5	989.1	1.2
20240708	23.5	211.2	97.1	988.7	1.2
20240709	23.5	6.2	95.6	990.2	0.8
20240710	23.6	43.2	87.8	985.6	1.4
20240711	25.6	0.0	82.3	986.5	1.0
20240712	25.6	0.5	84.1	987.3	0.9
20240713	25.5	0.0	77.9	991.4	1.7
20240714	24.1	0.8	83.0	995.7	2.1
20240715	25.4	1.0	79.0	997.4	1.9
20240716	25.1	14.9	86.0	996.4	1.1
20240717	25.9	4.9	87.9	994.4	0.9
20240718	26.1	6.6	86.6	988.8	1.6
20240719	26.3	0.2	85.4	990.5	1.3
20240720	25.3	3.4	90.0	992.7	0.8
20240721	27.7	1.0	81.0	992.4	2.2
20240722	28.8	0.0	78.3	991.8	1.4
20240723	27.6	1.1	82.4	990.1	1.8
20240724	27.6	0.1	88.3	990.0	1.1
20240725	28.8	0.2	80.3	992.0	0.9
20240726	29.4	0.0	76.1	996.4	1.2
20240727	28.7	0.1	83.3	1000.4	1.1
20240728	29.2	0.0	79.9	998.2	1.2
20240729	28.9	0.0	75.4	993.9	2.8
20240730	28.3	0.0	78.3	992.3	1.7
20240731	29.0	0.0	75.6	991.7	1.7
20240801	29.5	0.0	75.0	989.9	1.4
20240802	30.6	0.0	76.3	989.4	1.4
20240803	30.6	0.0	77.0	992.0	1.2
20240804	29.6	0.0	76.5	993.3	1.4
20240805	27.8	7.8	80.8	993.4	1.3
20240806	26.8	0.7	85.5	992.8	1.0
20240807	28.1	0.0	82.9	991.1	0.8
20240808	27.8	0.0	81.5	989.6	1.4
20240809	28.3	0.0	76.6	989.4	1.2
20240810	28.8	0.0	71.0	989.2	1.5
20240811	28.5	0.0	73.5	988.8	1.4
20240812	28.8	0.0	70.9	990.4	1.9
20240813	28.2	0.0	70.4	993.4	1.7
20240814	28.5	0.0	68.1	993.7	1.9
20240815	28.2	0.0	70.5	993.5	1.7
20240816	27.2	0.0	76.5	994.5	1.4
20240817	28.3	0.0	73.9	995.8	1.4
20240818	28.4	0.0	71.4	995.1	1.8
20240819	29.1	0.0	72.9	994.0	1.2
20240820	28.8	1.0	81.8	995.1	1.6
20240821	28.6	1.0	82.9	994.2	1.2
20240822	29.0	2.2	80.5	990.9	1.8
20240823	27.6	0.0	76.4	993.4	1.6
20240824	28.3	0.0	74.1	994.9	1.1
20240825	28.7	0.0	74.4	993.9	1.5
20240826	27.9	0.2	78.6	991.9	1.1
20240827	24.5	45.7	89.6	992.1	1.3
20240828	25.4	0.0	75.8	994.3	1.8
20240829	26.3	0.0	78.1	991.2	1.5
20240830	27.5	0.0	75.9	988.8	1.0
20240831	26.1	0.0	74.1	991.7	1.5
20240901	26.4	0.0	70.8	992.4	1.2
20240902	25.6	0.0	74.1	994.5	1.2
20240903	25.0	0.0	63.6	997.9	2.3
20240904	24.5	0.0	69.8	995.4	1.2
20240905	26.5	0.0	69.5	992.7	1.8
20240906	24.7	0.0	82.9	996.8	1.3
20240907	24.0	0.0	87.3	998.9	0.7
20240908	26.7	0.0	80.8	998.7	1.8
20240909	27.4	0.0	73.6	998.8	1.7
20240910	28.4	0.0	71.8	998.7	1.0
20240911	26.9	37.9	84.0	1001.3	1.0
20240912	25.8	0.0	93.4	1000.2	0.4
20240913	27.7	0.2	85.4	994.4	0.8
20240914	28.4	0.0	79.8	991.4	1.3
20240915	27.0	0.0	79.3	996.0	2.8
20240916	26.2	0.0	79.1	1001.4	1.5
20240917	28.4	0.0	79.1	999.8	1.0
20240918	27.4	22.9	84.4	999.3	1.1
20240919	26.4	0.0	91.8	999.7	0.6
20240920	25.5	9.9	96.8	996.0	0.6
20240921	19.8	81.6	97.6	992.6	1.1
20240922	21.1	0.0	78.3	997.3	2.1
20240923	18.7	0.0	66.5	1003.5	1.9
20240924	19.3	0.0	76.3	1001.7	1.3
20240925	22.3	1.6	79.0	999.5	0.9
20240926	22.7	0.0	82.0	997.8	0.8
20240927	22.8	0.0	79.5	998.2	1.1
20240928	21.3	0.0	80.0	1003.7	1.6
20240929	20.2	0.0	73.3	1005.5	1.6
20240930	18.6	0.0	79.4	1000.8	0.9
20241001	18.0	0.0	77.0	995.7	1.7
20241002	14.8	0.0	57.4	1002.2	1.2
20241003	14.3	1.4	80.3	1005.9	1.0
20241004	16.0	0.0	79.6	1008.4	1.1
20241005	16.5	0.0	77.6	1007.7	0.9
20241006	16.9	0.0	85.8	1004.5	0.8
20241007	16.1	6.6	89.0	1001.6	0.8
20241008	16.2	0.0	86.3	1001.3	1.0
20241009	15.8	0.0	79.9	1001.6	1.4
20241010	15.6	0.0	79.6	1000.2	0.7
20241011	16.2	0.5	81.8	1002.8	0.7
20241012	15.7	0.0	79.0	1007.5	0.7
20241013	16.5	0.0	78.8	1008.6	1.3
20241014	17.0	7.1	89.8	1004.6	0.7
20241015	17.2	7.3	96.6	1002.3	0.6
20241016	18.6	0.0	86.3	1006.9	0.8
20241017	17.5	0.0	88.6	1007.5	0.8
20241018	18.9	12.9	90.4	999.4	0.8
20241019	16.3	3.5	85.4	1003.3	2.0
20241020	12.0	0.0	67.5	1015.7	2.0
20241021	14.6	0.5	86.1	1008.9	0.5
20241022	16.7	21.6	98.6	999.6	0.5
20241023	14.3	0.7	73.4	999.3	3.3
20241024	10.9	0.0	83.4	1006.3	0.8
20241025	13.8	0.0	84.5	1010.0	1.0
20241026	16.2	0.0	81.6	1006.2	1.3
20241027	13.5	0.9	95.5	999.1	0.5
20241028	13.9	0.5	84.6	1000.4	1.5
20241029	13.1	0.0	79.1	1003.9	0.8
20241030	12.5	0.0	85.8	1006.9	0.6
20241031	13.3	0.0	85.9	1007.9	0.7
20241101	12.5	1.8	97.6	1004.4	0.7
20241102	16.0	0.0	82.0	1002.3	0.9
20241103	13.2	0.0	86.8	1007.1	0.7
20241104	12.4	0.0	81.4	1004.1	0.9
20241105	10.6	0.0	71.9	1004.3	1.4
20241106	6.6	0.0	54.5	1009.3	1.3
20241107	7.1	0.0	79.6	1013.9	0.7
20241108	10.8	0.0	83.9	1012.5	1.0
20241109	12.6	0.0	82.9	1011.0	1.1
20241110	12.1	0.0	88.5	1006.8	0.6
20241111	12.4	0.0	89.1	1004.5	0.7
20241112	12.5	0.0	73.8	1003.3	1.1
20241113	12.1	0.0	76.5	1007.5	1.2
20241114	12.5	0.0	83.1	1005.6	0.6
20241115	13.3	1.3	90.4	1004.2	0.4
20241116	15.7	0.0	82.1	1000.9	0.7
20241117	10.9	0.0	64.6	1004.4	2.5
20241118	3.3	0.0	49.8	1014.5	1.5
20241119	4.0	0.0	76.8	1014.0	0.5
20241120	5.3	0.0	76.6	1007.6	0.9
20241121	7.4	0.0	78.5	1004.3	1.2
20241122	7.1	0.0	58.9	1006.0	1.7
20241123	4.6	0.0	72.5	1011.7	1.2
20241124	4.9	0.0	79.4	1013.8	0.5
20241125	7.8	0.0	77.6	1010.2	1.1
20241126	7.7	15.7	72.8	995.8	2.8
20241127	2.0	4.1	80.6	995.7	2.7
20241128	2.7	0.4	75.1	994.6	2.9
20241129	2.1	0.0	67.3	995.8	2.6
20241130	4.6	0.0	64.8	999.0	2.5
20241201	6.0	0.0	79.6	1000.6	0.7
20241202	8.2	0.0	72.8	1000.1	1.7
20241203	2.9	0.0	49.3	1005.5	2.6
20241204	1.9	0.0	45.3	1004.6	2.0
20241205	3.8	0.0	59.8	1000.3	2.1
20241206	3.5	0.0	49.0	1003.2	3.2
20241207	1.4	0.0	47.4	1006.1	2.7
20241208	-0.3	0.0	42.5	1008.3	2.6
20241209	-0.8	0.0	58.6	1007.9	1.0
20241210	1.2	0.0	55.9	1006.6	1.0
20241211	1.7	0.0	62.8	1005.7	0.5
20241212	1.1	0.0	54.4	1006.9	1.2
20241213	1.4	0.0	37.6	1004.6	1.8
20241214	-0.6	0.0	44.4	1007.2	2.4
20241215	0.5	0.0	67.0	1003.8	2.1
20241216	0.8	0.0	52.0	1005.3	2.2
20241217	0.8	0.0	46.6	1007.7	2.5
20241218	-2.5	0.0	48.3	1008.4	1.9
20241219	-2.7	0.0	54.4	1012.2	0.6
20241220	-1.0	0.0	65.4	1006.4	1.0
20241221	-0.5	1.7	71.5	1001.6	2.1
20241222	-3.6	0.0	49.1	1008.9	2.7
20241223	-1.6	0.0	61.0	1009.3	1.4
20241224	-0.3	0.0	46.8	1011.0	1.3
20241225	-0.7	0.0	64.5	1008.9	1.2
20241226	1.8	0.0	52.4	1005.8	3.0
20241227	-2.3	0.0	45.4	1008.0	3.3
20241228	-2.6	0.0	47.6	1006.2	3.0
20241229	0.0	0.0	61.3	1008.9	1.6
20241230	3.0	0.0	67.6	1003.3	1.2
20241231	2.3	0.0	36.9	1002.6	2.8
