Date	TEMP	RAIN	HUMID	HPA	WIND
20050101	-0.5	0.0	46.3	1017.0	2.2
20050102	1.6	0.0	64.1	1017.1	1.8
20050103	6.1	0.0	56.6	1012.5	2.0
20050104	0.5	0.0	36.4	1017.9	2.3
20050105	-0.9	0.0	44.9	1022.4	1.6
20050106	3.6	0.5	60.9	1017.0	1.9
20050107	2.9	0.0	46.4	1019.0	2.7
20050108	0.1	0.0	45.8	1020.7	2.1
20050109	-2.4	0.0	35.9	1020.9	2.6
20050110	-1.5	0.0	53.8	1020.0	1.9
20050111	0.9	0.0	51.6	1018.1	3.3
20050112	-0.5	0.0	50.9	1018.5	2.9
20050113	-1.6	0.0	63.4	1018.4	1.3
20050114	-0.8	0.0	57.3	1016.1	1.2
20050115	0.5	0.0	51.0	1012.1	1.9
20050116	1.1	0.0	54.0	1010.8	2.7
20050117	1.4	0.0	60.4	1016.5	1.2
20050118	2.8	0.0	62.3	1015.5	1.2
20050119	1.9	0.0	45.1	1017.3	2.7
20050120	-0.5	0.0	46.4	1022.1	3.8
20050121	-1.4	0.0	48.6	1025.7	1.6
20050122	1.3	0.0	41.8	1020.9	1.0
20050123	2.7	5.5	87.4	1016.5	1.2
20050124	3.4	0.0	75.4	1012.0	1.1
20050125	0.5	12.0	89.5	1009.2	0.9
20050126	2.7	5.0	85.4	1012.2	0.7
20050127	3.2	0.0	63.4	1010.9	0.9
20050128	3.3	0.0	50.4	1009.0	1.3
20050129	2.2	0.0	59.5	1006.6	2.4
20050130	-1.6	0.0	50.5	1012.9	2.2
20050131	-1.1	0.5	51.8	1007.9	3.3
20050201	-4.8	0.0	53.3	1006.7	5.1
20050202	-1.9	0.0	51.6	1012.9	4.0
20050203	-0.3	0.0	56.8	1017.1	1.8
20050204	1.8	0.0	51.3	1015.7	0.9
20050205	2.5	0.0	44.4	1017.1	1.3
20050206	2.8	0.0	56.6	1020.8	1.2
20050207	5.7	0.0	72.1	1018.7	1.1
20050208	5.8	0.0	77.8	1018.2	0.9
20050209	4.0	3.5	69.3	1017.4	1.5
20050210	-0.2	0.0	47.5	1021.7	2.6
20050211	-1.6	0.0	44.3	1025.6	1.5
20050212	-1.8	0.0	45.3	1024.2	1.0
20050213	0.7	0.0	42.4	1024.2	1.5
20050214	2.1	7.0	65.3	1022.8	1.2
20050215	3.9	46.0	97.9	1013.9	2.3
20050216	5.0	11.0	98.0	1008.9	1.2
20050217	6.5	0.0	77.6	1016.5	2.0
20050218	3.4	10.5	82.3	1016.3	2.6
20050219	1.5	0.0	64.0	1013.1	3.3
20050220	-2.3	0.0	43.8	1018.7	3.0
20050221	-2.0	0.0	44.6	1020.5	2.4
20050222	2.4	0.0	61.3	1014.2	1.9
20050223	4.9	0.0	44.6	1011.5	2.3
20050224	2.1	0.0	67.6	1007.9	1.1
20050225	1.4	0.0	31.6	1013.5	2.8
20050226	-1.5	0.0	38.9	1020.1	1.9
20050227	-0.2	0.0	45.3	1020.1	1.2
20050228	2.3	0.0	45.1	1018.2	1.3
20050301	3.0	0.0	35.0	1020.4	1.4
20050302	4.3	0.0	52.5	1021.0	1.4
20050303	2.4	0.0	48.9	1019.3	1.8
20050304	1.6	0.0	40.8	1017.5	1.8
20050305	0.4	0.0	50.0	1016.8	2.4
20050306	3.8	0.0	43.3	1020.2	2.1
20050307	7.1	0.0	50.4	1018.6	3.1
20050308	10.3	0.0	70.0	1016.2	1.4
20050309	9.9	0.0	80.5	1014.7	1.2
20050310	12.8	0.0	82.8	1007.5	1.2
20050311	6.5	0.0	64.9	1005.8	3.1
20050312	-0.6	0.0	36.1	1014.1	3.7
20050313	0.4	0.0	37.1	1014.3	3.4
20050314	3.9	0.0	46.5	1015.1	2.1
20050315	5.3	0.0	72.4	1016.0	1.0
20050316	8.1	13.0	76.6	1016.4	1.2
20050317	9.1	52.5	74.6	1006.6	2.0
20050318	6.2	0.0	40.4	1015.7	3.7
20050319	5.6	0.0	40.0	1020.1	1.4
20050320	9.3	0.0	36.6	1015.6	2.1
20050321	8.8	6.0	61.5	1014.4	1.5
20050322	8.6	54.0	87.1	1003.2	1.3
20050323	9.9	0.0	62.0	1006.9	1.7
20050324	4.2	1.0	47.6	1009.0	4.3
20050325	5.8	0.0	40.4	1013.8	3.1
20050326	10.6	0.0	53.1	1016.3	2.3
20050327	7.7	20.0	92.5	1011.4	0.6
20050328	11.8	0.0	62.4	1004.1	2.3
20050329	6.5	0.0	42.5	1007.8	2.8
20050330	9.0	0.0	34.5	1008.7	1.9
20050331	12.4	0.0	37.1	1011.2	1.8
20050401	11.4	0.0	49.1	1013.5	1.2
20050402	12.9	0.0	52.9	1009.5	1.8
20050403	8.5	1.0	68.4	1010.1	2.2
20050404	10.8	0.0	50.5	1014.4	1.8
20050405	13.1	0.0	45.0	1013.6	1.8
20050406	14.9	13.5	79.3	1008.1	2.7
20050407	17.9	0.0	73.5	1004.9	1.6
20050408	15.2	0.0	70.3	1011.0	1.2
20050409	12.6	3.5	81.8	1010.5	0.8
20050410	15.4	68.5	84.6	1004.0	2.6
20050411	11.6	0.0	62.4	1010.8	1.8
20050412	10.7	0.5	63.9	1008.6	1.2
20050413	12.1	0.0	39.8	1008.9	2.0
20050414	12.7	0.0	41.9	1012.9	1.9
20050415	12.7	0.0	44.8	1014.8	1.6
20050416	12.0	0.0	38.8	1016.0	1.4
20050417	13.7	0.0	49.8	1016.8	1.0
20050418	16.4	0.0	67.9	1018.1	1.2
20050419	14.9	22.5	81.5	1014.8	1.5
20050420	15.2	62.5	37.4	1004.8	3.6
20050421	13.2	0.0	39.3	1003.9	2.9
20050422	14.9	0.0	23.9	1009.9	3.1
20050423	12.3	0.0	45.9	1013.6	1.4
20050424	13.1	0.0	58.8	1012.8	1.2
20050425	14.8	0.0	63.8	1007.5	1.7
20050426	15.2	0.0	45.5	1006.9	1.4
20050427	16.2	0.0	58.6	1003.9	1.6
20050428	18.1	0.0	75.3	1000.8	1.5
20050429	21.1	0.0	75.0	1002.0	1.7
20050430	18.0	31.0	94.5	1001.1	1.4
20050501	20.2	5.5	84.8	996.2	0.9
20050502	17.4	0.0	70.9	1004.9	1.1
20050503	17.8	0.0	54.5	1006.7	1.3
20050504	18.0	0.0	57.1	1006.1	1.3
20050505	17.2	84.5	85.5	999.7	1.3
20050506	15.6	7.5	89.4	993.3	1.6
20050507	13.9	0.0	80.8	1003.3	1.3
20050508	14.7	0.0	75.1	1000.8	1.3
20050509	15.7	0.0	40.8	1001.2	2.2
20050510	13.7	0.0	48.1	1006.5	1.5
20050511	15.2	0.0	55.9	1004.6	1.5
20050512	17.6	1.0	67.0	1002.7	1.4
20050513	15.8	0.0	72.8	1008.9	1.4
20050514	16.2	0.0	69.1	1008.8	1.0
20050515	17.7	0.0	66.9	1011.3	1.3
20050516	17.0	0.0	65.1	1012.4	1.4
20050517	18.2	42.0	72.0	1006.8	2.2
20050518	17.2	95.5	77.9	999.7	3.2
20050519	19.3	0.0	53.9	1007.9	1.8
20050520	19.6	0.0	46.1	1007.7	1.5
20050521	18.8	0.0	46.0	1005.6	0.9
20050522	19.9	0.0	52.1	1000.4	1.7
20050523	19.5	0.0	47.9	1003.5	3.0
20050524	16.6	0.0	57.8	1009.1	1.5
20050525	17.4	0.0	71.9	1010.4	1.3
20050526	20.0	0.0	62.0	1008.6	1.1
20050527	20.5	0.0	54.9	1008.8	1.0
20050528	19.9	0.0	58.3	1011.6	1.0
20050529	18.9	0.0	63.0	1013.2	1.5
20050530	19.0	0.0	74.9	1007.9	0.9
20050531	21.1	0.0	60.9	1002.5	1.3
20050601	18.6	49.0	80.5	1000.6	1.3
20050602	18.3	39.0	90.6	997.4	1.1
20050603	21.5	0.0	69.3	997.9	1.7
20050604	18.8	0.0	71.5	1002.1	1.4
20050605	19.4	0.0	72.4	1006.8	1.2
20050606	19.9	0.0	73.1	1008.1	1.0
20050607	20.7	0.0	69.6	1008.4	0.9
20050608	22.7	0.0	65.3	1007.6	0.9
20050609	22.6	0.0	66.9	1003.6	1.0
20050610	19.2	104.0	90.9	994.9	1.1
20050611	22.0	0.5	77.5	994.1	0.9
20050612	23.6	0.0	70.4	997.7	1.2
20050613	22.4	0.0	70.5	1002.1	1.1
20050614	22.0	0.0	63.8	1001.6	1.5
20050615	20.8	0.0	77.6	1001.0	1.1
20050616	21.1	0.0	75.1	1003.4	1.1
20050617	20.7	0.0	79.1	1002.9	1.1
20050618	21.7	0.0	74.6	1000.6	1.0
20050619	22.0	0.0	66.6	998.2	0.9
20050620	23.0	0.0	70.3	999.0	1.0
20050621	24.0	0.0	66.8	998.5	1.1
20050622	24.1	0.0	73.1	999.1	1.0
20050623	25.4	0.0	67.5	999.8	1.0
20050624	25.7	0.0	68.1	1000.5	0.9
20050625	25.0	0.0	73.8	1002.0	1.2
20050626	24.2	17.5	88.3	1000.0	2.0
20050627	25.5	0.0	79.6	998.3	3.6
20050628	24.6	4.0	87.0	1001.0	2.5
20050629	24.7	0.5	86.3	1003.2	1.8
20050630	24.0	3.5	88.1	1004.4	1.1
20050701	24.4	31.0	87.0	1000.8	1.6
20050702	24.7	30.0	88.8	998.2	0.8
20050703	24.4	2.0	86.3	995.6	1.3
20050704	24.5	35.5	81.1	993.6	2.0
20050705	21.8	5.0	89.5	995.5	0.6
20050706	24.9	0.0	76.3	996.7	1.5
20050707	23.0	0.0	82.6	1002.3	1.2
20050708	21.7	19.5	89.1	1002.7	0.6
20050709	23.5	4.0	85.9	995.9	1.6
20050710	23.4	2.0	83.8	1000.9	1.1
20050711	21.5	43.0	91.0	998.3	1.2
20050712	21.9	0.5	82.8	1003.3	1.1
20050713	23.1	12.5	80.8	1005.4	0.8
20050714	23.2	0.0	80.5	1009.2	1.0
20050715	24.4	0.5	86.3	1010.0	0.8
20050716	24.9	1.0	85.6	1010.3	0.5
20050717	25.7	0.0	80.6	1008.8	0.8
20050718	27.2	0.0	77.8	1007.7	1.1
20050719	27.0	0.0	71.1	1005.3	1.0
20050720	26.5	0.0	77.8	1002.6	1.0
20050721	27.1	0.0	79.0	1002.1	0.8
20050722	27.8	0.0	77.1	1003.3	0.7
20050723	26.2	0.0	79.5	1003.3	0.8
20050724	26.2	0.0	76.3	1002.4	1.2
20050725	25.5	0.0	77.3	1000.0	0.9
20050726	25.7	0.0	77.3	998.2	1.1
20050727	27.0	0.0	74.0	1000.0	1.1
20050728	26.2	5.0	79.3	997.8	2.2
20050729	24.9	45.5	82.1	999.4	1.8
20050730	24.4	0.0	82.4	1001.9	0.8
20050731	26.5	0.0	79.3	1001.5	1.0
20050801	26.5	10.0	81.5	998.8	1.6
20050802	26.2	27.5	86.0	998.8	1.6
20050803	27.7	19.0	78.4	1000.4	2.2
20050804	27.7	0.0	75.6	1004.2	1.8
20050805	26.8	0.0	74.6	1005.2	1.1
20050806	26.6	0.0	76.4	1004.5	1.1
20050807	26.1	1.5	82.0	1005.0	1.0
20050808	24.8	77.5	91.9	1004.7	1.7
20050809	27.3	2.0	79.0	1004.1	2.3
20050810	27.3	0.0	75.6	1004.2	1.6
20050811	27.1	7.0	75.5	1004.7	1.9
20050812	27.8	0.0	73.3	1006.9	1.6
20050813	28.6	0.0	70.3	1007.3	2.0
20050814	27.9	0.0	71.1	1004.8	1.2
20050815	27.2	0.0	76.1	1002.4	0.8
20050816	27.5	0.0	75.5	1001.5	0.9
20050817	26.4	0.0	80.5	1002.9	0.8
20050818	26.0	0.0	78.6	1003.4	0.9
20050819	24.5	28.5	87.8	1001.6	0.9
20050820	21.9	61.0	94.8	999.9	0.8
20050821	23.6	3.0	85.3	1000.9	1.2
20050822	22.4	1.0	85.8	1005.6	1.4
20050823	22.6	0.0	71.4	1007.0	2.4
20050824	20.5	56.0	84.9	1002.9	2.0
20050825	23.8	4.5	81.6	998.9	1.8
20050826	22.9	0.0	69.0	1005.3	2.1
20050827	22.5	0.0	73.5	1007.0	0.9
20050828	23.5	0.0	72.9	1006.3	1.1
20050829	23.7	0.0	70.3	1005.7	1.0
20050830	22.1	0.0	78.9	1004.3	0.9
20050831	24.1	0.0	71.0	1006.5	1.1
20050901	26.1	0.0	82.3	1009.0	0.9
20050902	26.6	0.0	80.9	1008.8	0.8
20050903	25.3	1.0	81.9	1007.5	1.1
20050904	22.5	0.0	78.6	1007.8	2.6
20050905	21.8	0.0	70.8	1004.1	3.7
20050906	22.4	24.5	75.0	991.6	4.0
20050907	24.5	0.0	65.6	999.5	1.5
20050908	23.6	0.0	75.9	1007.2	1.1
20050909	22.2	4.0	85.5	1009.2	0.7
20050910	24.0	3.0	85.8	1009.8	0.7
20050911	24.0	0.0	89.8	1011.3	0.5
20050912	25.2	0.0	83.4	1012.0	0.8
20050913	25.0	8.0	84.0	1007.0	2.1
20050914	23.3	0.0	73.9	1008.4	2.3
20050915	21.2	0.0	74.3	1012.4	1.5
20050916	21.2	0.0	75.3	1011.4	1.0
20050917	25.1	0.0	77.1	1011.8	1.4
20050918	26.0	3.0	79.8	1013.3	1.6
20050919	23.4	0.0	82.0	1011.3	0.8
20050920	22.6	15.5	81.8	1008.6	1.2
20050921	19.1	17.5	91.8	1008.3	1.3
20050922	22.8	2.0	81.8	1006.8	1.2
20050923	20.4	0.0	85.0	1009.9	2.0
20050924	21.5	0.0	73.5	1010.2	1.8
20050925	19.5	0.0	68.3	1011.9	1.7
20050926	19.7	0.0	69.0	1014.4	1.5
20050927	18.9	0.0	73.0	1016.1	2.1
20050928	19.3	0.0	72.6	1014.8	1.5
20050929	19.9	0.0	68.8	1013.5	2.3
20050930	20.8	10.0	80.6	1011.7	1.4
20051001	25.2	25.5	81.4	1009.4	1.6
20051002	22.8	0.0	70.5	1010.2	1.3
20051003	20.0	0.0	73.9	1011.8	1.0
20051004	15.5	9.0	79.0	1012.9	1.2
20051005	15.3	0.0	75.4	1013.6	1.4
20051006	17.1	0.0	75.9	1013.4	1.3
20051007	17.5	0.5	87.4	1007.9	0.9
20051008	18.2	0.0	74.0	1011.4	1.2
20051009	17.3	0.0	74.4	1016.9	1.4
20051010	17.5	0.0	67.5	1017.6	1.8
20051011	17.8	0.0	62.0	1016.5	1.9
20051012	18.6	0.0	67.1	1014.6	1.6
20051013	19.0	0.0	74.4	1011.8	1.1
20051014	18.5	1.0	76.0	1009.0	1.0
20051015	15.0	0.0	55.5	1008.9	1.6
20051016	14.3	0.0	64.4	1010.9	1.3
20051017	14.8	0.0	61.3	1014.4	1.7
20051018	16.0	0.0	59.3	1017.6	1.3
20051019	15.7	0.0	73.0	1020.1	1.6
20051020	15.6	0.0	70.8	1018.7	1.3
20051021	14.8	0.0	72.8	1012.2	1.6
20051022	11.1	0.0	52.8	1012.6	1.6
20051023	11.1	0.0	57.9	1012.8	1.5
20051024	13.3	0.0	66.0	1013.6	1.7
20051025	13.2	0.0	71.9	1017.7	1.0
20051026	15.0	0.0	76.3	1018.5	1.1
20051027	15.0	0.0	78.6	1018.5	1.0
20051028	15.2	0.0	72.0	1012.7	1.4
20051029	12.9	0.0	52.9	1011.3	2.0
20051030	12.0	0.0	53.6	1013.7	2.6
20051031	10.2	0.0	59.6	1017.6	1.3
20051101	11.0	0.0	66.3	1018.9	1.1
20051102	12.5	0.0	69.1	1017.7	1.1
20051103	14.8	0.0	71.3	1015.4	1.0
20051104	16.0	0.0	80.3	1013.1	0.7
20051105	16.2	13.0	93.6	1009.0	0.6
20051106	17.5	15.0	74.1	1001.1	1.6
20051107	13.3	0.0	56.3	1009.0	1.6
20051108	12.7	0.0	43.4	1012.8	2.1
20051109	10.6	0.0	61.3	1014.1	1.1
20051110	12.6	0.0	75.8	1011.8	0.9
20051111	13.4	18.0	93.9	1008.9	0.8
20051112	10.9	0.0	63.5	1016.1	1.1
20051113	11.2	0.0	65.6	1016.4	1.2
20051114	11.4	0.0	55.0	1013.7	1.4
20051115	6.5	0.0	43.9	1015.6	1.5
20051116	5.0	0.0	45.9	1018.0	1.5
20051117	5.7	0.0	41.0	1019.6	1.7
20051118	5.8	0.0	46.6	1023.7	1.4
20051119	5.6	0.0	42.8	1024.2	1.5
20051120	5.3	0.0	38.5	1022.1	1.5
20051121	7.7	0.0	50.8	1020.0	2.0
20051122	7.5	0.0	54.6	1020.7	1.9
20051123	8.0	0.0	66.3	1018.1	1.1
20051124	9.8	0.0	60.8	1014.1	1.5
20051125	8.9	0.0	64.9	1013.1	1.4
20051126	9.8	0.0	68.4	1010.6	1.2
20051127	10.9	0.5	62.8	1012.2	1.8
20051128	9.9	2.0	71.0	1009.6	2.0
20051129	7.5	1.0	40.9	1010.7	3.1
20051130	8.0	0.0	60.8	1012.4	1.4
20051201	7.5	0.0	71.9	1013.6	1.3
20051202	7.0	0.0	51.1	1016.2	1.8
20051203	4.6	0.0	36.9	1016.3	1.2
20051204	2.3	2.0	58.4	1006.8	2.9
20051205	0.4	0.0	50.4	1012.3	3.7
20051206	1.5	0.0	56.4	1017.8	2.1
20051207	1.2	0.0	64.3	1018.5	1.5
20051208	0.8	0.0	65.3	1020.7	1.5
20051209	1.1	0.0	69.0	1022.2	1.0
20051210	2.6	0.0	65.5	1019.7	1.3
20051211	0.0	0.0	42.8	1018.4	2.2
20051212	-0.7	0.0	52.0	1015.6	3.6
20051213	-1.3	0.0	48.3	1015.7	2.4
20051214	-0.3	0.0	49.4	1018.0	1.9
20051215	0.0	0.0	61.3	1017.2	2.0
20051216	1.7	0.0	64.1	1017.0	2.2
20051217	-2.4	0.0	45.3	1018.7	3.9
20051218	-2.4	0.0	53.6	1022.8	1.8
20051219	1.4	0.0	59.8	1021.7	1.6
20051220	0.9	0.0	40.0	1021.2	1.2
20051221	-1.8	2.5	72.0	1010.6	2.5
20051222	-1.9	0.0	60.6	1011.0	2.8
20051223	3.8	0.0	57.9	1010.5	2.3
20051224	-0.5	0.0	45.5	1017.1	1.6
20051225	3.1	0.0	48.3	1013.1	2.7
20051226	-0.6	0.0	39.0	1018.8	2.6
20051227	-1.3	0.0	45.3	1023.6	1.6
20051228	-1.4	0.0	43.0	1024.9	1.2
20051229	0.5	0.0	36.8	1024.3	1.3
20051230	2.7	0.0	55.6	1023.6	1.2
20051231	2.9	0.0	66.9	1023.2	1.7
20060101	3.7	0.0	63.1	1017.6	1.6
20060102	4.2	0.0	54.1	1014.0	2.1
20060103	1.9	0.0	32.0	1017.4	1.6
20060104	0.7	0.0	34.9	1018.2	1.3
20060105	-2.1	0.0	31.5	1019.0	1.9
20060106	-1.9	0.0	40.5	1016.6	2.2
20060107	-2.8	0.0	48.3	1019.0	1.7
20060108	-1.4	0.0	52.5	1020.9	1.2
20060109	0.9	0.0	55.0	1018.4	1.6
20060110	2.8	0.0	53.3	1018.3	1.9
20060111	2.0	0.0	46.4	1023.4	1.3
20060112	3.9	0.0	49.3	1022.9	1.3
20060113	6.6	14.5	93.5	1010.8	0.8
20060114	7.2	0.0	88.9	1010.1	0.8
20060115	3.6	0.5	87.1	1015.2	0.6
20060116	2.8	0.5	86.9	1015.3	0.8
20060117	5.0	0.0	53.9	1019.6	1.3
20060118	5.7	0.0	47.1	1019.1	1.0
20060119	4.4	0.0	70.1	1020.1	2.2
20060120	3.5	0.0	68.3	1017.5	1.7
20060121	2.5	0.0	64.5	1012.1	0.9
20060122	1.5	0.0	35.6	1014.5	3.0
20060123	-0.9	0.0	40.4	1021.8	1.5
20060124	0.3	0.0	42.4	1023.9	1.4
20060125	2.0	0.0	40.8	1023.2	1.1
20060126	1.9	0.0	55.0	1019.1	1.3
20060127	2.1	0.0	60.0	1016.2	1.2
20060128	2.8	0.0	59.1	1019.5	1.4
20060129	5.1	0.0	67.1	1020.1	0.9
20060130	7.1	0.0	72.1	1020.5	0.6
20060131	6.5	5.5	92.4	1017.8	1.1
20060201	4.8	6.0	73.1	1015.7	1.6
20060202	2.3	0.0	53.4	1021.4	1.3
20060203	-2.5	0.0	38.4	1026.2	2.5
20060204	-3.8	0.0	45.4	1028.9	1.8
20060205	-1.7	0.0	47.9	1026.5	1.1
20060206	-0.4	5.4	92.4	1015.9	1.1
20060207	1.8	4.0	76.9	1010.4	3.5
20060208	-2.6	0.0	53.3	1023.1	4.3
20060209	-1.7	0.0	49.3	1025.5	2.6
20060210	2.3	0.0	61.0	1015.2	2.4
20060211	4.6	0.0	59.3	1012.7	1.7
20060212	1.6	0.0	38.9	1021.0	1.8
20060213	6.6	0.0	60.0	1016.1	1.9
20060214	12.1	12.0	79.5	1008.2	2.1
20060215	5.6	1.5	84.0	1011.7	1.3
20060216	5.6	0.0	65.3	1014.4	1.8
20060217	0.0	0.0	37.6	1022.9	2.4
20060218	0.7	0.0	48.1	1022.5	1.1
20060219	2.8	0.0	42.0	1020.2	1.1
20060220	5.5	0.0	50.3	1017.2	1.1
20060221	6.7	0.0	55.6	1015.5	1.1
20060222	6.2	0.5	66.8	1015.5	1.5
20060223	4.9	0.0	40.1	1020.9	1.4
20060224	6.1	0.0	47.5	1023.5	1.4
20060225	5.3	10.5	78.1	1018.9	1.2
20060226	7.0	2.5	56.8	1014.5	2.2
20060227	3.6	0.0	43.3	1024.5	1.9
20060228	3.2	3.0	75.6	1020.5	2.1
20060301	2.8	1.0	65.6	1011.7	2.6
20060302	2.2	0.0	46.3	1011.9	3.1
20060303	2.5	0.0	41.3	1016.3	1.9
20060304	4.5	0.0	50.3	1018.4	1.4
20060305	11.3	0.0	73.3	1014.8	1.8
20060306	11.6	0.0	74.8	1013.5	1.2
20060307	10.5	0.0	69.9	1014.4	1.4
20060308	9.7	0.0	62.6	1017.3	1.1
20060309	8.5	0.0	77.3	1016.1	0.9
20060310	10.2	0.0	70.9	1011.6	1.4
20060311	11.6	0.0	65.9	1008.5	1.6
20060312	1.7	0.0	32.1	1012.8	4.4
20060313	-0.5	0.0	44.5	1015.8	3.3
20060314	3.9	0.0	36.5	1014.6	3.8
20060315	6.8	0.0	41.8	1011.9	1.7
20060316	5.2	13.0	80.0	1002.1	1.7
20060317	8.5	0.0	59.0	1009.5	1.2
20060318	8.2	5.5	82.9	1003.3	1.0
20060319	5.9	0.0	40.1	1010.7	2.3
20060320	5.8	0.0	42.9	1013.8	1.4
20060321	9.6	0.0	61.0	1011.5	1.0
20060322	10.8	0.0	62.0	1005.4	1.6
20060323	9.5	0.0	35.9	1005.6	2.4
20060324	7.3	0.0	33.0	1010.6	1.4
20060325	10.6	0.0	43.4	1012.3	1.9
20060326	12.4	0.0	54.5	1009.8	1.7
20060327	10.2	0.0	59.6	1005.2	1.1
20060328	5.2	0.0	39.0	1003.7	4.5
20060329	6.3	0.0	41.6	1007.5	3.4
20060330	8.0	0.0	36.9	1008.9	3.3
20060331	7.6	0.0	56.5	1013.6	1.7
20060401	11.7	23.5	86.1	1004.8	1.6
20060402	11.7	1.0	61.5	998.5	3.1
20060403	14.5	0.0	48.5	1007.9	1.9
20060404	10.2	36.0	90.0	1003.1	1.3
20060405	11.3	2.5	79.4	1005.2	1.7
20060406	10.3	0.0	75.0	1011.2	1.4
20060407	12.2	0.0	64.9	1007.7	2.4
20060408	15.1	0.0	26.4	1010.4	2.1
20060409	11.7	10.0	77.0	1012.8	1.2
20060410	12.7	32.5	94.3	1002.2	2.1
20060411	13.0	41.0	92.4	997.0	1.1
20060412	15.0	0.0	75.8	1003.5	1.4
20060413	10.6	5.5	90.0	1010.2	1.1
20060414	9.4	0.0	62.4	1016.2	1.6
20060415	8.9	0.0	59.9	1011.5	1.5
20060416	10.4	0.0	31.1	1010.0	2.5
20060417	11.5	0.0	47.9	1011.9	1.5
20060418	15.4	0.0	70.9	1012.3	2.4
20060419	12.9	6.0	72.6	1004.8	4.0
20060420	9.0	0.0	47.6	1001.7	6.7
20060421	12.8	0.0	45.3	1003.1	2.8
20060422	9.3	3.0	82.4	1001.3	0.6
20060423	12.1	0.0	63.8	1002.0	2.5
20060424	11.8	0.0	36.4	1007.3	2.6
20060425	13.7	0.0	35.1	1008.4	1.6
20060426	12.5	0.0	65.1	1007.2	0.9
20060427	13.2	0.0	65.4	1007.6	1.2
20060428	14.2	0.0	59.0	1006.8	1.7
20060429	13.2	5.5	82.5	1000.7	1.0
20060430	17.2	0.0	68.0	998.7	1.9
20060501	17.6	0.0	80.5	998.8	1.1
20060502	15.6	0.0	59.1	1006.8	2.2
20060503	12.8	0.0	63.5	1013.7	1.8
20060504	15.8	0.0	73.0	1014.6	1.2
20060505	18.7	0.0	72.6	1012.5	3.4
20060506	17.1	151.5	90.0	1000.1	3.6
20060507	16.1	0.0	90.4	1005.5	0.6
20060508	16.3	0.0	78.4	1011.6	1.4
20060509	16.2	5.5	77.6	1010.0	1.2
20060510	16.4	42.0	91.1	1004.6	0.8
20060511	15.3	0.0	69.9	1014.5	1.5
20060512	14.7	1.0	53.3	1014.7	2.2
20060513	15.2	1.5	56.6	1009.2	2.1
20060514	16.7	0.0	52.8	1010.0	2.3
20060515	15.8	0.0	58.5	1013.4	1.0
20060516	17.1	0.0	62.8	1014.7	0.7
20060517	16.8	0.0	68.3	1012.6	0.6
20060518	16.5	7.0	79.8	1008.1	0.6
20060519	14.5	92.0	93.6	997.9	1.8
20060520	18.7	0.0	72.4	1003.1	1.0
20060521	19.6	0.0	74.5	1008.0	1.1
20060522	18.7	2.0	85.8	1004.2	2.7
20060523	20.0	1.0	63.4	1003.2	1.9
20060524	18.8	0.0	58.8	1008.7	1.5
20060525	16.7	0.0	67.9	1012.7	1.6
20060526	16.0	16.0	87.0	1006.6	1.6
20060527	16.5	13.5	89.6	996.0	1.4
20060528	18.4	0.0	70.0	995.9	1.4
20060529	18.5	0.0	72.8	999.6	1.2
20060530	20.4	0.0	64.1	1004.8	1.3
20060531	20.0	0.0	65.9	1009.4	0.9
20060601	20.2	0.0	65.9	1008.4	0.9
20060602	20.4	0.0	67.9	1005.2	1.0
20060603	18.3	0.0	69.1	1006.7	1.5
20060604	17.6	0.0	79.0	1004.4	0.7
20060605	20.5	0.0	70.6	1001.6	1.0
20060606	21.1	0.0	75.0	1001.2	0.8
20060607	19.7	0.0	75.1	1002.6	1.1
20060608	17.4	13.5	88.0	995.2	1.3
20060609	20.1	0.0	71.8	992.4	1.4
20060610	19.9	9.0	79.4	995.8	2.3
20060611	21.2	0.0	65.6	1000.7	1.8
20060612	20.7	0.0	59.4	1008.1	1.3
20060613	20.5	0.0	63.6	1009.5	1.3
20060614	19.4	117.0	84.9	1000.1	2.7
20060615	21.9	0.0	62.5	995.4	2.9
20060616	20.2	0.0	66.4	1002.9	0.9
20060617	20.6	0.0	67.4	1002.3	0.9
20060618	23.4	0.0	64.5	1002.7	1.1
20060619	23.1	0.0	54.3	1007.2	1.3
20060620	22.8	0.0	65.5	1007.3	1.2
20060621	24.4	0.0	76.1	1004.8	1.2
20060622	21.1	59.0	93.6	1001.4	0.5
20060623	21.2	0.0	85.5	1002.5	0.7
20060624	20.6	0.0	78.0	1005.4	0.9
20060625	18.6	52.5	94.0	1003.0	0.6
20060626	21.9	1.0	83.6	1000.9	1.1
20060627	23.0	0.0	80.5	1000.9	0.9
20060628	24.1	0.0	80.6	1002.9	1.0
20060629	23.2	8.5	85.5	1004.1	1.6
20060630	22.8	27.0	87.0	1002.7	1.7
20060701	22.7	32.5	88.6	1000.4	2.1
20060702	23.9	0.0	79.0	1000.2	1.7
20060703	21.6	0.0	85.1	1000.8	0.9
20060704	21.0	59.0	93.5	994.8	0.9
20060705	20.9	1.0	88.3	993.9	0.7
20060706	19.7	0.0	83.4	997.5	0.6
20060707	22.1	0.0	82.5	999.4	0.6
20060708	22.3	32.0	89.8	1002.4	0.7
20060709	22.7	113.5	92.8	1002.9	0.8
20060710	22.4	264.5	87.5	995.1	4.2
20060711	23.1	25.5	88.4	1003.1	1.2
20060712	26.1	6.5	85.5	1002.7	1.8
20060713	26.9	0.5	81.9	1004.0	1.1
20060714	27.2	0.0	80.4	1006.3	1.5
20060715	26.4	6.5	84.9	1006.0	1.8
20060716	26.2	0.5	82.0	1003.2	2.7
20060717	23.5	3.0	85.9	1001.8	2.3
20060718	24.9	13.5	87.3	997.0	1.7
20060719	20.0	42.0	94.5	999.3	1.1
20060720	19.0	51.0	96.5	998.0	1.0
20060721	21.9	1.0	88.0	997.2	0.6
20060722	24.3	0.0	80.9	997.2	0.9
20060723	21.6	0.0	78.5	999.2	0.7
20060724	21.8	0.0	80.1	1002.3	0.6
20060725	22.9	8.0	83.6	1007.3	0.8
20060726	21.8	20.5	92.3	1010.1	1.0
20060727	25.2	0.0	83.4	1007.5	1.3
20060728	27.4	0.0	72.4	1005.5	2.2
20060729	27.3	0.0	74.9	1007.3	1.5
20060730	28.2	0.0	70.4	1007.6	1.5
20060731	27.6	0.0	71.4	1005.9	1.7
20060801	27.1	0.0	77.1	1006.0	1.3
20060802	26.9	0.0	78.1	1008.5	1.2
20060803	27.4	0.0	73.3	1010.3	0.9
20060804	27.7	0.0	70.1	1009.1	1.2
20060805	27.5	0.0	72.3	1007.1	1.1
20060806	27.9	0.0	71.3	1005.0	1.0
20060807	28.0	0.0	69.1	1003.2	1.0
20060808	28.2	0.0	65.5	1002.9	1.0
20060809	27.9	0.0	66.4	1003.5	1.1
20060810	28.1	0.0	73.8	1003.9	1.0
20060811	28.4	0.0	74.5	1003.8	0.9
20060812	27.7	0.0	76.8	1001.9	0.9
20060813	28.2	0.0	74.8	999.9	0.8
20060814	28.3	0.0	73.6	998.5	1.0
20060815	28.6	0.0	74.1	997.2	0.9
20060816	28.1	0.0	74.8	996.5	1.0
20060817	28.3	0.0	64.8	994.5	1.3
20060818	26.3	1.0	66.0	994.2	3.3
20060819	21.4	15.5	87.4	996.3	1.5
20060820	24.3	0.0	85.3	1000.8	0.7
20060821	25.8	1.5	86.5	1003.6	0.6
20060822	26.1	0.0	83.6	1005.1	0.7
20060823	26.4	0.0	80.4	1005.8	0.6
20060824	26.2	0.5	81.6	1007.2	0.9
20060825	25.9	0.0	79.9	1008.7	1.0
20060826	26.2	4.5	81.1	1006.9	1.1
20060827	24.1	27.5	87.9	1003.4	1.3
20060828	27.0	0.0	76.8	1003.0	1.0
20060829	26.3	0.0	74.0	1003.3	1.0
20060830	22.6	38.0	89.0	1002.4	1.8
20060831	24.2	0.0	70.1	999.6	1.8
20060901	23.8	0.5	66.6	1001.0	1.3
20060902	23.3	0.0	72.6	1003.1	1.2
20060903	23.5	0.0	72.9	1003.7	1.4
20060904	24.3	0.0	74.8	1001.0	1.1
20060905	21.1	3.5	80.5	1001.9	1.8
20060906	18.9	7.0	83.9	1001.9	1.4
20060907	21.2	0.0	66.6	1007.3	1.6
20060908	21.9	0.0	73.5	1008.2	1.8
20060909	22.5	0.0	70.6	1006.9	1.3
20060910	18.1	0.0	55.0	1012.0	1.4
20060911	16.9	1.0	70.3	1014.6	1.2
20060912	18.8	2.5	81.3	1015.6	1.5
20060913	20.3	0.0	74.1	1014.4	2.0
20060914	21.1	0.0	65.6	1012.8	1.9
20060915	18.5	44.5	80.9	1010.3	1.9
20060916	19.0	8.0	83.5	1007.2	1.6
20060917	18.1	66.5	86.6	998.1	3.9
20060918	19.0	11.0	79.6	1001.1	1.4
20060919	20.0	0.0	70.1	1007.9	1.2
20060920	19.3	0.0	75.0	1009.9	1.2
20060921	20.4	0.0	71.1	1011.4	1.5
20060922	20.1	0.0	69.3	1014.0	1.6
20060923	18.9	0.0	65.8	1013.8	1.8
20060924	18.1	0.0	68.4	1012.5	1.5
20060925	18.2	0.0	71.4	1011.6	1.3
20060926	19.7	0.0	69.1	1009.6	1.4
20060927	19.3	0.0	69.5	1010.2	1.2
20060928	18.9	0.0	81.9	1011.1	0.8
20060929	19.5	0.0	70.5	1011.7	1.0
20060930	20.1	0.0	69.5	1013.5	1.5
20061001	19.5	1.0	74.0	1011.4	1.1
20061002	19.4	0.0	71.8	1010.0	1.4
20061003	19.4	0.0	72.9	1009.3	1.2
20061004	19.2	0.0	72.9	1007.0	1.0
20061005	19.6	0.0	61.4	1005.5	2.1
20061006	20.1	0.0	54.4	1004.7	2.3
20061007	18.4	0.0	61.4	1006.0	1.2
20061008	18.7	0.0	74.9	1009.9	1.0
20061009	19.6	0.0	82.3	1011.8	0.8
20061010	20.2	0.0	79.3	1012.7	0.8
20061011	20.9	0.0	62.9	1012.2	1.2
20061012	20.0	0.0	70.4	1014.4	1.2
20061013	17.7	0.0	59.8	1015.5	1.2
20061014	17.9	0.0	71.1	1013.7	1.4
20061015	18.8	0.0	65.0	1012.9	1.2
20061016	18.3	0.0	77.6	1014.6	1.1
20061017	18.4	0.0	78.6	1014.9	0.9
20061018	18.7	0.0	74.1	1016.1	1.2
20061019	19.6	0.0	72.1	1014.9	1.0
20061020	20.3	0.0	60.8	1016.2	1.2
20061021	17.9	0.0	78.9	1018.2	1.1
20061022	18.1	51.5	87.9	1009.6	1.4
20061023	17.3	0.5	56.0	1008.5	2.7
20061024	15.6	0.0	60.4	1018.3	1.8
20061025	15.6	0.0	66.1	1018.5	1.2
20061026	16.1	0.0	79.8	1017.8	0.9
20061027	15.9	0.0	74.6	1016.8	1.1
20061028	14.8	0.0	67.6	1014.0	1.2
20061029	15.6	0.0	64.5	1014.0	1.1
20061030	15.2	0.0	71.6	1016.0	1.2
20061031	15.3	0.0	58.8	1013.7	1.2
20061101	14.9	0.0	62.1	1012.3	1.2
20061102	14.3	0.0	65.9	1011.1	1.3
20061103	14.1	0.0	69.4	1012.0	1.0
20061104	15.3	0.0	73.6	1010.9	1.1
20061105	17.6	1.0	66.9	1007.2	2.5
20061106	11.2	0.0	57.9	1008.2	2.7
20061107	7.3	0.0	57.5	1015.2	2.7
20061108	13.2	0.0	69.1	1015.6	1.2
20061109	18.7	0.0	69.3	1013.3	2.4
20061110	14.0	0.0	53.4	1014.1	1.2
20061111	11.3	2.0	49.8	1009.8	1.8
20061112	7.5	0.0	54.3	1014.7	1.2
20061113	10.4	0.0	73.8	1011.2	0.7
20061114	10.6	0.0	47.8	1011.6	2.5
20061115	10.6	0.0	53.1	1013.8	2.4
20061116	8.3	0.0	42.0	1017.5	1.5
20061117	7.9	0.0	42.4	1020.2	1.3
20061118	7.2	1.0	70.5	1018.1	1.3
20061119	11.6	0.0	62.8	1013.0	1.1
20061120	11.2	0.0	53.0	1012.5	1.1
20061121	10.0	0.0	49.5	1014.0	1.1
20061122	10.5	0.0	59.4	1017.3	1.7
20061123	10.3	0.0	61.3	1017.5	3.1
20061124	9.2	0.0	59.6	1022.8	2.7
20061125	10.3	0.0	64.8	1017.9	1.8
20061126	10.9	11.5	86.9	1008.4	0.9
20061127	10.4	17.0	89.6	1005.5	1.5
20061128	9.3	0.0	71.3	1012.2	1.4
20061129	7.2	0.0	55.5	1017.0	1.3
20061130	6.6	0.0	46.8	1017.5	1.4
20061201	7.1	0.0	61.0	1014.0	1.4
20061202	4.4	0.0	53.9	1016.5	3.5
20061203	0.9	0.0	51.1	1022.7	2.2
20061204	1.3	0.0	61.0	1025.2	1.1
20061205	4.2	0.0	58.1	1025.1	1.1
20061206	5.2	0.0	73.5	1024.9	1.0
20061207	6.7	3.0	88.8	1018.2	1.2
20061208	7.0	8.0	88.0	1018.8	2.5
20061209	5.9	4.5	75.4	1017.1	2.0
20061210	2.9	0.0	58.4	1020.3	1.2
20061211	4.5	0.0	53.9	1020.5	1.1
20061212	6.8	0.0	58.0	1019.3	1.2
20061213	6.9	2.5	79.3	1017.1	0.8
20061214	6.0	0.0	71.3	1014.8	0.9
20061215	5.0	0.0	72.9	1016.6	1.1
20061216	5.5	0.0	65.1	1014.9	1.9
20061217	1.7	0.0	57.9	1016.5	3.4
20061218	1.5	0.0	58.8	1026.3	1.3
20061219	1.7	0.0	48.5	1029.4	1.4
20061220	4.5	0.0	44.0	1026.5	1.4
20061221	5.5	0.0	57.1	1021.1	1.1
20061222	4.6	0.0	58.9	1019.5	1.3
20061223	4.5	0.0	65.5	1018.8	1.3
20061224	5.1	0.0	60.9	1020.1	1.4
20061225	7.9	0.0	66.1	1018.8	1.4
20061226	9.0	0.0	70.0	1012.4	1.4
20061227	6.0	0.0	53.9	1010.1	2.3
20061228	-1.2	0.0	48.0	1016.8	4.6
20061229	-3.0	0.0	43.9	1024.1	1.4
20061230	-0.2	0.0	30.9	1026.2	1.2
20061231	3.0	0.0	43.5	1025.6	1.2
20070101	3.6	1.0	75.5	1021.1	0.5
20070102	6.4	1.5	76.4	1017.3	0.9
20070103	6.5	0.0	72.3	1019.8	1.2
20070104	5.5	0.0	68.5	1021.2	1.4
20070105	5.2	0.0	67.6	1018.6	1.0
20070106	2.5	0.0	58.3	1009.8	4.4
20070107	2.3	0.0	53.6	1014.2	4.4
20070108	2.1	0.0	47.4	1019.8	3.2
20070109	0.4	0.0	56.0	1022.1	1.3
20070110	1.5	0.0	57.9	1024.2	1.2
20070111	1.5	0.0	51.9	1024.8	1.3
20070112	1.7	0.0	49.6	1021.7	2.5
20070113	-0.7	0.0	51.3	1021.5	1.3
20070114	0.2	0.0	45.9	1023.2	1.2
20070115	2.7	0.0	44.9	1021.2	0.9
20070116	3.9	3.0	86.4	1017.9	0.3
20070117	4.6	0.0	57.0	1017.1	1.6
20070118	3.2	0.0	52.8	1019.5	1.6
20070119	2.4	0.0	35.5	1022.1	1.3
20070120	4.7	0.0	41.3	1021.2	1.0
20070121	5.7	0.0	58.9	1020.8	1.0
20070122	4.6	0.0	46.9	1021.3	1.7
20070123	4.6	0.0	54.3	1020.6	1.0
20070124	4.9	0.0	46.0	1018.1	1.3
20070125	2.3	0.0	56.3	1018.8	1.0
20070126	3.2	2.5	63.8	1013.9	2.2
20070127	3.4	0.0	56.5	1018.0	2.7
20070128	1.9	0.0	62.9	1018.6	2.4
20070129	1.4	0.0	59.5	1019.4	1.1
20070130	2.5	0.0	61.5	1017.8	2.1
20070131	1.8	0.0	47.9	1019.9	2.2
20070201	0.1	0.0	44.3	1017.1	3.1
20070202	-0.5	0.0	46.4	1019.0	2.2
20070203	4.1	0.0	52.6	1016.3	3.0
20070204	4.4	0.0	53.4	1018.4	1.5
20070205	6.2	0.0	66.6	1016.3	1.2
20070206	7.4	0.0	71.1	1016.8	0.6
20070207	8.7	0.0	75.4	1019.5	0.7
20070208	8.8	15.0	92.9	1013.8	0.6
20070209	8.0	0.0	71.1	1009.5	2.2
20070210	4.9	0.0	56.1	1009.4	2.9
20070211	4.2	0.0	42.5	1013.9	2.1
20070212	3.5	0.0	45.9	1015.8	1.4
20070213	5.0	82.5	74.0	1011.5	1.2
20070214	5.7	10.0	57.6	1007.1	2.9
20070215	2.4	0.0	45.3	1015.9	2.0
20070216	3.8	0.0	56.8	1016.7	1.1
20070217	4.7	6.0	86.9	1010.5	1.7
20070218	7.2	0.0	72.5	1008.3	1.2
20070219	6.1	0.0	58.8	1011.3	1.0
20070220	7.0	0.0	59.6	1013.8	1.1
20070221	7.7	0.0	45.3	1015.9	1.1
20070222	7.4	0.0	59.0	1010.3	0.9
20070223	8.8	0.0	44.1	1011.2	1.7
20070224	6.4	0.0	45.8	1016.7	1.5
20070225	7.4	0.0	63.0	1017.3	2.3
20070226	7.0	0.0	61.0	1019.6	1.4
20070227	8.3	0.0	62.6	1019.2	1.0
20070228	7.7	0.0	60.0	1023.5	1.7
20070301	7.4	0.0	67.0	1021.8	1.3
20070302	9.0	10.5	85.8	1017.2	0.6
20070303	13.4	4.0	89.3	1014.8	0.6
20070304	13.5	70.0	86.9	1005.9	3.0
20070305	3.0	1.0	57.5	1006.0	4.5
20070306	-0.4	0.0	40.5	1014.8	3.5
20070307	0.8	0.0	49.0	1014.4	2.5
20070308	3.8	0.0	44.4	1016.4	1.9
20070309	5.2	0.0	52.1	1018.5	1.5
20070310	6.0	0.0	56.4	1011.8	2.1
20070311	2.3	0.0	40.8	1015.8	2.9
20070312	5.6	0.0	35.4	1016.6	2.7
20070313	6.9	0.0	31.6	1014.5	1.4
20070314	7.4	0.0	40.6	1015.6	1.1
20070315	6.4	4.5	73.8	1013.5	1.2
20070316	8.3	0.0	69.1	1015.2	1.3
20070317	7.1	0.0	73.8	1017.6	1.5
20070318	7.0	0.0	60.9	1017.9	1.4
20070319	6.8	0.0	65.9	1017.3	1.1
20070320	6.5	0.0	66.1	1019.7	1.4
20070321	8.6	0.0	56.9	1019.2	1.2
20070322	11.5	0.0	48.3	1018.1	1.8
20070323	11.3	0.0	59.9	1015.3	1.3
20070324	14.1	49.0	82.1	999.5	2.6
20070325	13.0	0.0	46.9	1003.8	1.8
20070326	13.1	0.0	41.8	1009.5	1.3
20070327	14.8	0.0	55.0	1006.5	1.9
20070328	13.1	0.0	55.4	1005.8	2.4
20070329	13.3	0.0	77.4	1001.9	2.2
20070330	11.9	0.0	70.9	1007.4	1.8
20070331	12.5	2.0	75.9	1001.2	1.9
20070401	10.4	1.5	60.1	1005.2	1.2
20070402	9.5	0.0	39.9	1009.5	2.8
20070403	7.1	0.0	35.0	1013.0	2.8
20070404	9.0	0.0	40.3	1016.1	2.3
20070405	8.9	0.0	58.3	1020.7	1.8
20070406	11.7	0.0	56.0	1016.5	1.6
20070407	12.8	0.0	43.5	1013.2	1.7
20070408	12.1	0.0	50.3	1012.4	1.7
20070409	11.2	0.0	41.9	1015.4	1.6
20070410	11.7	0.0	44.4	1015.2	1.4
20070411	11.9	0.0	61.4	1015.0	1.6
20070412	13.6	0.0	71.3	1012.2	1.7
20070413	14.8	26.5	63.4	1004.7	3.6
20070414	12.5	0.0	54.0	1007.3	1.6
20070415	13.1	3.0	54.9	1004.1	1.3
20070416	8.0	23.0	85.0	1002.0	2.4
20070417	9.7	0.0	66.6	1008.6	1.2
20070418	11.0	0.5	70.9	1009.3	1.1
20070419	12.9	0.0	53.6	1011.7	1.9
20070420	16.1	0.0	67.8	1009.0	2.8
20070421	17.7	0.0	78.6	1007.8	1.8
20070422	17.9	3.0	77.4	1004.1	1.4
20070423	13.3	0.0	53.4	1009.2	1.8
20070424	13.5	0.0	57.8	1006.5	1.2
20070425	15.7	0.0	41.1	1006.3	2.6
20070426	16.7	0.0	50.9	1012.2	1.4
20070427	16.4	0.0	57.0	1014.2	1.9
20070428	16.4	0.0	29.6	1015.3	1.6
20070429	17.2	0.0	33.5	1013.9	1.6
20070430	15.1	12.5	59.6	1009.1	1.3
20070501	13.8	4.0	83.8	999.5	2.0
20070502	17.8	0.0	41.9	1004.8	3.5
20070503	17.5	0.0	56.3	1006.8	1.6
20070504	17.9	0.0	71.8	1003.7	1.4
20070505	17.1	0.0	83.8	1002.5	0.9
20070506	16.2	6.0	84.3	997.7	0.8
20070507	20.1	0.0	53.1	1000.8	1.6
20070508	22.5	0.0	33.8	1006.1	2.8
20070509	17.9	15.0	54.6	1005.8	2.2
20070510	18.0	1.0	54.4	1008.7	1.9
20070511	17.7	0.0	56.0	1011.7	1.6
20070512	16.3	13.0	74.8	1004.6	1.8
20070513	17.5	0.0	43.6	1008.1	2.5
20070514	18.6	0.0	50.3	1006.8	2.3
20070515	18.0	0.0	61.9	1007.7	1.4
20070516	16.7	31.5	85.6	996.8	2.1
20070517	19.5	0.0	49.6	993.1	3.5
20070518	18.5	0.5	49.4	995.1	3.0
20070519	17.4	0.0	60.1	1002.1	1.8
20070520	16.2	0.0	72.4	1007.5	1.5
20070521	17.5	0.0	67.0	1007.8	1.0
20070522	18.5	0.0	51.1	1007.3	1.6
20070523	19.2	0.0	72.3	1006.0	1.4
20070524	19.8	56.5	81.1	999.2	2.1
20070525	23.3	10.5	53.6	993.6	2.4
20070526	23.8	0.0	34.6	999.8	1.8
20070527	24.0	0.0	39.0	1002.8	2.2
20070528	17.7	0.0	63.5	1008.3	1.4
20070529	19.6	0.0	67.4	1004.8	1.1
20070530	20.4	0.0	58.8	1003.4	1.7
20070531	18.3	0.0	71.6	1007.3	1.4
20070601	17.4	0.0	71.0	1006.6	1.3
20070602	17.1	0.0	80.0	1005.4	1.2
20070603	21.1	0.0	63.3	1006.1	2.1
20070604	21.0	0.0	68.3	1006.2	1.2
20070605	22.5	0.0	66.6	1004.0	2.3
20070606	23.6	0.0	60.1	1003.6	2.4
20070607	24.2	0.0	51.5	1003.4	1.9
20070608	23.8	0.0	51.4	1002.8	2.5
20070609	18.2	0.0	72.3	1005.4	1.5
20070610	19.1	0.0	70.4	1006.3	1.5
20070611	20.7	0.0	70.6	1006.2	1.0
20070612	21.7	0.0	61.3	1006.2	1.3
20070613	19.9	5.5	79.4	1001.9	0.8
20070614	19.3	16.0	82.1	1000.3	1.4
20070615	20.0	0.0	70.6	1003.7	1.7
20070616	21.2	0.0	45.1	1005.5	2.8
20070617	20.8	0.0	63.3	1006.2	1.1
20070618	22.4	0.0	70.6	1006.9	1.0
20070619	21.8	0.0	73.8	1008.2	1.1
20070620	23.3	0.0	74.3	1007.1	1.1
20070621	23.3	12.5	84.9	1001.9	1.3
20070622	21.8	2.0	86.9	998.9	1.2
20070623	21.2	8.0	85.6	1002.5	0.7
20070624	23.2	11.5	81.8	995.6	1.4
20070625	21.9	6.0	83.9	997.2	1.0
20070626	23.3	0.5	81.0	1000.2	1.0
20070627	23.8	0.0	76.8	1003.1	0.7
20070628	24.5	0.5	87.0	1000.9	1.8
20070629	25.3	2.0	76.4	999.8	1.6
20070630	23.3	0.0	72.8	1003.0	1.5
20070701	20.4	111.0	94.1	1000.7	1.0
20070702	22.4	4.5	89.4	998.2	0.8
20070703	24.6	0.0	74.1	998.3	1.5
20070704	21.1	50.0	89.1	995.5	1.4
20070705	23.5	0.0	77.0	999.6	0.9
20070706	20.5	15.5	90.3	998.2	0.5
20070707	23.3	0.0	78.0	998.7	1.1
20070708	22.2	0.0	80.8	999.3	0.9
20070709	20.5	41.0	89.8	997.7	0.7
20070710	22.6	37.0	87.1	992.9	1.0
20070711	22.6	0.0	81.3	998.3	1.1
20070712	24.0	0.0	79.6	1001.8	0.8
20070713	21.9	10.5	89.9	1001.3	1.4
20070714	22.3	0.0	74.1	992.9	3.5
20070715	22.7	0.0	67.4	997.2	1.7
20070716	20.6	21.0	85.4	995.7	1.4
20070717	24.6	0.0	67.6	997.2	2.5
20070718	24.1	0.0	76.4	998.5	1.2
20070719	25.1	27.5	86.6	995.6	1.5
20070720	24.9	17.5	83.0	996.5	1.1
20070721	23.3	0.0	82.5	999.3	0.5
20070722	25.0	0.0	71.5	1000.6	1.0
20070723	24.8	0.0	68.9	1004.2	1.1
20070724	25.7	0.0	76.9	1004.9	0.8
20070725	28.7	0.0	71.3	1004.6	1.4
20070726	29.2	0.0	72.6	1004.7	0.9
20070727	29.3	0.0	69.1	1004.0	1.6
20070728	29.6	0.0	61.8	1003.5	1.8
20070729	28.1	0.0	65.1	1004.0	1.2
20070730	25.3	0.0	71.3	1004.8	1.2
20070731	25.6	0.0	75.5	1002.5	1.1
20070801	27.9	0.0	73.0	1001.0	1.5
20070802	28.0	0.0	73.5	998.8	0.7
20070803	29.3	0.0	70.9	998.6	1.1
20070804	27.8	4.0	74.9	1002.2	1.8
20070805	25.1	12.5	85.9	1005.3	0.9
20070806	24.5	5.5	85.8	1008.5	0.8
20070807	24.5	69.0	90.1	1006.8	1.7
20070808	26.6	31.0	84.5	1005.7	3.1
20070809	27.1	9.5	82.0	1006.8	2.6
20070810	27.0	3.0	81.0	1005.0	2.0
20070811	27.8	0.0	69.3	1001.3	1.6
20070812	26.1	32.5	82.6	996.7	4.3
20070813	25.7	63.5	85.4	996.7	2.8
20070814	26.0	4.5	83.5	999.3	3.1
20070815	26.3	11.5	83.8	1006.6	1.5
20070816	26.7	0.0	82.0	1008.1	0.8
20070817	28.3	0.0	75.9	1006.1	0.9
20070818	27.3	0.0	77.0	1004.3	0.8
20070819	27.5	0.0	70.3	1005.2	1.1
20070820	27.5	0.0	74.1	1005.2	1.0
20070821	28.1	0.0	72.6	1003.6	1.4
20070822	27.2	0.0	74.5	1003.2	1.4
20070823	27.1	0.0	76.1	1006.5	0.9
20070824	27.0	0.0	68.1	1010.3	1.2
20070825	27.2	0.0	72.0	1011.1	1.2
20070826	27.7	8.0	76.9	1010.0	1.2
20070827	28.0	0.5	72.4	1007.5	1.4
20070828	26.5	0.5	81.1	1005.0	0.8
20070829	24.2	30.0	92.9	1002.0	0.7
20070830	21.4	4.5	88.4	1001.0	1.7
20070831	21.7	0.5	85.4	1004.1	1.5
20070901	18.7	83.5	93.6	1000.9	2.3
20070902	20.0	6.0	93.6	999.8	0.6
20070903	22.9	0.0	82.0	1003.8	0.7
20070904	21.0	22.0	87.8	1005.1	1.8
20070905	19.4	74.5	93.6	1002.5	2.4
20070906	19.4	34.5	92.8	999.3	2.0
20070907	21.4	5.0	80.9	999.7	0.7
20070908	22.9	0.0	69.3	1001.9	1.1
20070909	21.6	0.0	68.3	1004.6	1.0
20070910	22.5	0.0	67.9	1007.2	1.1
20070911	22.6	0.0	65.8	1006.6	1.0
20070912	22.6	0.0	75.0	1007.2	1.1
20070913	23.2	0.0	76.0	1007.8	1.2
20070914	20.9	22.0	92.8	1005.5	1.3
20070915	23.0	76.0	92.3	1001.6	1.2
20070916	22.0	91.5	90.4	998.1	3.4
20070917	22.8	3.5	79.8	1007.1	1.4
20070918	21.6	1.5	88.0	1009.3	1.6
20070919	25.6	0.0	81.5	1007.9	1.6
20070920	26.8	0.0	78.4	1008.5	2.8
20070921	26.4	0.0	73.5	1009.7	1.8
20070922	24.3	0.0	78.3	1012.6	1.5
20070923	19.7	3.0	86.0	1013.5	2.9
20070924	19.8	6.0	90.0	1011.3	1.5
20070925	22.4	0.0	76.0	1010.4	1.0
20070926	21.3	0.0	73.9	1011.3	1.2
20070927	23.1	0.0	71.6	1008.1	1.3
20070928	22.4	0.0	74.1	1010.1	1.4
20070929	19.7	0.0	73.4	1015.2	1.4
20070930	19.8	0.0	71.5	1013.4	1.6
20071001	19.6	0.0	76.8	1010.7	1.0
20071002	21.1	0.0	74.6	1011.5	1.0
20071003	21.7	0.0	75.9	1013.1	0.9
20071004	22.3	0.0	77.3	1011.7	1.0
20071005	21.7	0.0	67.5	1011.3	1.8
20071006	20.1	0.0	67.9	1010.6	2.4
20071007	19.0	85.5	85.3	1007.3	0.9
20071008	19.6	11.5	90.0	1006.6	0.6
20071009	18.9	0.0	64.8	1008.3	1.7
20071010	18.9	0.0	71.6	1010.9	1.2
20071011	18.5	0.0	62.1	1012.2	1.2
20071012	17.1	0.0	64.4	1015.9	1.4
20071013	17.1	0.0	62.4	1016.7	1.3
20071014	16.8	0.0	60.6	1014.4	1.3
20071015	16.9	0.0	67.4	1016.4	1.4
20071016	16.0	0.0	69.5	1015.7	1.2
20071017	15.5	0.0	65.0	1015.3	1.5
20071018	15.1	0.0	67.0	1015.2	1.3
20071019	14.8	0.0	56.6	1010.6	2.5
20071020	10.6	0.0	47.6	1013.6	3.3
20071021	11.7	0.0	61.9	1014.5	1.1
20071022	14.5	0.0	62.0	1014.4	1.3
20071023	15.5	0.0	72.0	1018.7	1.3
20071024	16.3	0.0	78.4	1019.8	1.3
20071025	16.1	11.5	89.9	1015.9	1.0
20071026	17.5	23.5	81.3	1011.3	1.2
20071027	15.2	0.0	69.3	1011.2	1.5
20071028	16.0	0.0	71.9	1010.9	1.5
20071029	14.0	0.0	58.0	1014.8	2.0
20071030	12.2	0.5	70.5	1018.5	1.1
20071031	12.7	0.0	69.0	1017.2	1.0
20071101	12.6	0.0	51.1	1014.9	2.5
20071102	10.3	0.0	55.9	1016.3	2.2
20071103	11.0	0.0	63.3	1019.2	1.3
20071104	12.3	0.0	68.3	1022.1	1.5
20071105	13.2	0.0	71.0	1019.6	1.0
20071106	13.1	0.0	70.3	1017.5	1.3
20071107	12.8	0.0	61.0	1015.7	1.4
20071108	12.7	0.0	62.6	1014.9	1.1
20071109	13.7	0.0	67.4	1015.0	1.3
20071110	12.0	0.0	56.4	1013.9	2.3
20071111	10.7	0.0	57.0	1013.7	1.9
20071112	9.5	0.0	59.6	1014.5	1.2
20071113	9.5	0.0	62.4	1015.1	1.1
20071114	10.7	0.0	63.4	1016.4	1.0
20071115	11.9	0.0	66.8	1018.3	1.3
20071116	9.3	0.0	48.8	1016.4	1.4
20071117	7.9	0.0	54.8	1011.6	2.3
20071118	4.9	0.0	34.4	1018.7	3.2
20071119	3.4	0.0	49.5	1020.3	1.4
20071120	6.9	0.0	46.3	1018.4	3.0
20071121	5.8	0.0	51.4	1022.5	1.5
20071122	5.9	0.0	45.0	1025.0	1.2
20071123	8.0	0.0	61.4	1021.1	1.1
20071124	9.5	0.0	60.6	1019.9	1.4
20071125	7.9	0.0	57.8	1020.4	1.1
20071126	10.1	0.0	61.5	1015.2	1.5
20071127	6.7	0.0	45.9	1011.4	1.2
20071128	5.6	0.0	49.0	1012.6	1.7
20071129	9.6	0.0	56.0	1014.0	1.2
20071130	5.8	0.0	45.0	1017.9	2.1
20071201	6.1	0.0	48.6	1018.8	1.8
20071202	6.9	8.5	76.0	1014.3	1.3
20071203	6.4	0.0	54.5	1017.8	2.2
20071204	2.7	0.0	46.4	1024.9	2.9
20071205	1.6	0.0	53.3	1024.6	1.2
20071206	2.4	0.0	58.3	1018.3	1.0
20071207	5.7	0.0	60.9	1015.4	2.5
20071208	4.4	0.0	57.4	1018.6	2.0
20071209	3.8	0.0	61.1	1020.1	1.2
20071210	4.9	0.0	62.4	1017.1	1.2
20071211	9.4	0.0	69.1	1011.1	1.1
20071212	6.6	9.0	77.5	1008.7	1.0
20071213	5.7	0.0	54.6	1007.0	2.8
20071214	3.9	0.0	49.6	1011.2	2.9
20071215	5.1	0.0	54.4	1014.3	2.4
20071216	2.8	0.0	55.9	1019.8	1.3
20071217	4.5	0.0	56.8	1017.2	1.6
20071218	4.8	0.0	48.1	1016.2	1.8
20071219	3.5	0.0	59.8	1015.5	1.3
20071220	4.7	0.0	68.6	1018.7	1.2
20071221	5.1	7.0	81.4	1020.9	1.0
20071222	7.7	0.0	73.8	1015.1	2.0
20071223	6.2	0.0	68.1	1015.5	1.5
20071224	4.9	0.0	63.3	1020.9	1.5
20071225	8.1	0.0	65.3	1020.6	1.8
20071226	8.4	0.0	70.0	1022.4	1.5
20071227	7.6	12.0	80.4	1017.3	1.1
20071228	8.3	21.5	85.9	1007.8	1.7
20071229	5.3	0.0	54.4	1005.6	3.8
20071230	0.2	0.0	56.5	1006.5	4.3
20071231	0.1	0.0	53.8	1009.6	4.5
20080101	-0.7	0.0	52.8	1013.7	4.1
20080102	1.5	0.0	48.4	1018.1	3.7
20080103	3.7	0.0	58.5	1018.8	2.4
20080104	2.1	0.0	69.1	1018.9	1.2
20080105	3.4	0.0	62.0	1017.0	1.3
20080106	2.8	0.0	76.6	1017.1	1.0
20080107	6.6	0.0	64.0	1012.4	1.2
20080108	7.0	0.0	52.9	1013.2	1.9
20080109	5.0	0.0	59.9	1014.9	1.3
20080110	5.9	0.0	57.6	1017.0	0.9
20080111	6.4	12.0	74.4	1011.7	1.6
20080112	4.8	22.0	89.6	1014.8	1.8
20080113	4.0	0.0	65.6	1021.2	1.8
20080114	3.5	0.0	65.5	1022.8	1.7
20080115	2.8	0.0	51.1	1023.8	1.2
20080116	-0.1	0.0	37.9	1025.8	2.2
20080117	-1.7	0.0	42.6	1027.1	1.6
20080118	0.9	0.0	30.9	1025.5	1.3
20080119	2.0	0.0	39.3	1025.2	1.4
20080120	3.8	6.0	72.0	1018.0	1.5
20080121	3.5	1.5	87.6	1017.4	2.7
20080122	3.6	4.5	88.3	1016.8	2.2
20080123	2.6	2.0	64.9	1015.4	3.7
20080124	-1.6	0.0	40.4	1022.3	3.1
20080125	-0.6	0.0	47.8	1023.9	1.3
20080126	2.0	0.0	44.4	1021.9	1.2
20080127	2.2	0.0	50.4	1020.4	1.3
20080128	2.0	0.5	73.3	1012.8	1.0
20080129	2.6	0.0	52.3	1010.3	2.0
20080130	1.5	0.0	54.5	1015.7	3.5
20080131	-1.1	0.0	55.0	1019.5	1.7
20080201	-0.1	0.0	45.8	1020.6	1.3
20080202	1.7	0.0	42.5	1015.5	1.2
20080203	2.2	0.0	47.5	1012.7	2.6
20080204	1.4	0.0	48.5	1017.3	3.3
20080205	-0.7	0.0	49.4	1018.6	1.3
20080206	0.2	0.0	47.9	1016.0	2.2
20080207	-0.8	0.0	53.3	1016.6	1.7
20080208	0.3	0.0	49.5	1018.6	1.5
20080209	0.4	0.0	53.3	1018.1	2.8
20080210	2.5	0.0	41.6	1019.3	1.3
20080211	3.6	0.0	38.9	1016.1	1.5
20080212	-0.9	0.0	32.1	1016.2	3.6
20080213	-2.5	0.0	37.6	1019.7	2.3
20080214	1.6	0.0	45.5	1019.1	3.5
20080215	1.3	0.0	34.0	1019.9	3.9
20080216	0.4	0.0	38.3	1023.6	2.5
20080217	0.4	0.0	48.6	1027.3	1.6
20080218	1.7	0.0	45.8	1028.2	1.7
20080219	2.4	0.0	40.1	1023.1	1.6
20080220	5.7	0.0	40.6	1020.8	2.4
20080221	5.3	0.0	41.8	1018.8	1.7
20080222	6.1	0.0	63.4	1012.6	1.5
20080223	3.0	0.0	33.0	1015.3	4.2
20080224	0.3	0.0	40.4	1024.3	1.7
20080225	2.5	1.0	70.1	1020.5	1.4
20080226	2.6	11.5	69.9	1012.0	3.0
20080227	3.9	0.0	37.9	1016.6	4.0
20080228	4.1	0.0	46.8	1013.7	1.6
20080229	8.2	0.0	51.6	1004.2	2.7
20080301	6.2	0.0	40.5	1011.6	2.7
20080302	6.4	0.0	61.6	1009.6	1.3
20080303	6.1	0.0	49.4	1008.8	3.2
20080304	3.3	0.0	45.6	1013.4	1.8
20080305	4.5	0.0	50.5	1019.2	1.8
20080306	5.3	0.0	49.1	1018.5	2.2
20080307	5.4	0.0	49.0	1019.8	1.5
20080308	6.7	0.0	44.8	1020.9	1.6
20080309	7.5	0.0	60.6	1014.9	1.3
20080310	9.7	0.0	40.0	1013.0	1.9
20080311	9.8	0.0	63.3	1015.4	0.9
20080312	10.4	0.0	68.8	1017.7	1.2
20080313	10.0	0.0	84.1	1012.9	0.7
20080314	10.5	1.0	68.3	1013.3	1.7
20080315	10.4	0.0	67.0	1014.0	1.6
20080316	10.8	0.0	48.8	1012.0	1.6
20080317	10.1	0.0	40.5	1012.2	1.7
20080318	10.6	0.0	60.8	1011.2	1.1
20080319	11.2	14.5	74.5	1010.2	1.6
20080320	9.0	0.0	51.7	1016.4	1.8
20080321	9.1	0.0	52.9	1016.7	2.0
20080322	10.0	5.0	72.0	1012.0	1.3
20080323	10.3	23.5	85.1	1002.7	1.9
20080324	11.8	0.0	54.6	1006.8	3.2
20080325	9.0	0.0	41.8	1005.7	3.4
20080326	7.6	0.0	54.5	1007.4	2.9
20080327	8.1	0.0	66.6	1007.0	1.8
20080328	7.1	0.0	56.6	1014.2	1.8
20080329	8.2	6.0	75.3	1016.9	1.6
20080330	8.1	14.0	80.3	1008.8	2.3
20080331	9.5	0.0	51.3	1009.6	3.5
20080401	10.3	0.0	49.1	1012.5	2.3
20080402	11.2	0.0	47.1	1008.3	2.3
20080403	11.8	0.0	36.0	1009.4	2.7
20080404	14.6	0.0	25.0	1012.7	2.3
20080405	13.6	0.0	32.4	1015.4	1.6
20080406	13.5	14.5	49.9	1010.4	1.8
20080407	13.4	13.5	77.4	1004.6	1.7
20080408	14.0	0.0	59.4	1009.4	2.2
20080409	11.3	30.5	83.0	1000.6	2.9
20080410	12.2	6.5	75.6	1001.5	2.5
20080411	13.4	0.0	68.3	1010.2	1.5
20080412	13.0	0.0	75.8	1013.0	1.7
20080413	13.1	0.0	73.8	1010.2	1.2
20080414	13.9	0.0	64.9	1011.5	1.6
20080415	15.2	0.0	63.3	1011.4	1.3
20080416	12.6	26.5	90.5	1009.7	1.5
20080417	14.7	2.5	84.1	1008.4	1.4
20080418	15.7	0.0	70.4	1012.3	1.3
20080419	14.5	0.0	74.5	1015.3	1.5
20080420	16.1	0.0	53.3	1015.3	2.6
20080421	16.1	0.0	47.0	1014.7	2.1
20080422	16.9	0.2	55.3	1011.9	1.2
20080423	13.4	9.5	75.6	1006.5	2.4
20080424	12.2	0.0	38.1	1009.4	3.8
20080425	13.7	0.0	54.0	1009.1	2.5
20080426	12.5	0.2	58.3	1005.7	4.0
20080427	12.3	0.0	53.8	1010.2	1.6
20080428	14.1	0.0	62.4	1011.7	1.7
20080429	16.5	0.0	78.9	1011.8	1.7
20080430	18.0	0.0	73.5	1010.2	1.5
20080501	18.0	0.0	72.6	1007.1	1.1
20080502	19.8	0.0	61.6	1005.4	1.5
20080503	20.9	0.0	61.0	1005.6	1.0
20080504	18.2	20.0	74.1	999.7	2.0
20080505	17.9	0.0	54.6	1000.8	2.2
20080506	16.9	0.0	38.0	1006.9	1.9
20080507	19.5	0.0	47.4	1005.5	1.7
20080508	17.9	0.0	59.3	1004.9	1.3
20080509	17.5	0.0	48.8	1008.0	2.9
20080510	15.4	0.0	45.3	1010.6	3.3
20080511	14.4	0.0	56.4	1012.2	2.3
20080512	14.6	3.5	61.5	1009.5	3.1
20080513	12.6	12.0	76.6	1007.6	1.8
20080514	13.6	0.0	72.3	1010.4	1.5
20080515	14.7	0.0	71.0	1011.3	1.9
20080516	17.1	0.0	64.4	1007.7	1.2
20080517	18.4	0.0	49.6	1005.9	1.5
20080518	18.0	17.0	72.3	1003.2	2.5
20080519	17.1	8.0	61.9	1000.7	2.2
20080520	16.4	0.0	57.5	1003.3	2.2
20080521	18.0	0.0	61.1	1006.6	1.8
20080522	19.3	0.0	74.3	1009.3	1.3
20080523	19.6	0.5	80.1	1007.7	1.1
20080524	17.4	23.5	94.0	1000.7	1.4
20080525	22.2	0.0	70.5	1000.3	1.5
20080526	21.9	0.0	63.9	1003.5	1.3
20080527	20.9	0.0	69.6	1002.8	1.3
20080528	18.5	94.0	94.4	996.0	1.3
20080529	20.6	0.0	79.8	999.2	1.3
20080530	18.8	0.0	75.1	1001.5	1.4
20080531	18.5	0.0	54.1	1004.0	1.3
20080601	19.6	0.0	56.8	1006.8	1.5
20080602	19.0	0.5	70.8	1007.9	1.4
20080603	19.5	0.5	74.8	1007.6	2.1
20080604	17.6	1.5	80.3	1005.1	2.2
20080605	18.9	23.5	76.8	1000.2	1.9
20080606	19.9	0.0	68.8	1005.3	1.6
20080607	20.0	0.0	69.4	1005.9	1.2
20080608	20.0	14.0	77.4	1005.7	1.3
20080609	20.9	0.5	80.8	1005.8	1.2
20080610	21.7	0.0	79.9	1003.6	1.0
20080611	20.8	0.0	74.9	1002.3	1.3
20080612	20.9	0.0	49.8	1003.7	1.8
20080613	22.1	0.0	52.2	1005.9	1.4
20080614	20.4	0.0	67.8	1008.9	1.7
20080615	19.5	0.0	62.5	1008.4	3.0
20080616	18.4	3.0	74.3	1008.4	2.4
20080617	18.7	42.5	90.6	1009.2	1.1
20080618	22.9	105.0	90.4	1004.6	2.9
20080619	23.5	0.5	77.3	1003.8	1.5
20080620	22.4	27.0	90.8	999.9	0.7
20080621	20.9	63.0	94.0	995.9	1.1
20080622	21.4	2.5	88.9	996.6	1.1
20080623	20.5	0.0	76.9	1000.3	1.4
20080624	19.9	0.3	77.5	1001.2	1.3
20080625	20.9	0.0	75.0	1002.1	1.5
20080626	21.1	0.0	73.8	1004.3	1.5
20080627	22.3	0.0	73.3	1005.5	0.9
20080628	18.1	86.5	93.1	1001.5	1.5
20080629	19.5	8.5	93.9	1000.6	1.3
20080630	21.2	0.0	84.5	1007.3	1.3
20080701	20.6	1.5	85.3	1006.1	0.9
20080702	20.7	50.0	95.1	1001.0	0.9
20080703	25.1	6.5	79.9	1000.0	1.9
20080704	25.2	0.0	82.5	1002.2	1.3
20080705	24.7	0.0	85.4	1001.9	1.2
20080706	25.8	1.0	82.9	1003.2	1.3
20080707	27.9	0.0	78.1	1005.6	1.2
20080708	28.1	0.0	77.1	1006.9	1.3
20080709	27.5	0.0	73.9	1005.6	1.1
20080710	27.7	0.0	72.5	1002.3	1.1
20080711	26.3	0.2	77.9	1000.8	1.0
20080712	25.6	1.5	87.0	1001.1	1.5
20080713	26.8	5.5	81.9	1002.3	1.5
20080714	27.9	0.0	77.8	1004.7	1.0
20080715	27.1	0.0	77.8	1003.6	1.2
20080716	27.5	0.0	74.9	1000.3	1.6
20080717	28.9	0.0	71.5	999.2	1.4
20080718	28.4	0.5	76.1	1002.0	1.4
20080719	28.5	0.5	80.4	1002.4	2.0
20080720	27.4	12.0	80.4	1000.2	2.4
20080721	27.2	1.0	76.0	998.8	2.0
20080722	27.0	0.0	75.0	1000.3	1.2
20080723	27.6	0.0	78.9	1001.8	1.3
20080724	29.0	0.0	74.3	1000.4	1.7
20080725	27.8	0.5	80.5	998.7	1.7
20080726	27.2	0.0	73.8	1001.7	1.6
20080727	27.6	0.0	76.4	1005.6	1.2
20080728	28.8	1.0	78.9	1007.0	1.2
20080729	28.7	0.0	75.6	1006.3	1.3
20080730	27.9	0.2	77.6	1007.0	0.8
20080731	28.6	0.0	69.8	1008.5	1.3
20080801	28.2	0.0	74.4	1005.6	1.7
20080802	28.6	0.0	69.6	1000.8	2.3
20080803	28.0	14.5	72.0	999.9	2.3
20080804	26.2	0.0	74.1	1004.4	1.1
20080805	26.1	0.0	80.8	1005.5	0.7
20080806	26.8	0.0	73.9	1005.0	1.0
20080807	26.6	0.0	66.5	1004.4	1.4
20080808	27.5	0.0	66.0	1003.6	1.3
20080809	27.4	0.0	78.9	1002.6	1.1
20080810	28.3	0.0	73.9	1003.2	2.1
20080811	27.7	3.0	81.9	1004.3	0.9
20080812	26.3	28.0	89.5	1002.9	0.8
20080813	28.0	0.0	77.8	1001.5	1.3
20080814	26.9	22.5	81.1	999.1	0.9
20080815	26.7	16.5	82.0	995.2	1.6
20080816	24.6	8.5	86.8	997.3	1.7
20080817	24.1	0.0	77.1	1004.1	2.0
20080818	27.3	0.0	74.8	1001.0	2.2
20080819	27.0	0.0	57.8	1000.9	2.6
20080820	24.9	0.0	65.4	1001.9	1.6
20080821	23.3	0.0	74.1	1004.5	1.8
20080822	21.0	40.0	86.1	997.5	1.6
20080823	24.7	4.5	72.5	997.6	2.4
20080824	23.8	1.0	75.9	1006.0	1.5
20080825	23.0	0.0	69.3	1007.9	1.5
20080826	22.9	0.0	67.1	1006.1	1.8
20080827	22.8	0.0	68.6	1004.8	1.7
20080828	23.4	0.0	74.9	1005.6	1.5
20080829	23.6	0.0	77.6	1006.5	1.2
20080830	24.0	0.0	69.0	1006.1	1.6
20080831	24.1	0.0	70.4	1003.5	1.8
20080901	24.7	0.5	81.5	998.8	1.0
20080902	24.2	13.0	81.5	999.0	1.2
20080903	23.8	0.0	78.0	1004.6	1.3
20080904	23.1	0.0	74.4	1006.7	1.2
20080905	23.1	0.0	71.3	1008.8	1.2
20080906	22.0	3.5	80.4	1011.5	1.5
20080907	23.3	0.0	70.4	1011.8	1.5
20080908	23.6	0.0	72.0	1011.1	1.1
20080909	23.7	0.0	68.8	1011.7	2.0
20080910	22.8	0.0	78.0	1009.9	1.4
20080911	24.4	0.0	77.4	1006.6	1.3
20080912	24.9	0.0	77.9	1005.1	0.9
20080913	24.9	0.0	76.4	1008.3	1.4
20080914	24.9	0.0	77.1	1010.5	1.5
20080915	23.4	0.3	81.3	1006.7	1.0
20080916	23.9	0.0	71.4	1005.0	1.3
20080917	24.2	0.0	72.4	1006.0	1.3
20080918	25.8	0.0	71.9	1005.1	1.7
20080919	25.4	0.0	67.5	1006.0	1.5
20080920	24.3	0.5	80.0	1005.5	1.1
20080921	23.7	2.5	80.5	1004.3	1.2
20080922	23.5	0.0	77.5	1005.5	1.2
20080923	24.6	1.0	84.0	1006.4	0.7
20080924	22.5	0.3	84.3	1009.7	1.2
20080925	23.6	0.5	76.3	1004.4	1.8
20080926	18.6	0.0	52.1	1008.7	2.3
20080927	15.9	0.0	46.9	1014.9	1.8
20080928	17.1	0.0	60.5	1014.3	1.4
20080929	16.6	0.0	73.5	1012.5	2.0
20080930	18.7	0.0	75.8	1008.6	1.6
20081001	20.4	0.0	66.0	1008.3	1.5
20081002	19.7	0.0	68.3	1011.9	1.4
20081003	20.2	0.0	72.8	1010.1	1.3
20081004	20.4	0.0	65.3	1009.3	1.3
20081005	20.2	0.0	80.4	1006.9	0.9
20081006	20.6	0.0	64.9	1007.4	1.2
20081007	18.6	0.0	64.3	1011.2	1.3
20081008	18.9	0.0	69.9	1014.5	1.4
20081009	19.9	0.0	70.1	1016.4	1.3
20081010	20.6	0.0	74.0	1012.6	1.2
20081011	17.5	0.0	49.8	1013.4	1.8
20081012	16.9	0.0	56.6	1012.8	1.5
20081013	16.8	0.0	56.9	1012.8	1.6
20081014	17.7	0.0	51.3	1014.0	1.5
20081015	18.2	0.0	48.6	1017.8	1.4
20081016	18.2	0.0	58.9	1018.6	1.3
20081017	19.2	0.0	57.6	1018.4	1.3
20081018	18.9	0.0	59.0	1018.1	1.4
20081019	18.8	0.0	62.0	1015.3	1.2
20081020	19.8	0.0	56.8	1014.4	1.3
20081021	18.8	0.0	73.6	1014.7	1.6
20081022	17.3	37.0	90.3	1010.6	1.2
20081023	19.7	0.5	82.9	1007.2	1.2
20081024	16.3	0.0	50.0	1014.0	3.4
20081025	13.6	0.0	60.1	1016.0	1.2
20081026	17.1	0.1	49.9	1011.4	2.9
20081027	14.8	0.0	47.3	1013.0	2.7
20081028	14.8	0.0	54.6	1011.1	2.2
20081029	14.7	0.0	57.6	1012.1	1.1
20081030	14.3	0.0	56.6	1015.4	1.6
20081031	13.7	0.0	68.9	1013.0	1.2
20081101	13.3	0.0	59.4	1013.2	1.6
20081102	16.0	0.0	65.6	1010.8	1.7
20081103	16.8	0.0	57.5	1011.6	2.0
20081104	12.4	0.0	51.3	1016.2	1.7
20081105	12.7	0.0	57.1	1015.5	1.2
20081106	13.4	2.5	85.3	1011.7	0.5
20081107	14.9	1.5	90.4	1011.9	0.9
20081108	13.7	1.0	76.9	1013.9	1.3
20081109	12.4	0.0	73.5	1015.9	1.8
20081110	11.8	0.0	69.6	1020.0	1.7
20081111	11.6	0.0	63.1	1020.4	2.0
20081112	11.7	0.0	63.4	1018.4	1.5
20081113	12.7	0.0	67.4	1018.1	1.3
20081114	12.4	0.0	70.6	1016.6	1.2
20081115	13.0	0.0	65.6	1011.3	1.2
20081116	12.6	0.0	61.3	1009.9	1.3
20081117	9.5	0.0	44.5	1012.8	1.9
20081118	4.7	0.0	45.0	1016.6	2.9
20081119	2.2	0.0	48.6	1020.2	2.3
20081120	5.0	0.0	57.9	1020.1	1.7
20081121	9.3	0.0	45.9	1019.6	3.1
20081122	5.9	0.0	44.4	1021.9	1.3
20081123	9.5	0.0	55.6	1019.3	1.1
20081124	7.7	6.5	81.5	1016.1	1.5
20081125	7.9	0.0	75.0	1019.1	1.6
20081126	7.6	0.0	68.0	1020.1	1.1
20081127	5.8	4.5	82.1	1012.0	1.4
20081128	7.8	0.0	67.0	1012.3	1.8
20081129	7.3	0.0	49.9	1014.0	3.7
20081130	6.0	0.0	48.9	1022.0	1.7
20081201	6.2	0.0	65.4	1019.4	1.3
20081202	9.6	0.0	74.8	1014.9	1.2
20081203	9.3	0.0	68.1	1016.5	1.3
20081204	11.8	3.5	67.9	1013.3	2.9
20081205	1.4	0.0	47.4	1018.0	4.1
20081206	-2.4	0.0	55.9	1023.9	1.7
20081207	-0.3	0.0	67.5	1023.5	1.2
20081208	5.8	0.1	73.1	1016.3	1.5
20081209	8.2	0.0	72.5	1014.9	1.0
20081210	10.7	0.0	77.9	1014.2	1.5
20081211	10.5	0.0	56.4	1011.7	3.0
20081212	5.3	0.0	48.1	1016.9	1.5
20081213	6.6	0.0	52.0	1015.9	1.4
20081214	2.3	0.0	30.3	1015.9	2.0
20081215	3.9	0.0	56.9	1018.2	1.5
20081216	4.0	0.0	66.6	1018.7	1.2
20081217	7.6	0.0	67.3	1014.7	1.8
20081218	5.9	0.0	39.1	1015.9	2.4
20081219	3.7	0.0	55.9	1017.1	1.5
20081220	7.9	2.5	81.0	1014.6	1.0
20081221	5.2	0.5	66.4	1016.0	1.4
20081222	0.7	0.0	41.5	1021.5	3.4
20081223	2.1	0.0	57.9	1021.8	1.9
20081224	3.7	0.0	71.4	1016.0	0.8
20081225	4.2	0.0	41.0	1014.9	4.4
20081226	0.3	0.0	35.0	1021.9	1.9
20081227	1.0	0.0	32.3	1020.1	1.4
20081228	3.4	0.0	49.5	1017.6	1.1
20081229	6.0	0.0	55.4	1014.3	1.8
20081230	3.0	0.0	48.9	1016.9	3.9
20081231	-0.7	0.0	50.3	1017.4	2.4
20090101	-1.6	0.0	46.3	1018.0	3.0
20090102	-0.3	0.0	50.0	1021.5	1.3
20090103	1.7	0.0	39.0	1021.7	1.3
20090104	2.2	0.0	40.9	1019.5	1.2
20090105	2.1	0.0	53.6	1019.8	2.0
20090106	1.8	0.0	47.1	1021.3	1.2
20090107	2.7	0.0	32.4	1021.3	1.3
20090108	2.3	0.0	34.4	1019.9	1.3
20090109	1.2	0.0	43.5	1015.1	2.2
20090110	-0.8	0.0	46.5	1015.1	3.8
20090111	-0.1	0.0	53.9	1016.0	3.2
20090112	-1.2	0.0	49.5	1020.0	4.7
20090113	-0.7	0.0	51.0	1022.5	3.1
20090114	-0.9	0.0	47.5	1022.4	3.3
20090115	-3.3	0.0	48.8	1025.1	1.4
20090116	-0.1	0.0	61.3	1023.6	1.5
20090117	1.5	0.0	71.3	1020.9	0.9
20090118	5.3	1.5	75.0	1012.4	1.8
20090119	4.4	0.0	43.4	1016.6	2.2
20090120	3.8	0.0	49.6	1017.7	1.1
20090121	2.5	0.1	67.5	1015.1	0.7
20090122	3.9	0.0	63.4	1010.7	1.1
20090123	-1.3	0.0	47.8	1014.7	4.2
20090124	-3.3	0.0	51.4	1016.7	3.1
20090125	-0.5	0.0	60.1	1016.5	1.8
20090126	0.5	0.0	56.8	1019.1	2.3
20090127	-0.5	0.0	52.6	1023.6	1.3
20090128	2.4	0.0	53.9	1021.8	1.4
20090129	4.3	2.5	69.8	1017.2	1.4
20090130	7.0	5.0	81.4	1010.8	1.4
20090131	8.2	0.0	60.1	1017.0	1.2
20090201	5.4	0.0	64.1	1024.0	1.3
20090202	6.5	0.0	72.6	1020.2	1.1
20090203	7.6	2.5	81.1	1016.0	0.6
20090204	8.1	0.0	71.6	1015.9	1.2
20090205	7.6	0.0	62.8	1015.5	1.4
20090206	6.3	0.0	64.6	1018.3	1.4
20090207	6.6	0.0	61.6	1016.0	1.2
20090208	5.5	0.0	58.9	1017.6	1.4
20090209	6.1	0.3	59.0	1011.1	2.1
20090210	5.8	0.0	57.6	1009.6	1.9
20090211	9.1	0.0	46.9	1006.6	1.9
20090212	10.0	0.0	55.3	1007.7	1.6
20090213	16.5	18.5	79.1	996.4	4.5
20090214	9.9	0.0	62.6	1005.5	1.6
20090215	6.3	0.0	56.4	1012.8	1.9
20090216	1.9	0.0	28.9	1020.6	1.9
20090217	0.4	0.0	31.6	1023.2	1.5
20090218	2.9	0.0	38.4	1020.8	1.3
20090219	1.5	16.0	73.8	1014.5	1.4
20090220	3.1	0.0	58.6	1010.3	3.8
20090221	0.9	0.0	55.3	1015.7	1.2
20090222	4.0	26.5	87.1	1008.3	1.3
20090223	8.6	0.0	71.1	1011.4	1.3
20090224	10.0	3.0	70.3	1010.5	1.1
20090225	9.3	3.5	72.6	1010.9	1.1
20090226	7.9	0.0	49.4	1015.6	1.0
20090227	7.4	3.0	60.0	1014.3	1.0
20090228	7.8	0.0	46.1	1017.3	1.3
20090301	8.0	0.0	31.4	1020.2	2.1
20090302	5.0	0.1	58.3	1020.9	2.3
20090303	4.2	5.5	80.6	1014.4	1.6
20090304	5.9	0.0	68.6	1014.9	0.6
20090305	7.4	14.0	85.4	1010.5	1.2
20090306	6.4	0.0	46.8	1010.9	4.1
20090307	4.3	0.0	41.6	1018.2	1.6
20090308	7.9	0.0	42.0	1014.8	1.5
20090309	8.9	0.0	41.4	1012.4	1.1
20090310	8.7	0.0	37.6	1014.4	1.7
20090311	6.7	0.0	33.5	1019.3	1.4
20090312	8.2	0.0	55.9	1019.9	1.8
20090313	8.1	30.5	70.9	1005.5	2.9
20090314	2.7	0.0	41.4	1014.0	4.7
20090315	6.6	0.0	50.5	1012.8	2.2
20090316	12.5	0.0	59.0	1008.9	2.5
20090317	13.4	0.0	60.1	1010.1	1.9
20090318	17.2	0.0	76.5	1009.7	2.3
20090319	16.4	1.5	90.9	1005.9	0.8
20090320	11.3	2.0	79.8	1012.5	1.4
20090321	11.4	44.5	78.3	1006.9	2.0
20090322	13.6	0.0	69.5	997.6	3.1
20090323	8.9	0.0	53.5	1010.8	1.5
20090324	8.1	0.0	35.0	1011.9	2.2
20090325	5.5	0.0	33.0	1012.2	3.3
20090326	8.2	0.0	38.9	1013.9	3.6
20090327	8.4	0.0	27.9	1016.8	2.0
20090328	8.2	0.0	29.8	1016.0	1.9
20090329	8.2	0.0	53.4	1018.1	1.8
20090330	8.7	0.0	59.8	1020.1	1.6
20090331	9.8	0.0	47.9	1016.2	2.7
20090401	6.1	0.0	45.0	1016.9	3.5
20090402	8.2	0.0	48.6	1019.8	1.7
20090403	11.0	0.0	41.1	1016.6	1.6
20090404	13.7	0.0	29.6	1012.3	2.3
20090405	13.5	0.0	43.4	1010.8	1.9
20090406	14.3	0.0	33.5	1009.0	2.5
20090407	18.1	0.0	25.4	1011.1	2.5
20090408	15.6	0.0	38.1	1014.5	1.9
20090409	15.6	0.0	46.5	1016.9	1.4
20090410	16.6	0.0	44.2	1015.5	1.5
20090411	16.4	0.0	42.4	1013.7	1.3
20090412	17.1	0.0	49.6	1009.2	2.5
20090413	16.4	9.5	67.0	1003.0	1.1
20090414	15.5	7.5	76.1	1000.4	2.0
20090415	15.0	0.0	62.3	1002.5	2.0
20090416	12.5	0.0	75.3	1006.5	1.6
20090417	13.7	0.0	66.9	1009.6	1.7
20090418	16.0	0.0	57.9	1010.1	1.3
20090419	16.7	0.0	52.6	1009.3	1.4
20090420	15.3	84.5	84.8	997.4	2.5
20090421	14.2	0.0	55.5	999.6	3.8
20090422	15.4	0.0	33.9	1007.2	4.1
20090423	12.3	0.0	57.5	1013.7	1.8
20090424	12.8	25.0	77.6	1010.3	1.5
20090425	12.1	8.0	68.1	1001.5	3.4
20090426	12.6	0.0	54.0	1004.8	2.8
20090427	13.0	0.0	51.0	1008.1	1.9
20090428	14.3	0.0	51.5	1013.8	1.8
20090429	16.2	0.0	37.3	1018.0	1.7
20090430	16.0	0.0	39.9	1018.7	1.6
20090501	16.6	0.0	56.6	1018.4	1.9
20090502	17.5	0.2	69.0	1015.1	2.1
20090503	16.2	1.0	81.6	1014.0	1.3
20090504	17.8	0.0	69.5	1011.2	1.6
20090505	18.5	0.0	62.5	1009.0	1.4
20090506	18.4	0.0	57.5	1008.8	1.6
20090507	20.0	0.0	44.4	1003.7	1.7
20090508	21.0	0.0	42.9	1004.2	1.3
20090509	21.0	0.0	38.0	1006.1	1.8
20090510	20.0	0.0	49.4	1008.3	1.8
20090511	19.5	0.0	73.6	1007.7	1.8
20090512	18.9	10.0	84.0	1002.9	1.8
20090513	18.8	0.0	54.6	1006.2	2.0
20090514	19.6	0.0	32.3	1009.4	1.8
20090515	17.1	1.0	55.3	1013.1	1.3
20090516	16.5	49.5	89.0	1005.6	2.1
20090517	17.6	7.0	66.1	1001.2	3.7
20090518	18.4	0.0	44.0	1006.2	2.0
20090519	20.0	0.0	51.6	1005.7	1.3
20090520	20.2	0.1	55.5	1008.3	1.2
20090521	15.5	113.5	88.3	1001.5	1.8
20090522	20.4	0.0	67.0	1004.6	1.7
20090523	19.0	0.0	62.1	1004.1	1.7
20090524	18.1	0.0	64.8	1006.3	1.5
20090525	20.0	0.0	68.9	1010.0	1.1
20090526	20.9	0.0	60.8	1008.6	1.2
20090527	20.4	0.0	54.8	1008.2	1.6
20090528	21.7	0.0	45.8	1007.4	1.8
20090529	20.6	0.0	49.6	1005.1	1.9
20090530	18.2	0.0	72.0	1001.5	1.1
20090531	20.4	0.0	44.9	999.9	2.0
20090601	21.1	0.0	56.5	1000.4	2.2
20090602	20.2	0.0	72.3	1000.9	2.2
20090603	18.6	0.0	75.9	997.6	1.8
20090604	20.9	0.0	68.4	997.4	1.5
20090605	20.8	0.0	72.5	997.1	1.5
20090606	20.9	0.0	69.6	1001.0	1.6
20090607	19.2	0.0	73.9	1005.7	1.0
20090608	19.6	0.0	72.4	1009.2	1.0
20090609	19.4	15.0	79.9	1006.0	1.7
20090610	22.6	42.0	72.3	994.1	2.3
20090611	23.5	0.0	45.0	996.8	3.4
20090612	21.1	0.0	73.0	995.8	1.4
20090613	22.8	0.0	56.8	998.0	1.5
20090614	20.8	0.0	66.5	1002.9	1.7
20090615	20.4	0.0	72.8	1006.9	1.2
20090616	21.6	0.0	68.0	1008.3	1.4
20090617	22.1	0.0	64.3	1009.0	1.3
20090618	23.5	0.0	63.6	1006.5	1.3
20090619	24.3	0.0	66.0	1003.8	1.6
20090620	23.5	2.0	77.8	999.6	2.2
20090621	24.7	4.5	86.3	996.0	0.9
20090622	22.5	47.5	86.5	993.3	1.6
20090623	23.3	0.0	65.8	996.8	1.3
20090624	25.6	0.0	45.4	999.9	1.6
20090625	23.9	0.0	52.8	1003.2	1.2
20090626	23.6	0.0	71.9	1005.6	1.4
20090627	23.5	2.0	83.6	1003.3	1.0
20090628	23.8	0.0	83.3	1000.3	1.1
20090629	24.1	71.0	88.4	996.7	1.1
20090630	21.7	24.0	91.1	999.3	0.8
20090701	21.8	1.0	74.4	998.4	1.4
20090702	23.4	0.0	74.6	998.3	1.3
20090703	23.3	0.2	74.4	998.7	1.3
20090704	22.9	0.0	73.6	1003.3	1.3
20090705	24.0	0.0	72.5	1007.2	1.3
20090706	24.2	0.0	73.1	1007.2	1.7
20090707	22.9	232.0	89.4	1001.6	2.8
20090708	24.9	12.0	88.4	1000.8	1.1
20090709	26.2	13.0	78.5	996.9	3.3
20090710	25.6	2.0	68.5	1000.5	1.7
20090711	22.4	46.0	85.6	1005.0	1.0
20090712	25.4	6.0	81.9	1002.4	2.5
20090713	26.4	32.0	84.0	1006.1	1.9
20090714	27.8	0.0	76.6	1002.8	2.9
20090715	22.0	74.5	87.9	1002.7	2.1
20090716	23.3	119.0	90.8	1001.6	1.2
20090717	27.4	0.5	80.4	1002.0	2.5
20090718	28.1	0.0	74.3	1001.3	3.2
20090719	28.0	3.5	78.8	1000.5	3.4
20090720	28.2	0.5	80.0	999.5	1.4
20090721	26.2	43.0	78.0	994.7	2.3
20090722	23.6	0.0	72.8	996.3	1.3
20090723	22.8	0.5	82.0	999.6	0.8
20090724	20.7	29.5	90.5	996.5	1.5
20090725	21.6	0.5	86.6	1000.2	0.8
20090726	23.0	0.0	79.1	1001.1	1.0
20090727	22.8	0.1	79.6	1001.7	1.0
20090728	21.7	38.5	85.9	1000.4	1.4
20090729	22.9	19.0	81.0	1001.1	1.4
20090730	24.2	0.0	77.5	1004.9	0.9
20090731	23.1	0.0	76.3	1004.6	0.9
20090801	23.4	0.0	78.6	1002.4	0.9
20090802	24.1	0.0	72.9	1002.0	1.2
20090803	22.2	0.3	80.4	1003.4	1.1
20090804	24.4	0.0	72.8	1003.2	1.4
20090805	24.9	0.0	67.5	1003.3	2.0
20090806	23.7	0.0	79.4	1004.5	1.9
20090807	23.7	24.5	88.6	1004.8	1.3
20090808	26.0	0.0	79.6	1003.3	1.4
20090809	25.1	0.0	78.8	1001.0	1.8
20090810	25.7	0.0	77.5	1001.8	1.3
20090811	25.1	44.0	90.0	1001.0	1.4
20090812	27.0	8.5	85.6	995.4	2.1
20090813	25.6	0.5	83.1	999.3	1.3
20090814	24.6	0.0	79.0	1003.9	1.1
20090815	25.7	0.0	74.8	1005.2	1.3
20090816	24.8	0.4	83.3	1008.4	0.9
20090817	25.6	0.0	78.3	1009.4	1.2
20090818	25.9	0.0	81.6	1008.7	1.1
20090819	26.5	0.0	80.3	1007.2	1.3
20090820	27.8	0.0	74.0	1002.5	2.0
20090821	27.2	4.0	79.6	1001.1	1.5
20090822	26.0	0.0	59.8	1001.8	1.4
20090823	24.9	0.0	58.5	1004.2	1.3
20090824	24.3	0.0	64.3	1007.0	1.4
20090825	23.9	0.0	72.1	1007.4	1.3
20090826	24.4	0.0	74.1	1004.8	1.4
20090827	26.1	5.0	76.3	1000.8	1.9
20090828	26.7	12.5	75.5	1001.3	1.3
20090829	23.8	0.0	66.5	1006.8	1.8
20090830	21.7	0.0	74.4	1009.4	2.1
20090831	21.8	0.5	73.1	1010.5	1.7
20090901	22.8	0.0	62.3	1011.9	2.4
20090902	22.7	0.0	65.4	1011.7	1.8
20090903	22.9	0.0	71.3	1010.1	1.6
20090904	23.5	0.0	76.6	1006.8	1.1
20090905	24.1	0.0	73.9	1003.8	1.3
20090906	24.8	0.0	75.0	1002.2	0.9
20090907	25.4	0.0	76.6	1001.0	1.0
20090908	24.2	0.0	74.3	1001.1	1.3
20090909	23.3	0.0	72.1	1003.5	1.3
20090910	23.0	0.0	68.4	1004.9	1.5
20090911	22.2	0.5	68.8	1004.2	1.3
20090912	21.8	1.5	63.4	1002.4	2.4
20090913	20.7	0.0	61.5	1009.4	1.6
20090914	20.5	0.1	76.5	1008.8	1.1
20090915	21.5	0.1	64.1	1006.4	1.3
20090916	21.8	0.0	62.5	1008.6	1.6
20090917	21.9	0.0	66.0	1009.2	1.6
20090918	22.5	0.0	62.3	1008.1	1.3
20090919	21.8	0.0	57.0	1008.9	2.4
20090920	20.3	0.0	65.8	1009.7	1.5
20090921	20.5	1.5	77.0	1009.1	1.1
20090922	21.5	0.3	76.5	1011.7	1.0
20090923	21.4	5.5	86.6	1012.5	1.1
20090924	23.0	0.0	79.6	1012.7	1.2
20090925	22.1	2.0	85.5	1011.1	0.9
20090926	23.6	0.0	73.0	1011.5	1.5
20090927	20.3	42.5	88.3	1010.6	1.6
20090928	21.4	0.2	82.5	1009.4	1.4
20090929	21.5	0.1	79.0	1013.8	1.4
20090930	20.6	1.5	82.9	1014.7	1.3
20091001	21.1	17.0	79.0	1010.6	1.3
20091002	21.9	33.0	67.9	1003.2	2.0
20091003	18.6	0.0	49.4	1008.8	1.5
20091004	19.5	0.0	57.0	1011.3	1.8
20091005	17.8	0.0	52.9	1012.6	1.8
20091006	17.6	0.0	62.9	1013.0	1.6
20091007	18.9	0.0	60.6	1008.0	3.1
20091008	18.3	0.0	49.8	1006.8	1.7
20091009	16.4	0.0	64.0	1009.8	1.4
20091010	17.0	0.0	65.1	1013.5	1.5
20091011	16.9	0.0	65.8	1016.0	1.4
20091012	16.6	0.0	69.6	1012.4	1.2
20091013	17.7	0.0	56.4	1010.3	1.6
20091014	16.0	3.0	67.4	1011.1	2.1
20091015	15.7	0.0	63.4	1013.5	1.5
20091016	16.3	0.0	68.8	1008.6	1.3
20091017	17.3	4.0	57.9	1001.6	2.8
20091018	17.2	0.0	48.0	1003.9	2.5
20091019	17.5	0.0	49.4	1004.0	3.4
20091020	14.5	0.0	46.8	1012.2	2.1
20091021	15.6	0.0	56.9	1015.4	1.4
20091022	14.9	0.0	43.5	1015.4	1.4
20091023	15.2	0.0	55.4	1013.7	1.3
20091024	16.8	0.0	64.5	1014.2	1.9
20091025	17.0	0.0	63.3	1013.7	2.0
20091026	16.7	0.0	58.1	1010.1	1.3
20091027	17.2	0.0	59.6	1012.7	1.3
20091028	15.8	0.0	65.3	1017.9	1.2
20091029	16.6	2.0	78.8	1017.3	1.1
20091030	17.4	0.5	70.6	1018.2	1.1
20091031	18.7	0.5	79.5	1013.3	1.4
20091101	16.1	0.1	54.8	1011.1	3.0
20091102	6.7	0.0	42.8	1020.4	4.9
20091103	6.8	0.0	44.8	1026.6	1.7
20091104	11.6	0.0	61.1	1023.9	1.7
20091105	15.7	0.0	69.5	1018.5	1.1
20091106	16.6	0.0	76.5	1014.0	1.4
20091107	17.7	0.0	83.6	1013.3	1.0
20091108	19.6	16.0	85.3	1010.3	1.8
20091109	18.2	4.5	84.1	1008.6	1.1
20091110	15.6	8.5	78.6	1005.9	2.7
20091111	12.5	0.0	62.4	1013.7	3.4
20091112	11.6	0.0	58.0	1020.1	3.0
20091113	11.5	10.0	84.1	1009.8	2.0
20091114	10.1	0.0	60.8	1008.8	3.3
20091115	6.5	0.0	48.8	1017.1	4.0
20091116	5.7	0.0	48.9	1021.4	1.6
20091117	4.2	0.3	41.0	1019.2	2.1
20091118	3.6	0.0	49.3	1022.5	1.4
20091119	6.3	0.0	47.3	1024.4	1.5
20091120	5.3	0.0	55.1	1022.7	1.8
20091121	6.0	0.0	46.0	1022.0	1.9
20091122	4.9	0.0	46.5	1019.9	1.5
20091123	6.5	0.0	65.0	1020.8	1.2
20091124	7.2	0.0	65.6	1016.0	1.3
20091125	8.7	0.0	67.0	1014.2	1.3
20091126	10.1	0.0	71.5	1017.7	1.3
20091127	10.4	0.0	72.0	1016.9	1.1
20091128	8.8	0.0	67.3	1018.4	1.6
20091129	8.2	18.0	85.0	1016.9	1.1
20091130	7.8	0.0	73.4	1016.9	1.3
20091201	6.9	0.0	64.1	1019.4	1.4
20091202	6.5	0.0	66.8	1018.3	1.4
20091203	7.1	0.0	62.1	1014.0	2.0
20091204	6.6	0.0	63.3	1015.4	1.3
20091205	5.4	2.5	56.0	1010.5	3.9
20091206	3.0	0.0	43.9	1018.1	2.4
20091207	3.0	0.0	37.8	1022.6	1.6
20091208	5.2	0.0	45.4	1020.8	1.4
20091209	7.2	3.0	64.9	1017.5	1.2
20091210	8.6	15.5	92.5	1012.2	1.1
20091211	10.9	2.5	86.6	1010.9	1.0
20091212	9.0	0.0	63.3	1014.4	1.5
20091213	7.3	0.0	53.4	1014.2	1.1
20091214	5.6	0.0	36.4	1019.1	1.4
20091215	3.5	0.0	26.9	1019.9	1.7
20091216	-0.3	0.0	35.8	1019.8	2.1
20091217	0.3	0.5	58.3	1017.4	2.0
20091218	-1.8	0.0	52.8	1018.8	2.7
20091219	0.2	0.0	49.6	1018.6	3.4
20091220	2.3	0.0	53.3	1015.1	3.2
20091221	1.5	0.0	45.5	1019.5	2.0
20091222	4.2	0.0	65.3	1017.8	1.3
20091223	7.1	0.5	66.5	1014.8	1.5
20091224	6.4	0.0	66.1	1014.4	1.3
20091225	6.6	0.0	62.3	1010.1	2.0
20091226	1.1	0.0	45.6	1014.4	2.2
20091227	0.7	0.0	34.8	1013.2	1.8
20091228	-0.2	0.0	50.1	1014.9	1.5
20091229	0.4	0.0	57.6	1013.0	1.1
20091230	2.9	0.0	52.1	1009.5	3.6
20091231	-2.9	0.0	43.4	1015.0	3.3
20100101	-2.0	0.0	55.1	1015.5	1.4
20100102	2.8	0.0	58.6	1011.2	1.6
20100103	1.0	0.0	40.9	1013.8	1.4
20100104	1.3	1.5	56.5	1007.4	2.4
20100105	-1.2	0.0	48.9	1014.5	3.7
20100106	-2.3	0.0	52.1	1017.2	2.5
20100107	-2.2	0.0	53.6	1017.8	1.9
20100108	-2.2	0.0	56.0	1017.2	1.3
20100109	1.5	0.0	54.8	1018.7	1.6
20100110	2.1	0.0	59.1	1019.6	1.1
20100111	2.0	0.0	55.3	1015.4	1.4
20100112	-1.2	0.0	41.1	1012.8	2.9
20100113	-3.7	0.0	45.6	1016.6	2.8
20100114	-1.5	0.0	52.4	1022.1	2.0
20100115	1.0	0.0	56.4	1023.2	1.5
20100116	-0.4	0.0	49.0	1025.8	1.3
20100117	0.6	0.0	36.8	1026.1	1.3
20100118	1.6	0.0	48.4	1024.7	1.0
20100119	5.7	0.0	58.5	1023.2	1.0
20100120	12.6	15.0	83.0	1012.4	1.8
20100121	5.3	0.0	50.4	1013.5	3.5
20100122	-0.4	0.0	46.3	1019.7	2.4
20100123	-0.1	0.0	53.4	1019.7	3.0
20100124	1.5	0.0	55.0	1018.1	1.6
20100125	3.4	0.0	44.5	1017.3	2.9
20100126	-0.7	0.0	48.1	1023.8	1.1
20100127	1.9	15.5	75.5	1013.9	1.1
20100128	6.4	0.0	50.3	1012.2	3.0
20100129	3.6	0.0	37.1	1018.0	3.0
20100130	4.0	0.1	58.6	1017.4	1.4
20100131	6.0	0.1	56.6	1014.2	1.1
20100201	4.8	1.0	59.3	1010.2	2.1
20100202	1.3	0.0	36.1	1015.6	2.0
20100203	-1.4	0.0	33.5	1019.3	1.7
20100204	0.0	0.0	38.1	1019.6	2.1
20100205	2.1	0.0	35.3	1018.9	2.7
20100206	0.4	0.0	29.3	1022.7	1.5
20100207	2.9	0.2	52.8	1021.5	1.1
20100208	6.6	3.0	87.5	1013.6	1.0
20100209	8.3	4.0	91.1	1010.1	0.9
20100210	7.3	8.0	92.6	1010.0	1.4
20100211	3.9	28.0	89.1	1011.6	3.0
20100212	1.9	1.0	87.6	1018.6	1.8
20100213	1.5	0.3	63.5	1019.8	2.2
20100214	0.8	0.0	60.3	1021.0	1.3
20100215	3.0	0.0	48.5	1017.3	1.4
20100216	1.8	0.0	37.5	1019.9	1.7
20100217	1.9	0.0	33.9	1018.6	1.5
20100218	1.3	0.0	40.8	1016.7	3.5
20100219	2.3	0.0	39.8	1016.2	2.3
20100220	4.8	0.0	43.5	1016.8	1.8
20100221	4.7	0.0	67.5	1015.9	1.1
20100222	7.2	0.0	73.6	1013.0	1.0
20100223	8.3	0.0	66.0	1012.0	1.2
20100224	11.3	0.0	77.9	1011.0	1.4
20100225	16.4	84.0	86.3	1004.5	3.1
20100226	11.3	16.5	90.3	1006.0	1.3
20100227	6.4	1.0	78.0	1011.2	1.9
20100228	7.9	0.0	78.4	1013.7	1.2
20100301	7.1	17.5	90.4	1007.5	1.8
20100302	6.4	0.0	78.9	1011.4	1.5
20100303	7.0	0.0	59.0	1016.3	2.4
20100304	6.2	22.5	90.5	1009.1	2.3
20100305	8.4	9.0	92.0	1011.3	0.9
20100306	7.3	2.5	84.9	1014.7	1.8
20100307	4.9	0.3	71.3	1020.3	3.1
20100308	5.2	0.0	57.4	1023.8	3.0
20100309	4.5	4.0	69.4	1015.9	2.3
20100310	0.8	0.1	55.9	1014.1	3.2
20100311	5.0	0.0	51.5	1019.2	2.3
20100312	11.2	0.0	63.4	1014.0	2.9
20100313	10.6	0.0	44.4	1018.9	1.5
20100314	9.0	0.0	67.9	1019.3	1.1
20100315	12.6	39.0	71.9	1005.5	3.6
20100316	5.8	0.0	34.4	1015.5	3.8
20100317	4.8	0.0	45.5	1019.4	1.7
20100318	5.3	2.5	60.6	1012.4	2.3
20100319	8.0	0.0	60.0	1008.6	1.8
20100320	16.3	0.0	57.3	997.6	4.8
20100321	6.9	0.0	30.8	1009.8	4.3
20100322	5.7	1.5	57.8	1013.0	1.2
20100323	6.6	13.5	84.6	1011.3	1.1
20100324	9.1	0.0	65.3	1011.9	1.7
20100325	7.3	2.0	59.4	1010.7	2.0
20100326	5.0	0.0	29.1	1019.3	2.5
20100327	8.2	0.0	44.6	1020.5	2.6
20100328	9.4	0.0	34.4	1018.3	3.1
20100329	7.4	0.0	44.8	1022.7	1.7
20100330	7.8	0.0	62.8	1024.1	1.5
20100331	8.3	69.0	91.8	1013.2	1.0
20100401	10.9	34.0	90.1	1005.4	1.1
20100402	9.3	0.0	37.6	1013.2	2.4
20100403	7.7	0.0	36.1	1018.9	2.0
20100404	9.2	0.0	50.9	1015.2	1.5
20100405	13.4	0.5	69.9	1009.7	1.3
20100406	14.8	0.0	52.5	1010.2	2.5
20100407	9.0	0.0	49.4	1017.7	2.0
20100408	9.1	0.0	60.5	1017.9	1.4
20100409	11.8	0.0	61.8	1013.1	1.3
20100410	12.5	0.0	78.6	1009.1	1.0
20100411	13.3	3.0	71.3	1009.5	1.8
20100412	11.9	9.5	81.4	1005.6	2.3
20100413	9.1	0.1	40.9	1011.7	4.5
20100414	5.4	1.5	47.6	1020.1	1.8
20100415	6.8	0.1	59.4	1018.5	1.7
20100416	8.9	0.0	57.8	1017.3	2.1
20100417	11.3	0.0	47.1	1019.9	1.7
20100418	10.9	0.0	63.8	1020.3	1.0
20100419	11.5	28.5	85.4	1013.4	1.2
20100420	15.8	0.5	78.4	1008.2	1.8
20100421	13.3	8.5	76.4	1010.1	2.2
20100422	10.4	41.5	81.5	1007.4	2.5
20100423	12.8	2.0	56.9	1009.8	2.4
20100424	11.4	0.0	58.3	1016.7	1.7
20100425	13.0	0.0	51.1	1019.6	1.5
20100426	12.8	59.0	81.4	1013.3	2.0
20100427	12.4	7.0	51.6	1005.0	3.5
20100428	7.9	8.5	68.1	1006.2	2.2
20100429	11.6	0.0	40.4	1009.4	4.0
20100430	13.8	0.0	36.9	1010.1	3.1
20100501	13.9	0.0	45.6	1012.2	2.0
20100502	16.2	0.0	66.3	1011.9	1.5
20100503	19.2	0.0	77.1	1011.5	1.8
20100504	19.8	0.0	69.4	1009.5	1.5
20100505	18.7	0.0	81.8	1006.2	1.9
20100506	19.8	14.0	76.6	1000.2	2.6
20100507	18.5	0.0	42.9	1002.9	1.8
20100508	19.3	0.0	45.5	1003.9	1.5
20100509	19.0	0.0	46.9	1004.0	1.1
20100510	17.3	0.2	69.5	1002.5	1.7
20100511	16.2	0.0	59.1	1006.0	1.9
20100512	15.1	0.0	64.0	1009.1	1.8
20100513	16.0	0.0	68.9	1011.3	1.5
20100514	15.8	0.0	59.0	1014.3	1.6
20100515	16.2	0.0	53.9	1013.7	1.3
20100516	18.0	0.0	51.0	1013.3	1.6
20100517	17.8	13.0	75.5	1012.1	1.6
20100518	18.8	104.0	89.5	1003.6	2.8
20100519	21.0	12.5	77.1	1001.3	1.6
20100520	21.4	0.0	57.6	1006.6	1.4
20100521	21.9	0.0	46.8	1006.9	1.4
20100522	16.3	76.0	82.5	1001.1	1.6
20100523	15.8	31.5	91.8	990.3	1.5
20100524	16.8	0.5	73.9	991.7	3.2
20100525	17.1	0.0	70.8	996.7	2.9
20100526	17.0	0.5	76.6	1005.5	1.2
20100527	15.9	0.2	66.6	1011.8	1.8
20100528	15.4	0.0	72.5	1010.7	0.9
20100529	17.4	0.0	59.9	1006.6	1.7
20100530	16.4	0.0	66.6	1007.0	1.8
20100531	16.5	0.0	58.3	1009.0	2.1
20100601	16.8	0.0	59.5	1010.1	1.9
20100602	19.4	0.0	64.8	1012.2	1.5
20100603	20.7	0.0	62.1	1012.9	1.5
20100604	21.6	0.0	60.1	1010.3	1.3
20100605	22.8	0.0	59.9	1007.7	1.2
20100606	22.9	0.0	54.8	1007.6	1.3
20100607	21.4	0.0	58.0	1009.6	1.4
20100608	21.0	0.0	60.4	1010.0	1.8
20100609	22.1	0.0	50.1	1009.7	1.6
20100610	21.8	0.0	56.0	1009.6	1.5
20100611	21.8	0.0	60.9	1008.4	1.4
20100612	21.1	0.1	73.8	1004.9	0.8
20100613	22.5	5.5	74.6	1003.1	2.0
20100614	23.3	0.0	66.5	1002.8	1.3
20100615	23.3	0.0	70.0	1000.5	1.5
20100616	24.4	0.0	71.9	1001.5	1.4
20100617	25.3	0.0	64.6	1001.1	1.3
20100618	21.7	3.0	85.5	998.4	1.0
20100619	23.3	0.5	81.3	999.9	1.3
20100620	23.9	2.5	82.3	998.7	1.0
20100621	24.4	0.0	74.6	999.4	1.2
20100622	23.9	0.0	61.6	1001.6	1.2
20100623	22.7	0.0	66.0	1003.6	1.7
20100624	22.7	0.0	66.3	1004.7	1.3
20100625	21.4	7.5	79.9	1004.1	1.3
20100626	21.7	36.5	92.0	1001.8	1.6
20100627	23.1	6.0	83.8	1003.7	1.9
20100628	21.7	31.0	92.4	1002.5	0.8
20100629	24.0	0.0	85.1	1002.2	1.0
20100630	24.8	0.5	82.5	1000.4	0.9
20100701	24.6	0.0	86.1	999.5	1.0
20100702	24.0	5.0	92.0	997.3	1.0
20100703	26.4	4.0	85.8	993.6	1.3
20100704	23.9	1.0	89.0	995.0	0.7
20100705	25.4	0.0	82.5	993.7	0.8
20100706	27.1	0.0	69.4	995.8	1.3
20100707	26.6	0.0	67.9	999.4	1.7
20100708	24.4	0.0	77.9	1004.1	1.2
20100709	24.9	0.0	75.3	1002.6	1.4
20100710	23.8	14.5	81.6	1003.3	1.6
20100711	23.1	76.5	91.8	997.1	2.0
20100712	22.5	3.5	89.3	1004.4	0.9
20100713	21.4	77.0	93.8	1003.5	1.1
20100714	23.8	0.5	83.8	1004.8	1.4
20100715	24.3	11.0	80.0	1007.7	1.2
20100716	23.9	259.0	93.3	1007.9	2.7
20100717	26.1	14.5	87.0	1010.4	2.9
20100718	26.8	0.5	79.9	1010.3	2.1
20100719	26.7	1.0	83.8	1010.4	1.9
20100720	26.9	0.0	78.1	1010.3	1.5
20100721	27.0	5.0	85.4	1009.9	1.9
20100722	27.6	0.0	82.9	1009.5	1.6
20100723	28.3	0.0	76.6	1008.7	1.8
20100724	28.0	0.0	75.9	1009.4	1.2
20100725	27.0	0.0	72.8	1010.2	1.2
20100726	26.8	0.0	76.6	1009.9	1.1
20100727	26.8	0.0	80.4	1007.4	1.0
20100728	25.3	40.0	88.5	998.8	2.4
20100729	25.7	1.0	86.8	996.2	1.6
20100730	27.6	0.0	76.9	999.6	1.6
20100731	28.0	0.0	79.5	1001.9	1.6
20100801	28.7	0.0	76.6	1002.7	1.7
20100802	28.8	0.0	83.3	1001.1	1.0
20100803	26.9	0.0	86.0	1001.6	0.8
20100804	28.0	0.0	82.9	1004.1	1.0
20100805	28.3	1.5	86.1	1008.2	1.6
20100806	28.0	12.5	83.9	1011.3	2.2
20100807	26.6	0.1	85.0	1009.3	1.2
20100808	27.1	0.0	75.1	1006.0	1.4
20100809	28.0	0.0	77.9	1003.9	1.8
20100810	27.4	44.0	85.6	1001.9	3.2
20100811	28.1	77.0	80.9	993.2	3.8
20100812	28.1	0.0	76.4	1000.8	2.3
20100813	26.4	11.0	89.0	999.9	1.3
20100814	27.5	0.1	90.0	1001.8	1.5
20100815	27.4	1.0	89.0	1002.9	2.2
20100816	27.9	1.5	85.0	1004.8	2.2
20100817	26.4	18.0	89.5	1006.7	1.3
20100818	26.8	0.1	83.5	1011.0	1.1
20100819	27.5	0.0	82.3	1014.1	1.1
20100820	27.8	0.0	74.8	1013.3	1.4
20100821	28.7	0.0	75.1	1011.0	1.4
20100822	28.5	0.0	77.8	1009.5	1.1
20100823	28.7	0.0	76.1	1008.4	1.3
20100824	28.1	0.0	79.4	1008.4	1.1
20100825	27.1	3.0	87.6	1008.0	1.5
20100826	27.2	0.1	84.9	1008.9	1.5
20100827	26.1	23.0	92.4	1009.1	0.8
20100828	27.0	14.0	83.9	1006.3	2.5
20100829	27.3	24.5	84.9	1005.7	2.3
20100830	26.8	28.0	86.0	1005.3	1.1
20100831	26.2	6.0	91.3	1007.3	0.9
20100901	27.3	14.0	84.4	1008.0	2.3
20100902	26.4	88.0	88.1	1009.4	2.1
20100903	27.1	0.1	83.6	1010.1	1.3
20100904	26.9	0.0	78.9	1009.1	1.2
20100905	26.8	0.0	85.6	1007.4	1.1
20100906	25.0	120.0	95.5	1001.7	1.0
20100907	23.5	61.0	91.8	1001.1	2.2
20100908	23.1	0.0	78.6	1009.4	1.1
20100909	23.4	0.0	75.3	1009.6	1.1
20100910	26.7	0.0	82.4	1006.4	1.4
20100911	27.4	14.5	85.3	1004.9	2.6
20100912	26.6	43.0	73.8	1003.0	3.2
20100913	23.6	0.0	79.4	1006.6	1.1
20100914	23.9	0.5	82.4	1009.5	1.2
20100915	22.5	3.0	79.0	1008.5	1.1
20100916	22.9	0.0	73.9	1007.2	1.4
20100917	23.5	0.0	68.0	1007.5	1.3
20100918	23.4	0.0	69.6	1007.6	1.5
20100919	24.7	0.0	82.8	1007.1	1.1
20100920	27.1	0.3	81.9	1007.4	1.5
20100921	27.7	1.5	79.8	1007.3	1.8
20100922	23.0	27.5	87.0	1005.7	2.1
20100923	20.2	0.5	71.8	1009.1	1.8
20100924	19.3	0.0	66.4	1011.4	2.1
20100925	19.0	0.0	67.5	1012.2	1.6
20100926	18.4	0.0	74.9	1013.7	1.5
20100927	18.5	0.0	81.8	1010.1	1.3
20100928	18.7	0.0	62.3	1010.6	1.6
20100929	17.2	0.0	64.8	1014.5	1.4
20100930	18.4	0.0	70.6	1013.9	1.6
20101001	18.6	0.0	71.1	1015.6	1.4
20101002	20.8	13.5	78.4	1011.0	1.6
20101003	20.9	3.5	72.0	1005.3	2.3
20101004	17.8	0.0	61.8	1005.9	2.7
20101005	17.2	0.0	68.4	1008.9	2.0
20101006	17.3	0.0	73.8	1013.4	1.4
20101007	18.8	0.0	75.5	1014.9	1.5
20101008	18.4	10.0	84.8	1011.4	1.3
20101009	19.3	1.0	84.1	1005.9	1.3
20101010	19.5	0.0	73.8	1008.8	1.3
20101011	18.5	0.0	81.6	1010.7	1.1
20101012	18.9	0.0	67.4	1010.3	1.3
20101013	18.2	0.0	81.5	1008.3	1.3
20101014	17.6	0.0	69.1	1007.8	1.2
20101015	16.4	0.0	47.0	1010.9	2.4
20101016	15.7	0.0	64.0	1015.1	1.2
20101017	15.9	0.0	70.3	1017.6	1.2
20101018	16.8	0.0	72.4	1019.0	1.4
20101019	17.3	0.0	74.9	1018.0	1.7
20101020	17.9	0.0	75.5	1014.9	1.5
20101021	18.3	0.0	75.1	1013.2	1.7
20101022	18.0	0.0	61.1	1016.0	2.5
20101023	17.3	0.3	70.8	1014.1	2.2
20101024	16.9	24.5	94.5	1007.8	1.6
20101025	16.4	0.0	65.4	1007.3	2.2
20101026	8.5	0.0	28.9	1019.1	2.6
20101027	9.8	0.0	47.4	1021.8	1.9
20101028	10.5	0.0	56.1	1016.9	1.6
20101029	12.3	0.0	56.3	1018.8	2.1
20101030	13.8	0.0	61.8	1019.3	1.9
20101031	12.9	0.0	61.3	1016.3	1.4
20101101	13.3	0.0	50.9	1013.7	2.2
20101102	10.2	0.0	44.8	1015.0	2.4
20101103	8.2	0.0	51.5	1019.6	1.3
20101104	10.2	0.0	63.6	1019.1	1.4
20101105	11.7	0.0	61.0	1018.2	1.1
20101106	11.1	0.0	58.3	1016.4	1.3
20101107	12.2	0.0	61.8	1012.0	1.2
20101108	12.2	0.0	52.5	1009.0	3.7
20101109	8.8	0.0	42.8	1012.3	3.1
20101110	8.9	0.0	63.1	1015.5	1.1
20101111	12.2	8.0	68.6	1012.0	1.7
20101112	12.4	0.0	43.6	1016.3	2.4
20101113	9.2	0.0	61.9	1020.8	1.1
20101114	11.8	0.0	63.4	1020.0	1.0
20101115	7.5	0.0	28.9	1021.9	1.9
20101116	4.3	0.0	47.1	1019.8	1.3
20101117	7.3	0.0	55.1	1019.5	1.2
20101118	7.3	0.0	63.3	1019.5	1.1
20101119	6.6	0.0	68.6	1015.0	1.2
20101120	8.7	0.0	63.6	1012.8	1.0
20101121	11.3	0.0	71.8	1009.8	1.0
20101122	11.3	0.4	59.3	1007.0	1.5
20101123	8.5	0.0	53.4	1015.1	1.3
20101124	10.3	0.0	64.1	1016.0	1.2
20101125	8.7	0.0	49.9	1014.3	2.4
20101126	4.4	0.0	44.5	1014.9	1.4
20101127	6.9	0.5	54.6	1012.8	2.2
20101128	4.3	0.0	49.0	1018.8	1.5
20101129	7.1	0.0	70.9	1018.7	1.0
20101130	10.5	0.0	74.4	1014.4	1.2
20101201	8.9	0.0	70.6	1014.9	1.0
20101202	7.9	3.5	86.9	1010.9	1.0
20101203	6.7	0.0	43.0	1011.5	3.7
20101204	4.9	0.0	53.4	1015.8	1.1
20101205	9.2	0.0	72.9	1012.6	1.3
20101206	8.2	0.0	59.5	1010.0	2.1
20101207	2.2	0.0	45.4	1009.6	1.2
20101208	3.8	0.3	50.9	1005.8	1.7
20101209	3.1	0.0	41.0	1011.2	2.2
20101210	6.4	0.0	59.1	1008.8	1.5
20101211	5.3	0.0	39.0	1012.9	2.6
20101212	1.8	0.0	34.1	1018.7	1.3
20101213	5.1	28.5	92.5	1009.5	1.1
20101214	4.4	0.0	61.4	1013.5	1.8
20101215	-1.2	0.0	41.4	1016.4	2.0
20101216	-0.8	0.0	50.3	1012.6	1.6
20101217	4.2	0.0	54.9	1010.3	1.8
20101218	4.1	0.0	58.5	1016.7	1.3
20101219	8.4	0.0	67.4	1013.9	1.4
20101220	7.5	0.0	53.4	1011.8	1.4
20101221	6.0	0.0	55.8	1007.1	1.3
20101222	6.0	0.0	61.0	1009.0	1.1
20101223	4.9	0.0	49.8	1014.5	1.6
20101224	-2.9	0.0	36.0	1017.8	2.1
20101225	-3.0	0.0	43.5	1013.6	1.8
20101226	-0.8	0.0	55.5	1007.1	2.2
20101227	2.3	0.0	54.0	1008.1	1.9
20101228	4.5	3.5	64.8	1005.4	2.4
20101229	1.3	0.0	56.6	1012.4	1.9
20101230	0.6	0.1	58.1	1005.6	2.4
20101231	-2.2	0.0	46.3	1007.7	2.5
20110101	-0.1	0.0	41.9	1013.9	1.8
20110102	0.7	0.0	51.4	1019.0	1.1
20110103	-0.2	0.0	53.8	1015.0	1.1
20110104	0.0	0.0	57.6	1015.1	1.5
20110105	2.0	0.0	49.9	1014.8	2.4
20110106	-0.6	0.0	47.6	1017.9	2.3
20110107	-2.4	0.0	43.0	1020.8	1.3
20110108	-0.2	0.0	49.5	1019.0	1.4
20110109	0.9	0.0	43.1	1017.3	2.8
20110110	-3.8	0.0	38.9	1018.0	1.1
20110111	-1.1	0.0	44.0	1012.2	1.5
20110112	-1.6	0.0	39.8	1015.3	2.1
20110113	-2.9	0.0	47.1	1019.9	1.0
20110114	0.8	0.0	45.1	1019.7	1.3
20110115	-3.6	0.0	34.9	1017.6	3.7
20110116	-6.1	0.0	40.5	1019.1	2.4
20110117	-3.4	0.0	42.4	1022.6	1.2
20110118	-1.9	0.0	49.4	1022.5	1.6
20110119	-0.8	0.0	48.1	1020.8	1.6
20110120	-1.7	0.0	48.8	1018.8	1.0
20110121	-2.3	0.0	39.6	1018.1	1.0
20110122	-0.8	0.0	46.3	1020.4	1.3
20110123	1.4	0.0	45.1	1019.5	1.4
20110124	-1.6	0.0	47.6	1019.4	2.9
20110125	-2.7	0.0	48.6	1023.4	1.3
20110126	-2.0	0.0	43.9	1027.0	1.6
20110127	-1.9	0.0	32.8	1028.8	1.2
20110128	-1.1	0.0	27.9	1024.0	1.0
20110129	-3.2	0.0	37.8	1021.8	2.3
20110130	-4.0	0.0	41.4	1022.4	2.3
20110131	-1.2	0.0	42.6	1020.8	2.2
20110201	1.7	0.0	52.6	1018.4	1.1
20110202	3.6	0.0	44.8	1017.0	1.2
20110203	3.4	0.0	42.8	1016.6	1.3
20110204	5.0	0.0	43.5	1014.4	1.4
20110205	3.7	0.0	35.4	1015.0	1.0
20110206	5.7	0.0	51.0	1010.9	1.3
20110207	4.2	0.0	54.1	1011.3	1.2
20110208	3.1	10.5	86.8	1004.4	0.8
20110209	3.1	0.0	64.4	1010.4	1.0
20110210	0.8	1.5	70.9	1013.7	0.9
20110211	1.7	0.0	51.5	1011.1	1.7
20110212	-1.0	0.0	37.0	1015.6	2.1
20110213	-0.8	0.0	52.6	1018.3	1.0
20110214	0.6	0.0	51.3	1016.5	1.5
20110215	2.0	0.0	55.6	1023.0	1.2
20110216	3.8	4.0	70.9	1019.1	0.9
20110217	4.6	8.0	87.4	1010.2	1.2
20110218	3.5	0.0	65.3	1016.5	1.3
20110219	4.6	0.0	64.6	1017.7	1.0
20110220	6.5	0.0	50.8	1018.8	1.4
20110221	5.4	0.0	59.4	1020.4	1.4
20110222	5.7	0.0	64.5	1019.5	1.2
20110223	6.1	0.0	71.4	1016.1	1.0
20110224	10.9	0.0	58.3	1012.7	1.5
20110225	9.2	0.0	48.8	1018.0	1.0
20110226	7.3	0.0	61.4	1022.5	1.9
20110227	6.9	81.0	94.8	1013.5	1.0
20110228	6.6	10.5	94.4	1010.7	1.3
20110301	4.9	5.5	74.5	1007.9	1.7
20110302	2.3	0.0	40.9	1013.5	2.4
20110303	1.4	0.0	40.8	1015.5	2.0
20110304	2.3	0.0	42.8	1018.2	1.4
20110305	4.0	0.0	48.6	1017.5	1.5
20110306	6.8	0.0	39.5	1011.0	1.1
20110307	5.9	0.0	35.8	1009.1	3.1
20110308	5.1	0.0	34.1	1014.2	2.3
20110309	4.6	0.0	30.1	1018.8	3.0
20110310	5.4	0.0	36.8	1018.3	2.3
20110311	8.3	0.0	30.1	1017.6	2.3
20110312	9.3	0.0	52.0	1016.2	1.6
20110313	10.5	0.0	65.4	1014.2	1.3
20110314	11.3	0.0	62.6	1010.9	0.9
20110315	6.3	0.0	39.4	1011.4	3.1
20110316	3.5	0.0	30.6	1015.6	2.7
20110317	4.5	0.0	36.8	1019.0	1.8
20110318	7.5	0.0	46.0	1018.9	1.3
20110319	12.1	0.0	60.4	1013.5	1.5
20110320	10.3	38.5	90.5	1006.1	1.2
20110321	8.9	4.5	79.5	1011.0	1.1
20110322	5.4	0.0	34.4	1015.6	2.6
20110323	4.4	0.0	34.8	1018.4	1.4
20110324	7.6	0.2	37.4	1017.3	2.0
20110325	5.2	0.1	33.4	1018.5	3.5
20110326	4.5	0.0	38.9	1021.6	1.5
20110327	7.1	0.0	39.0	1020.9	1.8
20110328	9.7	0.0	37.6	1018.8	2.1
20110329	6.8	0.0	38.4	1018.5	1.4
20110330	10.7	0.0	32.6	1016.7	1.9
20110331	11.2	0.0	37.9	1016.5	1.3
20110401	13.1	0.0	33.1	1015.1	2.0
20110402	11.9	0.0	45.1	1014.2	1.6
20110403	7.0	7.5	84.5	1015.7	1.2
20110404	8.2	0.0	58.6	1019.3	1.6
20110405	9.3	0.0	57.3	1021.0	1.4
20110406	11.5	2.5	71.8	1019.2	1.3
20110407	14.3	51.5	89.4	1013.5	2.1
20110408	13.5	8.5	74.3	1012.7	1.6
20110409	13.4	0.0	49.0	1015.4	1.6
20110410	14.8	0.0	36.6	1012.0	1.9
20110411	12.9	0.3	37.5	1010.4	2.4
20110412	12.1	0.0	27.8	1013.8	1.8
20110413	14.4	0.0	29.5	1011.7	1.9
20110414	13.7	0.0	45.9	1007.3	1.8
20110415	18.8	0.0	68.0	1001.1	1.7
20110416	13.4	0.0	55.3	1008.4	2.3
20110417	12.0	0.0	48.9	1006.3	1.6
20110418	10.3	0.0	53.6	1000.7	2.5
20110419	11.3	0.0	48.9	1007.3	1.8
20110420	12.0	0.0	61.6	1014.4	1.7
20110421	13.6	0.0	61.0	1013.0	1.5
20110422	14.7	88.5	84.1	1003.4	2.5
20110423	13.0	0.0	45.6	1004.1	2.5
20110424	12.3	0.0	49.9	1005.2	2.0
20110425	14.2	0.2	49.3	1006.4	2.3
20110426	16.5	13.5	80.5	998.9	2.4
20110427	15.4	0.0	59.6	996.8	2.4
20110428	13.1	0.0	37.5	1003.7	2.8
20110429	13.8	0.0	58.0	1008.9	2.1
20110430	19.1	24.0	79.6	1001.7	3.3
20110501	18.1	0.0	49.1	1000.8	2.9
20110502	16.0	0.0	47.0	1007.8	1.4
20110503	17.4	0.0	51.4	1007.0	1.9
20110504	16.2	0.0	42.9	1010.0	1.5
20110505	15.1	0.0	56.0	1011.2	1.7
20110506	14.4	7.5	78.8	1007.1	1.0
20110507	20.0	2.5	80.6	1003.6	1.7
20110508	18.7	0.0	83.9	1008.3	0.9
20110509	19.2	7.0	94.3	1006.3	1.5
20110510	21.7	14.0	90.5	1000.5	2.3
20110511	15.8	101.5	96.0	998.8	1.5
20110512	17.5	8.5	72.9	997.9	2.2
20110513	18.6	0.0	31.5	1001.7	3.0
20110514	19.8	0.0	27.8	1006.4	2.6
20110515	18.8	0.0	41.6	1009.8	2.0
20110516	20.3	0.0	49.4	1007.8	2.0
20110517	17.6	0.0	53.9	1006.8	1.5
20110518	18.1	0.0	70.8	1009.7	1.9
20110519	19.8	0.0	72.4	1010.1	2.0
20110520	20.8	2.5	89.5	1007.2	1.7
20110521	22.1	0.0	78.9	1005.0	1.4
20110522	17.8	2.5	78.8	1008.9	1.5
20110523	14.7	16.5	85.8	1010.4	1.8
20110524	17.9	0.0	61.8	1010.0	2.2
20110525	18.7	0.0	63.0	1010.2	1.5
20110526	15.6	15.5	90.1	1008.4	1.6
20110527	16.1	2.5	93.1	1007.7	1.0
20110528	18.2	0.0	83.8	1007.1	1.2
20110529	19.8	0.0	64.1	1004.6	1.7
20110530	18.4	0.0	79.6	1006.9	1.7
20110531	16.5	0.0	86.3	1005.4	1.2
20110601	18.8	0.1	83.8	1005.1	1.3
20110602	19.7	0.0	82.9	1007.2	1.7
20110603	20.3	0.0	76.4	1005.8	1.6
20110604	21.6	0.0	72.3	1004.3	1.9
20110605	22.2	0.0	67.3	1002.4	1.4
20110606	21.6	0.0	66.8	1002.4	1.1
20110607	22.2	0.0	68.9	998.0	1.2
20110608	22.5	0.0	66.1	999.5	1.3
20110609	21.1	5.5	79.9	1000.5	1.2
20110610	20.2	13.0	94.4	999.4	0.9
20110611	21.8	10.0	72.1	999.4	1.0
20110612	21.1	1.0	79.5	1000.0	1.1
20110613	22.4	0.0	70.6	1000.2	1.6
20110614	21.1	0.0	76.8	1004.2	1.1
20110615	20.6	0.0	78.9	1004.1	0.9
20110616	22.2	0.0	68.1	1002.5	1.9
20110617	21.9	0.0	70.4	1004.3	1.5
20110618	21.7	0.0	81.3	1002.1	0.9
20110619	21.6	0.0	68.5	1002.8	1.4
20110620	22.4	0.0	73.5	1003.1	1.5
20110621	24.0	1.0	72.6	1005.3	1.4
20110622	23.8	51.0	91.4	1002.7	1.8
20110623	25.9	0.1	84.5	999.1	2.8
20110624	26.2	0.1	84.3	1000.3	2.6
20110625	21.8	71.5	95.9	1004.1	1.2
20110626	21.9	71.0	92.8	997.1	3.1
20110627	22.0	0.0	86.3	1002.2	2.0
20110628	22.7	7.5	92.5	1006.5	0.9
20110629	25.3	0.5	87.5	1007.9	2.2
20110630	24.8	46.0	89.4	1005.5	1.7
20110701	27.3	0.3	80.5	1000.3	2.0
20110702	27.0	0.0	81.1	998.5	1.3
20110703	25.9	0.1	84.9	995.4	1.4
20110704	26.8	28.0	67.0	996.0	2.7
20110705	24.5	0.0	67.0	998.6	1.3
20110706	20.7	20.0	93.9	996.4	0.5
20110707	24.5	34.0	86.9	997.0	2.2
20110708	25.7	16.5	90.4	1001.1	2.0
20110709	23.7	231.5	94.3	1004.7	2.1
20110710	25.5	9.5	91.6	1007.1	2.2
20110711	25.3	0.0	84.0	1007.9	1.3
20110712	25.6	12.0	88.3	1007.2	1.4
20110713	25.4	45.0	91.5	1005.5	1.6
20110714	26.3	19.0	87.8	1005.6	2.2
20110715	26.5	27.0	87.1	1005.8	1.9
20110716	26.8	0.1	82.1	1004.1	1.1
20110717	27.0	0.0	77.0	1001.4	0.9
20110718	27.3	0.0	74.1	997.0	1.9
20110719	28.2	0.0	68.4	989.9	1.9
20110720	28.0	0.0	65.1	995.7	1.4
20110721	23.8	0.0	82.0	1001.0	1.0
20110722	22.6	0.0	80.1	1002.9	0.7
20110723	24.9	0.0	79.9	1002.9	1.0
20110724	24.5	0.0	83.9	1003.9	0.8
20110725	24.6	0.0	76.4	1006.0	1.3
20110726	25.9	3.5	88.4	1006.1	1.7
20110727	27.7	43.5	81.8	1006.5	2.2
20110728	28.2	0.0	77.0	1006.2	2.0
20110729	28.2	1.0	76.9	1003.5	1.7
20110730	27.9	0.0	76.3	1001.1	1.2
20110731	26.9	0.0	82.3	1000.7	1.2
20110801	25.4	194.0	92.0	1001.5	1.3
20110802	25.9	24.0	90.0	1003.9	1.5
20110803	27.0	0.0	80.8	1003.8	1.1
20110804	27.8	0.0	78.1	1002.7	1.2
20110805	27.7	0.0	74.3	1002.3	1.6
20110806	27.7	0.1	79.0	1002.3	1.5
20110807	27.0	70.0	82.9	999.5	3.6
20110808	27.1	38.5	80.1	1001.6	2.8
20110809	26.9	0.5	84.0	1004.7	1.9
20110810	27.7	0.0	80.1	1005.2	1.6
20110811	27.7	0.0	78.9	1003.4	1.4
20110812	27.4	0.0	80.5	1002.0	1.5
20110813	26.5	17.5	82.9	1001.9	2.0
20110814	26.6	0.1	82.8	1002.0	1.3
20110815	27.0	0.0	79.9	1002.1	1.2
20110816	27.3	0.0	81.4	1000.2	1.2
20110817	26.9	5.0	82.4	999.2	1.8
20110818	26.2	1.0	81.3	1001.1	1.6
20110819	23.5	8.0	88.1	1006.3	0.8
20110820	20.5	39.5	93.4	1006.4	1.3
20110821	22.3	25.5	83.6	1005.0	1.3
20110822	21.5	3.0	86.6	1005.4	1.3
20110823	20.7	19.0	90.6	1004.0	1.4
20110824	22.8	0.0	84.6	1006.3	1.3
20110825	23.0	0.5	85.8	1008.9	1.3
20110826	24.1	0.0	84.0	1010.1	1.0
20110827	25.4	0.0	81.0	1009.6	1.2
20110828	25.5	0.0	79.0	1008.4	1.2
20110829	26.1	0.0	79.3	1006.9	1.2
20110830	26.2	0.0	82.3	1004.1	0.9
20110831	26.1	0.0	82.1	1001.0	0.7
20110901	27.3	0.0	74.8	998.6	0.9
20110902	26.4	0.0	73.8	996.6	1.4
20110903	26.8	0.0	59.1	998.4	1.8
20110904	25.0	0.0	68.4	1000.2	1.3
20110905	24.0	0.0	73.3	1000.4	1.4
20110906	23.3	0.0	74.6	1000.6	1.5
20110907	22.5	0.0	66.9	1002.0	1.4
20110908	23.4	0.0	67.3	1006.0	1.3
20110909	23.8	0.0	64.1	1010.8	1.0
20110910	20.9	1.5	83.6	1013.4	2.1
20110911	22.4	53.0	94.0	1011.5	1.1
20110912	26.1	0.5	82.4	1010.3	1.2
20110913	25.4	0.0	81.1	1009.1	1.1
20110914	24.9	0.0	78.8	1008.0	1.1
20110915	25.2	0.0	76.8	1006.5	1.1
20110916	26.3	0.0	76.4	1002.3	1.3
20110917	26.7	0.0	74.3	1001.5	1.5
20110918	24.9	0.0	73.5	1004.5	1.7
20110919	20.3	0.0	62.4	1008.9	2.6
20110920	18.9	0.0	61.5	1005.4	2.8
20110921	19.2	0.0	56.0	1002.7	2.1
20110922	18.1	0.0	59.6	1006.7	1.5
20110923	19.4	0.0	58.1	1010.3	1.3
20110924	19.2	0.0	69.8	1014.3	1.4
20110925	19.1	0.0	70.4	1016.3	1.3
20110926	19.4	0.0	69.0	1014.4	1.6
20110927	19.6	0.0	70.3	1013.3	1.4
20110928	20.1	0.0	75.5	1012.7	1.2
20110929	20.4	6.5	91.1	1007.0	0.8
20110930	19.1	0.0	59.3	1010.2	1.7
20111001	15.7	0.0	58.1	1015.1	1.4
20111002	15.6	0.0	47.3	1017.4	1.2
20111003	14.6	0.0	53.6	1018.6	1.5
20111004	15.7	0.0	61.8	1016.5	1.5
20111005	16.9	0.0	65.9	1010.0	1.1
20111006	17.8	0.0	51.4	1009.6	1.7
20111007	15.9	0.0	54.6	1014.4	1.4
20111008	16.3	0.0	63.9	1017.1	1.3
20111009	17.5	0.0	63.5	1017.5	1.3
20111010	17.8	0.0	70.8	1015.7	1.2
20111011	18.7	0.0	68.5	1013.4	1.1
20111012	18.2	0.0	66.9	1012.0	1.1
20111013	19.5	0.0	56.4	1009.9	1.2
20111014	15.8	16.5	88.3	1006.6	0.9
20111015	18.3	0.0	66.1	1005.2	1.8
20111016	17.6	0.0	51.0	1007.4	2.3
20111017	16.5	0.0	46.5	1012.9	2.1
20111018	12.9	0.0	56.6	1018.5	1.3
20111019	15.5	0.0	63.6	1019.6	1.7
20111020	17.3	0.0	64.4	1017.8	1.5
20111021	16.9	54.5	79.3	1012.3	1.5
20111022	16.4	50.5	87.1	1008.0	1.1
20111023	15.5	0.0	77.1	1012.5	1.0
20111024	15.1	4.0	81.0	1010.9	1.2
20111025	11.0	0.0	48.5	1016.4	1.7
20111026	9.5	0.0	58.0	1019.8	1.4
20111027	12.7	0.0	65.8	1020.5	1.3
20111028	14.5	0.0	69.4	1018.4	1.3
20111029	15.9	0.3	72.5	1014.6	1.0
20111030	16.4	1.0	79.8	1014.4	1.0
20111031	14.9	0.0	74.3	1019.7	1.3
20111101	16.9	0.0	68.5	1019.8	1.4
20111102	18.3	0.0	71.1	1018.9	1.2
20111103	19.2	0.0	75.8	1019.9	1.0
20111104	19.6	16.5	77.0	1019.0	1.2
20111105	19.8	71.0	86.0	1012.8	1.0
20111106	17.9	4.5	91.6	1013.3	0.9
20111107	17.2	1.0	84.1	1014.2	0.8
20111108	16.3	0.1	80.9	1013.8	1.3
20111109	15.2	0.0	73.6	1014.5	1.8
20111110	14.8	0.0	65.0	1012.5	2.1
20111111	13.9	2.0	73.9	1010.0	1.3
20111112	14.1	0.0	66.0	1012.2	1.6
20111113	14.0	0.0	55.9	1013.6	1.6
20111114	10.8	0.0	45.8	1017.6	1.3
20111115	9.7	0.0	43.8	1023.9	1.4
20111116	10.3	0.0	54.5	1024.8	1.1
20111117	11.7	0.5	69.0	1021.4	1.2
20111118	13.7	74.5	93.0	1009.1	0.9
20111119	15.1	29.5	72.9	1002.7	2.2
20111120	6.7	0.0	40.0	1018.5	2.7
20111121	5.0	0.0	56.0	1024.8	1.1
20111122	6.4	0.4	55.5	1021.5	0.9
20111123	8.3	6.0	59.5	1013.9	3.2
20111124	5.0	0.0	40.8	1021.5	2.4
20111125	4.7	0.0	60.4	1024.3	1.1
20111126	7.1	0.0	71.5	1022.7	1.0
20111127	10.8	0.1	83.9	1018.2	0.7
20111128	14.2	1.0	86.6	1016.3	0.9
20111129	14.9	0.0	85.4	1016.2	1.0
20111130	11.3	23.5	87.9	1014.8	1.6
20111201	7.2	2.5	72.6	1017.9	2.4
20111202	7.9	3.0	69.8	1013.1	1.9
20111203	9.5	0.5	67.6	1010.4	1.4
20111204	6.9	0.0	64.6	1018.6	1.1
20111205	5.8	0.0	49.9	1023.1	1.1
20111206	6.8	1.5	64.0	1022.3	0.9
20111207	7.8	0.0	54.5	1019.3	0.9
20111208	6.2	0.2	54.8	1015.6	2.1
20111209	2.4	0.0	46.0	1019.7	2.5
20111210	3.1	0.0	49.0	1020.1	2.2
20111211	5.2	0.0	55.6	1020.6	1.7
20111212	5.0	0.0	65.6	1020.8	0.9
20111213	5.2	0.0	47.3	1021.0	1.2
20111214	6.8	0.0	54.4	1017.7	1.2
20111215	3.8	0.0	39.1	1019.2	2.1
20111216	-0.2	0.0	47.6	1022.6	2.2
20111217	-0.9	0.0	54.3	1024.5	1.2
20111218	2.6	0.0	59.5	1023.2	1.9
20111219	1.7	0.0	49.6	1023.4	1.0
20111220	2.3	0.0	52.8	1022.4	0.9
20111221	4.2	0.0	56.8	1018.5	0.9
20111222	1.8	0.0	37.3	1017.2	2.6
20111223	-1.9	0.0	37.5	1018.5	1.0
20111224	0.4	0.0	45.4	1016.8	1.7
20111225	-0.1	0.0	39.5	1023.0	2.2
20111226	-0.8	0.0	33.8	1027.0	1.5
20111227	-0.5	0.0	33.9	1027.5	1.1
20111228	2.0	0.0	38.6	1023.9	1.1
20111229	2.6	0.0	51.0	1021.1	1.2
20111230	1.1	0.0	52.8	1023.5	1.0
20111231	1.3	0.0	50.3	1020.7	1.0
20120101	1.9	0.0	60.0	1017.5	1.9
20120102	-0.9	0.0	54.9	1019.0	1.0
20120103	1.0	0.0	58.3	1015.4	1.4
20120104	-0.6	0.0	45.9	1018.1	2.8
20120105	-0.9	0.0	54.3	1021.9	1.3
20120106	-0.1	0.0	51.8	1024.2	1.0
20120107	0.2	0.0	42.5	1027.9	1.1
20120108	1.8	0.0	35.0	1024.4	1.1
20120109	1.6	0.0	52.0	1023.3	1.0
20120110	2.4	0.0	49.1	1020.7	1.2
20120111	0.7	0.0	37.4	1023.1	2.3
20120112	-1.6	0.0	49.8	1022.5	1.2
20120113	3.2	0.0	50.8	1018.7	1.7
20120114	1.6	0.0	38.3	1017.5	0.9
20120115	2.4	0.0	41.0	1014.8	0.9
20120116	4.5	0.0	56.6	1012.3	1.0
20120117	6.1	0.2	76.4	1014.7	0.8
20120118	6.0	3.5	79.5	1015.2	1.0
20120119	6.2	14.0	87.3	1013.8	1.1
20120120	7.7	0.0	69.1	1014.5	1.3
20120121	7.1	0.2	68.5	1013.7	1.0
20120122	2.7	0.0	46.8	1014.5	1.6
20120123	-3.3	0.0	37.4	1018.5	1.7
20120124	-2.8	0.0	54.3	1018.3	1.2
20120125	-2.7	0.0	44.3	1017.3	1.8
20120126	-0.5	0.0	49.0	1020.4	1.1
20120127	3.3	0.0	55.4	1018.7	1.1
20120128	3.7	0.0	39.1	1019.6	1.3
20120129	2.6	0.0	31.1	1020.9	1.1
20120130	0.5	0.0	22.6	1021.6	1.2
20120131	1.5	0.5	51.0	1017.4	1.5
20120201	-1.0	0.0	40.6	1016.6	2.4
20120202	-5.7	0.0	35.9	1022.0	1.9
20120203	-3.4	0.0	50.1	1020.2	1.8
20120204	1.1	0.0	50.0	1020.4	1.3
20120205	0.1	0.0	71.8	1018.3	0.6
20120206	2.1	7.0	78.0	1010.3	0.8
20120207	-0.8	0.0	45.6	1010.3	3.0
20120208	-3.0	0.0	45.4	1016.7	1.7
20120209	-0.4	0.0	48.0	1020.0	1.5
20120210	0.8	0.0	42.0	1020.3	1.2
20120211	0.4	0.0	35.1	1022.3	1.1
20120212	2.0	0.0	33.1	1024.3	1.1
20120213	2.9	3.0	71.8	1018.3	0.8
20120214	4.3	12.0	84.8	1014.0	0.9
20120215	5.2	0.0	52.0	1014.0	1.0
20120216	3.5	0.0	29.6	1015.7	1.7
20120217	-1.1	0.0	36.8	1017.5	2.7
20120218	-2.3	0.0	39.3	1019.9	2.1
20120219	-0.5	0.0	41.3	1021.0	1.3
20120220	1.2	0.0	42.8	1021.0	1.0
20120221	1.6	1.5	65.1	1018.4	0.9
20120222	5.0	0.0	76.5	1011.8	1.1
20120223	9.1	0.0	56.9	1006.9	1.3
20120224	6.4	0.0	60.6	1012.7	1.4
20120225	4.9	0.0	56.8	1010.3	1.4
20120226	1.9	0.0	48.6	1015.2	1.0
20120227	2.4	0.0	40.9	1018.8	1.1
20120228	2.9	2.5	69.4	1018.3	1.4
20120229	5.8	0.0	71.3	1016.6	1.2
20120301	8.2	0.0	63.4	1012.6	1.0
20120302	7.3	2.0	81.6	1011.9	0.9
20120303	8.1	0.0	65.4	1018.6	1.6
20120304	5.8	12.5	79.1	1016.3	1.7
20120305	5.6	30.0	90.6	1006.7	1.7
20120306	7.3	3.0	65.1	1007.0	1.9
20120307	5.5	0.0	57.4	1011.6	1.0
20120308	6.9	0.0	46.1	1013.2	1.2
20120309	7.4	0.0	50.4	1013.3	1.1
20120310	8.0	0.0	46.6	1013.4	1.2
20120311	2.2	0.0	35.1	1015.8	3.3
20120312	1.9	0.0	31.1	1020.2	1.7
20120313	3.2	0.0	42.9	1020.8	1.3
20120314	6.1	0.0	50.4	1020.1	1.2
20120315	9.1	0.0	44.6	1021.4	1.4
20120316	6.7	19.5	82.1	1012.7	0.9
20120317	11.8	0.5	80.3	1004.7	1.2
20120318	10.9	0.2	67.3	1007.3	1.8
20120319	6.8	0.0	53.3	1013.4	1.3
20120320	7.0	0.0	33.8	1013.0	1.5
20120321	6.2	0.0	40.3	1017.3	1.3
20120322	5.9	31.0	70.5	1014.5	1.1
20120323	7.3	22.5	85.4	1003.2	1.8
20120324	6.7	0.0	43.1	1006.6	4.0
20120325	6.0	0.0	30.9	1013.3	3.1
20120326	7.0	0.0	34.5	1017.8	1.8
20120327	9.6	0.0	46.4	1018.3	1.7
20120328	12.7	0.0	54.6	1019.3	1.6
20120329	13.0	0.0	68.1	1018.6	1.6
20120330	14.3	65.0	80.5	1009.4	2.0
20120331	9.0	0.0	29.9	1010.3	2.9
20120401	6.5	0.0	39.1	1017.3	1.3
20120402	11.0	14.5	70.6	1012.3	2.0
20120403	9.3	18.0	51.9	999.8	4.5
20120404	10.2	0.0	41.4	1008.7	2.8
20120405	11.6	0.0	33.5	1006.5	2.6
20120406	9.0	0.0	25.6	1011.7	2.9
20120407	9.4	0.0	32.3	1016.4	1.9
20120408	15.1	0.0	39.3	1015.8	2.3
20120409	18.0	0.0	58.1	1015.1	1.7
20120410	13.8	19.0	83.6	1011.3	1.3
20120411	15.2	2.0	73.8	999.4	1.8
20120412	13.6	0.0	45.1	1004.9	1.6
20120413	12.4	0.3	55.9	1006.8	0.9
20120414	14.3	0.0	55.3	1007.9	1.3
20120415	16.0	0.0	52.9	1006.9	1.4
20120416	17.3	0.0	42.1	1006.0	1.5
20120417	13.3	0.0	63.0	1010.2	1.5
20120418	14.1	0.0	51.8	1012.8	1.4
20120419	12.3	5.5	72.4	1015.0	0.9
20120420	13.8	3.5	80.6	1015.6	1.6
20120421	13.8	112.0	91.9	1005.0	1.7
20120422	14.9	0.5	69.4	1002.6	2.0
20120423	17.1	0.0	67.1	1008.0	1.6
20120424	17.6	0.0	74.4	1008.6	0.9
20120425	14.5	88.5	88.8	998.0	1.5
20120426	15.0	0.0	36.9	1001.8	3.2
20120427	14.0	0.0	43.1	1008.4	1.3
20120428	16.3	0.0	67.1	1010.8	1.2
20120429	15.9	0.0	84.1	1010.1	0.7
20120430	16.6	2.5	77.9	1006.3	1.9
20120501	16.9	26.5	85.5	1003.9	0.6
20120502	18.4	0.5	82.5	999.4	1.0
20120503	18.5	0.0	77.1	998.6	1.5
20120504	20.6	0.0	59.0	1001.5	1.3
20120505	23.3	0.2	33.6	1000.5	2.7
20120506	20.7	0.0	27.4	1001.9	2.2
20120507	19.9	0.0	57.3	1001.7	1.2
20120508	20.4	0.0	68.5	1002.3	1.2
20120509	19.7	0.0	71.1	1006.7	1.3
20120510	16.3	0.0	76.4	1010.9	1.2
20120511	14.9	0.0	64.4	1012.1	2.0
20120512	14.8	0.0	62.9	1010.6	1.8
20120513	16.1	0.0	68.6	1007.9	0.8
20120514	15.9	42.0	90.4	1004.1	0.9
20120515	19.8	2.0	57.6	1000.5	1.4
20120516	19.1	0.0	57.5	999.8	1.5
20120517	19.5	0.2	44.1	998.9	2.4
20120518	17.3	0.0	49.0	1009.0	1.4
20120519	16.8	0.0	54.6	1011.0	1.0
20120520	18.9	0.0	60.6	1009.5	1.1
20120521	20.0	0.0	57.3	1011.2	1.8
20120522	20.1	0.0	54.4	1009.6	1.3
20120523	21.2	0.0	55.4	1007.0	1.2
20120524	21.7	0.0	56.8	1005.5	1.0
20120525	19.4	1.5	69.5	1004.9	1.2
20120526	20.6	0.0	41.9	1005.1	1.3
20120527	21.5	0.0	44.0	1006.8	1.4
20120528	21.7	0.0	51.3	1011.8	1.3
20120529	20.9	0.0	67.4	1013.1	1.1
20120530	19.1	4.5	78.9	1013.7	1.3
20120531	20.2	0.0	70.6	1012.0	1.6
20120601	20.1	0.0	71.9	1010.7	1.1
20120602	21.0	0.0	55.0	1008.6	1.4
20120603	20.9	0.0	63.5	1007.3	1.4
20120604	21.4	0.0	63.5	1006.5	1.0
20120605	23.1	0.0	63.9	1002.1	1.4
20120606	23.1	0.0	66.4	999.3	1.1
20120607	22.6	0.0	70.4	1000.4	1.5
20120608	19.9	6.5	87.3	996.8	0.9
20120609	21.4	0.0	77.1	996.8	1.1
20120610	22.0	0.0	68.4	997.4	1.5
20120611	21.7	0.0	70.1	995.9	1.3
20120612	22.9	0.0	69.1	995.7	1.3
20120613	22.4	0.0	67.5	1002.5	1.7
20120614	22.1	0.0	65.3	1007.7	1.9
20120615	20.2	8.0	81.1	1004.7	1.8
20120616	22.4	0.0	72.6	1002.2	1.4
20120617	23.2	0.0	70.0	1005.5	1.1
20120618	20.5	14.0	85.4	1003.5	0.7
20120619	22.5	23.0	74.9	995.1	1.5
20120620	22.1	0.0	72.5	1000.8	1.2
20120621	23.0	0.0	68.3	1001.4	1.5
20120622	23.1	0.0	72.0	1004.8	1.3
20120623	22.8	0.0	68.1	1003.4	1.0
20120624	21.3	4.0	78.9	1000.4	1.0
20120625	22.7	0.0	60.0	1003.5	2.2
20120626	21.2	1.0	67.1	1006.3	1.9
20120627	20.9	0.0	72.4	1007.3	1.8
20120628	23.2	0.0	67.4	1007.2	1.6
20120629	22.0	6.0	80.3	1005.9	1.2
20120630	25.2	13.0	85.1	999.8	2.1
20120701	24.4	0.0	71.9	999.7	1.6
20120702	24.4	0.4	74.6	997.7	1.2
20120703	25.0	1.5	77.9	995.9	1.6
20120704	25.5	0.0	73.6	999.9	1.6
20120705	24.9	27.0	88.1	1001.9	1.2
20120706	25.9	20.5	79.6	995.3	2.6
20120707	22.8	5.5	82.0	998.5	1.5
20120708	24.1	0.0	75.8	1001.3	0.9
20120709	23.7	0.0	80.1	1001.6	0.9
20120710	23.2	5.0	81.4	999.9	1.3
20120711	25.0	123.0	88.6	992.5	1.7
20120712	26.8	0.1	74.4	995.6	1.3
20120713	24.8	8.5	85.5	996.4	0.9
20120714	23.4	37.0	92.4	997.0	1.0
20120715	25.6	20.5	85.0	997.4	1.6
20120716	24.9	2.5	81.5	1004.2	1.2
20120717	24.0	11.5	89.9	1007.0	1.0
20120718	25.6	14.5	85.9	1003.4	1.6
20120719	26.1	8.5	84.5	1002.2	2.2
20120720	27.2	0.0	78.0	1004.0	1.3
20120721	26.4	0.0	80.0	1005.3	1.1
20120722	25.3	5.0	87.5	1005.4	0.7
20120723	27.2	0.0	80.0	1005.8	1.2
20120724	27.7	0.0	76.0	1008.7	1.3
20120725	28.1	0.0	75.8	1008.4	1.1
20120726	28.4	0.0	72.0	1005.4	1.1
20120727	28.3	0.0	74.8	1004.8	1.2
20120728	29.3	0.0	73.9	1004.8	1.2
20120729	29.1	0.0	73.3	1002.7	1.3
20120730	28.4	0.0	73.5	1002.1	1.2
20120731	28.9	0.0	70.3	1002.4	1.1
20120801	29.7	0.0	64.5	1001.3	2.0
20120802	28.6	0.0	73.0	1003.8	1.8
20120803	28.6	0.0	70.4	1006.1	1.6
20120804	28.7	0.0	70.4	1004.8	1.7
20120805	29.3	0.0	66.6	1001.8	1.7
20120806	29.3	0.0	68.1	1001.2	1.6
20120807	28.1	0.0	67.6	1002.8	1.9
20120808	27.3	0.0	67.8	1002.6	1.7
20120809	27.4	0.0	76.0	1001.7	1.0
20120810	26.7	0.2	75.3	1001.2	1.1
20120811	27.6	0.4	70.8	1002.2	1.4
20120812	28.2	7.5	78.5	999.9	1.3
20120813	27.6	2.0	81.1	998.9	1.5
20120814	24.9	38.0	91.5	1003.8	1.0
20120815	28.5	9.0	78.3	1003.2	2.1
20120816	28.2	21.5	80.4	1006.0	1.5
20120817	27.8	2.0	84.3	1007.5	1.2
20120818	28.1	27.0	82.1	1006.6	1.1
20120819	28.9	0.0	76.9	1004.9	1.7
20120820	28.2	4.5	79.0	1004.6	1.7
20120821	27.4	27.0	80.6	1005.5	1.8
20120822	24.9	60.5	89.0	1005.8	1.6
20120823	23.3	87.5	93.9	1008.9	1.2
20120824	23.4	211.5	94.0	1009.5	1.4
20120825	26.0	0.1	84.6	1009.4	1.0
20120826	27.2	0.0	75.1	1006.4	1.7
20120827	27.1	9.5	73.8	1001.9	3.2
20120828	26.2	53.0	78.5	994.4	4.9
20120829	26.6	0.0	78.3	1005.4	1.4
20120830	24.8	6.0	78.1	999.5	3.1
20120831	24.4	0.0	68.0	1007.0	1.4
20120901	24.0	0.0	74.3	1008.6	1.1
20120902	24.2	0.0	75.8	1007.8	1.1
20120903	23.7	0.0	80.3	1007.8	1.3
20120904	24.9	5.5	83.5	1009.5	1.4
20120905	24.9	10.0	79.0	1011.8	1.3
20120906	23.1	0.0	68.3	1013.2	1.2
20120907	23.9	20.5	80.1	1012.5	1.4
20120908	24.4	68.5	82.4	1008.2	1.5
20120909	20.7	26.5	90.5	1008.4	1.1
20120910	21.5	38.5	82.8	1008.5	1.1
20120911	21.9	0.0	74.3	1008.8	1.4
20120912	22.0	0.0	75.3	1006.4	1.1
20120913	23.7	0.1	81.4	1004.6	0.9
20120914	22.5	7.0	83.3	1007.8	1.1
20120915	20.8	2.0	85.0	1011.6	1.4
20120916	19.4	85.5	93.0	1006.6	2.5
20120917	21.1	214.5	81.6	986.2	3.7
20120918	21.6	0.0	67.5	1000.1	2.2
20120919	20.8	0.0	67.3	1005.0	1.7
20120920	19.6	0.0	70.1	1010.3	1.1
20120921	19.9	0.0	72.9	1010.7	0.9
20120922	19.4	0.0	69.1	1008.0	1.1
20120923	20.7	0.0	69.5	1006.2	1.2
20120924	20.2	0.0	72.9	1009.7	1.3
20120925	20.1	0.0	69.0	1014.9	1.4
20120926	19.9	0.0	72.6	1015.8	1.3
20120927	20.1	0.0	74.6	1013.0	1.2
20120928	20.8	0.0	72.9	1007.8	1.4
20120929	18.5	0.0	56.1	1005.7	1.8
20120930	17.3	0.0	63.5	1004.7	1.3
20121001	18.5	0.0	65.5	1009.5	1.0
20121002	19.2	0.0	70.0	1011.2	1.1
20121003	18.9	0.0	68.1	1008.4	1.3
20121004	18.6	0.0	62.4	1007.3	1.2
20121005	18.7	0.0	73.6	1012.3	1.0
20121006	19.2	0.0	67.0	1014.6	1.1
20121007	18.0	0.0	63.8	1016.8	1.5
20121008	17.0	0.0	63.8	1016.1	1.7
20121009	16.2	0.0	71.3	1012.4	1.3
20121010	17.9	0.0	68.4	1009.1	1.5
20121011	15.9	0.0	53.1	1010.1	1.4
20121012	15.1	0.0	57.9	1013.0	1.3
20121013	16.4	0.0	57.6	1013.1	1.1
20121014	17.0	0.0	64.0	1012.6	1.0
20121015	16.6	0.0	53.6	1015.9	1.3
20121016	17.1	0.0	66.5	1014.0	1.7
20121017	15.9	0.0	62.4	1008.6	1.8
20121018	12.8	0.0	43.4	1012.0	1.5
20121019	14.2	0.0	52.4	1016.5	1.1
20121020	14.9	0.0	67.0	1017.0	1.0
20121021	15.6	0.0	58.0	1018.2	1.1
20121022	17.4	21.5	74.4	1008.8	1.9
20121023	13.7	0.0	44.8	1010.7	2.4
20121024	13.2	0.0	59.1	1014.8	1.3
20121025	15.1	0.0	69.9	1016.3	1.0
20121026	16.0	0.0	72.3	1017.6	1.0
20121027	16.3	18.0	91.6	1012.5	0.9
20121028	17.5	0.0	52.1	1012.7	2.3
20121029	13.1	0.0	61.5	1013.2	1.2
20121030	14.2	0.0	47.5	1009.4	1.6
20121031	10.8	0.0	53.1	1010.0	1.7
20121101	10.1	0.0	39.5	1014.1	2.1
20121102	8.8	0.0	52.5	1018.8	1.1
20121103	10.1	0.0	62.1	1019.4	1.1
20121104	11.5	3.5	85.3	1013.4	1.2
20121105	12.4	0.0	59.3	1010.3	1.5
20121106	12.4	0.3	55.6	1010.0	2.5
20121107	12.7	0.0	54.0	1010.6	2.8
20121108	12.1	0.0	62.6	1012.2	1.0
20121109	11.9	0.0	69.3	1017.1	1.1
20121110	13.2	10.5	67.1	1015.8	2.4
20121111	11.6	28.0	68.9	1005.6	2.3
20121112	11.1	0.0	44.5	1009.7	2.5
20121113	10.5	0.0	46.6	1005.5	2.3
20121114	7.3	0.0	51.9	1011.5	2.8
20121115	7.7	0.0	50.0	1020.4	1.3
20121116	7.8	5.0	74.8	1017.0	0.7
20121117	10.0	13.0	59.3	1009.0	2.7
20121118	7.5	0.0	55.8	1014.9	1.2
20121119	8.4	0.0	59.5	1012.1	1.9
20121120	5.2	0.0	52.9	1016.4	1.0
20121121	6.3	0.0	55.0	1015.4	1.0
20121122	8.1	0.0	56.0	1012.1	1.1
20121123	8.6	0.0	57.5	1010.5	1.0
20121124	6.1	0.0	39.1	1015.4	1.3
20121125	5.6	2.5	58.9	1014.4	1.0
20121126	6.0	9.0	60.4	1009.0	2.2
20121127	4.2	0.0	57.8	1016.9	1.2
20121128	9.1	0.0	63.0	1012.6	1.5
20121129	6.0	0.0	52.0	1015.8	1.2
20121130	4.3	0.0	41.9	1017.5	1.2
20121201	4.3	0.0	43.0	1020.9	1.4
20121202	5.1	5.5	80.3	1017.2	1.1
20121203	6.7	0.0	67.3	1010.5	2.0
20121204	3.5	0.0	46.0	1014.4	2.3
20121205	4.0	6.0	62.1	1011.6	1.6
20121206	0.0	0.0	57.1	1018.1	1.6
20121207	1.0	3.5	77.5	1013.9	1.0
20121208	1.4	0.3	55.8	1013.3	2.2
20121209	-0.2	0.0	52.6	1013.6	1.9
20121210	-0.8	0.0	52.8	1017.7	1.0
20121211	-0.5	0.0	57.4	1019.2	1.1
20121212	0.0	0.0	52.4	1022.9	1.0
20121213	2.3	0.0	56.1	1024.9	1.0
20121214	5.1	74.0	86.3	1014.1	0.9
20121215	9.7	1.0	83.1	1010.6	1.0
20121216	6.1	0.0	69.6	1015.4	1.2
20121217	5.8	0.0	61.5	1012.9	1.3
20121218	0.1	0.0	40.4	1017.2	2.3
20121219	-2.1	0.0	52.1	1020.9	0.9
20121220	0.5	0.0	42.5	1024.0	1.1
20121221	2.2	18.0	77.6	1015.4	1.2
20121222	3.5	0.0	67.0	1014.8	1.2
20121223	-1.3	0.0	44.0	1020.2	2.1
20121224	-3.4	0.0	59.4	1022.1	0.9
20121225	0.3	0.0	54.4	1022.2	1.4
20121226	-3.1	0.0	39.4	1026.2	0.9
20121227	-0.1	0.0	36.4	1023.2	0.9
20121228	0.6	20.0	90.3	1017.2	0.9
20121229	2.4	2.0	86.0	1015.3	0.8
20121230	0.0	0.5	56.9	1010.6	2.3
20121231	-1.9	0.0	58.3	1014.9	1.3
20130101	0.9	0.0	63.8	1015.0	1.1
20130102	0.1	0.0	47.1	1022.2	2.1
20130103	-4.6	0.0	39.3	1028.2	1.4
20130104	-4.2	0.0	48.8	1023.7	0.9
20130105	-2.2	0.0	46.9	1019.0	0.9
20130106	-0.6	0.0	54.6	1018.2	0.9
20130107	-0.5	0.0	42.0	1017.1	1.0
20130108	0.2	0.0	42.0	1017.5	1.0
20130109	-1.8	0.0	44.0	1019.0	1.3
20130110	-3.1	0.0	46.3	1022.9	1.0
20130111	-1.7	0.0	48.6	1023.5	0.9
20130112	3.1	0.0	58.4	1019.3	1.2
20130113	2.5	0.0	52.6	1016.9	1.0
20130114	3.9	0.0	49.9	1013.1	1.4
20130115	1.4	0.0	66.9	1018.9	0.9
20130116	2.6	0.0	59.6	1017.0	1.5
20130117	0.1	0.0	48.6	1020.6	2.0
20130118	-0.4	0.0	48.4	1023.5	1.1
20130119	1.1	0.0	60.6	1023.3	1.1
20130120	3.1	0.0	60.5	1025.6	1.0
20130121	4.3	15.0	89.5	1015.8	0.9
20130122	6.1	0.5	80.0	1013.9	1.2
20130123	4.0	4.0	82.4	1013.4	0.8
20130124	3.1	0.0	60.4	1010.8	1.9
20130125	-0.7	0.0	37.6	1014.4	2.5
20130126	-1.6	0.0	38.5	1015.5	2.1
20130127	-1.4	0.0	44.8	1018.6	2.2
20130128	0.2	0.0	53.0	1021.1	1.1
20130129	2.9	0.0	67.5	1021.8	0.9
20130130	4.9	0.0	66.4	1024.8	0.8
20130131	7.3	0.0	69.1	1025.0	0.8
20130201	11.9	146.0	85.4	1014.1	2.0
20130202	6.7	0.0	47.3	1018.3	1.5
20130203	2.6	4.5	47.6	1019.2	1.0
20130204	4.8	5.0	80.1	1012.1	1.1
20130205	3.1	2.0	76.8	1015.0	1.0
20130206	3.7	1.5	67.5	1011.6	1.5
20130207	-2.1	0.0	40.1	1016.5	2.3
20130208	-5.1	0.0	41.5	1023.5	1.3
20130209	-1.9	0.0	49.6	1020.7	0.9
20130210	1.5	0.0	48.8	1019.8	1.5
20130211	1.2	0.0	38.1	1023.3	1.2
20130212	0.9	1.0	55.8	1018.6	1.2
20130213	0.5	0.0	57.0	1021.3	1.0
20130214	4.2	0.0	48.0	1017.8	0.9
20130215	4.6	0.0	31.8	1015.2	1.9
20130216	0.3	0.0	35.8	1021.1	1.0
20130217	1.6	7.5	63.6	1016.0	0.9
20130218	4.6	9.0	78.5	1010.3	0.9
20130219	2.8	0.0	41.4	1015.8	1.2
20130220	0.6	0.0	34.5	1021.6	1.1
20130221	2.8	0.0	40.0	1022.9	1.2
20130222	5.0	0.0	40.9	1020.7	1.9
20130223	3.0	0.0	29.8	1021.7	1.8
20130224	4.0	0.0	38.9	1023.8	1.0
20130225	5.5	0.0	36.8	1022.6	1.2
20130226	6.2	0.0	55.6	1015.1	0.8
20130227	7.7	0.0	58.1	1011.6	1.0
20130228	10.1	0.0	41.0	1011.7	1.4
20130301	8.2	6.0	51.1	1007.7	2.5
20130302	2.6	0.0	45.1	1019.1	1.3
20130303	4.1	0.0	38.9	1016.4	1.5
20130304	6.1	0.0	36.9	1015.2	2.0
20130305	7.2	0.0	35.8	1018.8	1.3
20130306	10.0	0.0	40.4	1016.5	1.2
20130307	13.5	1.5	59.8	1008.1	1.8
20130308	13.3	0.0	44.3	1004.8	1.8
20130309	14.9	0.0	51.8	1004.7	2.1
20130310	12.2	0.0	43.4	1010.0	1.9
20130311	6.8	0.0	46.5	1018.5	1.3
20130312	10.8	0.0	67.8	1011.2	1.3
20130313	12.5	15.0	70.6	1006.1	2.1
20130314	7.4	0.0	59.3	1020.9	1.4
20130315	9.2	0.0	57.0	1019.0	1.1
20130316	10.5	0.0	41.0	1017.0	1.1
20130317	10.6	42.0	72.0	1009.0	1.3
20130318	14.6	33.5	70.0	998.1	2.4
20130319	13.0	0.0	66.4	1006.9	1.4
20130320	10.5	0.0	53.4	1004.8	2.1
20130321	4.0	0.0	40.3	1011.9	1.2
20130322	8.2	0.0	52.9	1006.7	1.5
20130323	8.8	0.0	47.0	1009.3	1.4
20130324	10.0	0.0	48.9	1005.4	1.2
20130325	7.6	0.0	39.5	1010.3	1.9
20130326	7.5	0.0	50.1	1015.3	1.3
20130327	10.7	0.2	65.5	1010.3	1.3
20130328	13.3	0.0	45.4	1008.7	1.5
20130329	10.5	0.0	48.1	1012.4	1.3
20130330	10.0	0.0	54.6	1015.1	1.2
20130331	9.9	0.3	62.5	1016.3	1.4
20130401	11.0	0.0	62.6	1014.9	1.2
20130402	9.8	0.0	61.1	1006.7	2.1
20130403	11.1	0.0	51.4	1009.1	1.2
20130404	13.5	0.0	42.8	1011.3	1.3
20130405	13.0	0.0	67.0	1008.5	1.0
20130406	10.6	36.0	82.0	992.7	2.0
20130407	7.0	0.0	47.6	1000.5	2.9
20130408	9.3	0.0	43.6	1008.5	1.2
20130409	10.7	0.0	27.4	1009.8	3.0
20130410	7.0	0.0	37.3	1013.1	2.5
20130411	9.8	0.0	31.5	1012.3	2.6
20130412	9.1	0.0	37.1	1013.0	1.9
20130413	11.5	0.0	46.6	1010.2	1.9
20130414	15.8	0.5	36.8	1002.6	3.1
20130415	11.3	0.0	40.8	1005.4	1.3
20130416	17.1	0.0	71.8	1002.4	2.1
20130417	15.0	0.0	78.5	1003.5	1.3
20130418	15.5	0.1	59.4	1004.6	1.4
20130419	11.4	0.0	49.3	1011.7	1.9
20130420	8.1	3.0	68.9	1010.6	1.4
20130421	10.8	0.2	50.9	1013.0	1.3
20130422	12.0	0.0	44.0	1016.7	1.5
20130423	11.3	128.5	85.4	1010.2	1.2
20130424	16.1	0.1	64.5	1003.1	2.2
20130425	14.0	0.0	53.6	1003.8	2.1
20130426	14.8	0.0	30.5	1005.9	3.3
20130427	13.1	0.5	57.3	1011.9	1.4
20130428	14.7	0.0	67.3	1014.2	1.6
20130429	17.5	1.0	66.9	1008.2	2.1
20130430	15.4	0.0	31.4	1004.2	1.8
20130501	12.8	0.0	57.1	1005.5	1.4
20130502	14.5	0.0	55.6	1007.5	1.6
20130503	14.8	0.0	57.1	1010.2	1.5
20130504	15.6	0.0	55.3	1012.9	1.2
20130505	17.5	0.0	45.9	1014.0	1.4
20130506	18.4	0.0	44.9	1010.7	1.2
20130507	16.0	0.0	58.0	1015.5	1.5
20130508	16.1	0.0	52.8	1014.8	1.2
20130509	17.1	1.5	65.5	1009.4	1.2
20130510	17.9	28.5	76.5	998.4	2.1
20130511	20.7	0.0	44.6	999.9	1.8
20130512	21.0	0.0	55.3	1002.9	2.1
20130513	20.4	0.0	52.8	1006.7	1.3
20130514	20.0	0.0	58.8	1007.7	1.5
20130515	21.7	0.0	64.5	1007.4	1.5
20130516	17.6	0.0	63.9	1012.3	2.3
20130517	16.9	0.0	60.6	1011.7	2.0
20130518	18.2	2.5	67.9	1004.4	1.1
20130519	19.6	48.0	82.4	993.2	1.3
20130520	20.1	0.0	67.4	998.0	1.4
20130521	19.3	0.0	41.3	1002.8	1.4
20130522	21.2	0.0	53.9	1005.6	1.2
20130523	21.7	0.0	62.0	1008.1	1.2
20130524	22.4	0.0	64.3	1008.0	0.9
20130525	21.4	0.0	70.0	1009.8	1.2
20130526	20.5	0.0	78.6	1011.7	0.8
20130527	19.4	81.5	81.9	1006.1	1.3
20130528	21.9	140.0	82.5	1001.2	2.2
20130529	20.8	0.0	69.8	1003.7	2.1
20130530	20.8	0.0	54.6	1006.8	1.1
20130531	20.5	0.0	57.8	1004.6	1.0
20130601	19.4	0.0	69.9	1002.0	0.8
20130602	20.4	0.0	67.3	1002.4	1.3
20130603	20.9	0.0	61.5	1006.9	1.3
20130604	22.5	0.0	55.0	1011.0	1.2
20130605	22.1	0.0	66.8	1011.9	1.0
20130606	23.1	0.0	66.5	1009.6	1.1
20130607	22.0	0.0	73.9	1007.5	1.2
20130608	21.1	0.0	68.4	1004.7	1.3
20130609	21.5	0.0	68.6	1002.1	2.1
20130610	22.9	0.0	62.4	1001.8	2.0
20130611	20.9	29.0	82.8	1001.8	1.1
20130612	21.5	3.0	90.3	1003.8	0.6
20130613	23.0	0.0	81.8	1007.4	0.8
20130614	21.7	3.0	89.1	1008.7	0.5
20130615	24.5	0.0	75.0	1006.2	1.0
20130616	24.8	0.0	75.1	1002.2	1.0
20130617	25.3	0.0	69.3	997.3	1.8
20130618	24.2	24.0	86.5	992.8	1.2
20130619	22.9	52.0	89.5	995.5	1.1
20130620	23.7	0.0	80.5	1000.5	0.8
20130621	23.4	0.0	76.6	1001.3	1.0
20130622	22.9	0.2	72.9	1002.5	1.3
20130623	20.8	16.5	88.1	1002.1	0.7
20130624	23.2	0.0	69.3	1000.8	1.1
20130625	21.7	9.5	84.3	1001.2	0.8
20130626	23.6	11.5	73.4	997.1	1.5
20130627	22.6	0.0	75.5	1000.3	0.9
20130628	23.9	0.0	72.9	1001.2	1.0
20130629	24.2	0.0	69.6	1005.9	1.4
20130630	24.3	0.0	74.0	1006.2	1.4
20130701	25.2	0.3	78.3	1004.5	1.1
20130702	25.6	9.5	84.3	1000.2	2.0
20130703	25.3	37.0	84.8	996.6	1.9
20130704	24.8	80.0	89.4	995.1	1.4
20130705	25.3	1.0	83.8	993.8	2.1
20130706	24.8	0.0	83.4	1001.5	1.2
20130707	24.5	42.0	92.4	1004.9	1.1
20130708	26.8	0.1	81.1	1005.9	1.9
20130709	26.8	0.0	80.5	1004.4	1.7
20130710	27.1	0.0	77.9	1003.6	1.6
20130711	27.7	0.0	72.6	1004.9	1.8
20130712	27.5	0.0	77.4	1005.1	1.6
20130713	28.6	3.0	78.4	1006.9	1.5
20130714	28.5	0.1	77.3	1008.2	1.7
20130715	28.0	0.0	75.1	1007.8	1.8
20130716	27.3	0.0	76.4	1006.3	2.0
20130717	27.9	0.0	70.8	1005.4	1.9
20130718	27.6	0.0	75.0	1005.5	1.3
20130719	27.2	0.0	79.0	1005.8	1.2
20130720	27.5	0.0	77.5	1004.9	1.4
20130721	28.4	0.0	76.0	1003.6	1.7
20130722	28.1	0.0	77.5	1004.9	1.4
20130723	27.6	4.0	77.9	1002.3	1.9
20130724	28.0	0.0	78.9	997.6	2.1
20130725	27.8	0.0	74.1	997.5	1.8
20130726	29.1	0.0	66.1	998.2	1.6
20130727	27.0	0.0	76.5	1000.2	0.9
20130728	27.3	1.0	89.5	1000.4	0.9
20130729	29.0	0.0	79.8	997.9	1.8
20130730	29.6	0.0	77.5	997.7	1.5
20130731	29.6	0.0	76.5	998.2	1.7
20130801	29.1	0.0	82.4	1001.8	1.2
20130802	28.5	0.0	79.4	1006.4	1.2
20130803	28.8	0.0	78.0	1005.5	1.5
20130804	27.9	3.5	81.1	1000.8	1.4
20130805	27.6	5.0	84.1	999.9	1.0
20130806	28.9	0.0	79.4	1002.4	1.2
20130807	29.5	0.0	81.1	1002.7	1.0
20130808	29.5	0.0	79.1	1001.2	1.0
20130809	30.4	0.0	73.8	1001.3	1.3
20130810	30.6	0.0	71.6	1004.0	1.1
20130811	30.3	0.0	72.9	1005.5	1.1
20130812	29.3	0.0	72.6	1005.7	1.1
20130813	28.8	0.0	74.8	1005.3	1.1
20130814	28.9	0.0	73.8	1005.5	1.2
20130815	29.1	0.0	70.8	1004.7	1.2
20130816	28.8	0.0	71.4	1002.4	1.2
20130817	28.5	0.0	75.1	1001.0	1.2
20130818	29.4	0.0	73.5	1001.0	1.2
20130819	30.1	0.0	68.5	1001.4	1.2
20130820	30.1	0.0	73.4	1001.4	1.1
20130821	28.8	0.0	74.6	1003.5	1.0
20130822	27.1	39.0	97.4	1004.9	0.7
20130823	26.6	31.5	93.0	1003.4	1.0
20130824	25.4	43.0	100.0	1001.6	0.5
20130825	25.2	30.0	82.0	1000.3	1.2
20130826	25.6	0.0	72.0	1000.0	1.1
20130827	26.4	0.0	71.3	1002.7	1.1
20130828	25.8	0.0	72.8	1003.1	1.1
20130829	28.0	34.0	78.9	997.9	2.2
20130830	25.5	34.0	89.0	997.7	1.0
20130831	25.0	0.0	74.6	1000.8	1.1
20130901	24.1	0.0	71.4	1006.0	1.1
20130902	24.3	0.0	70.1	1007.4	1.3
20130903	21.9	0.0	63.8	1006.2	1.3
20130904	22.3	0.0	55.0	1005.9	1.2
20130905	21.5	0.0	71.3	1011.8	1.3
20130906	19.2	15.0	93.4	1013.2	1.2
20130907	20.5	3.0	88.0	1011.8	1.1
20130908	21.8	0.0	75.8	1012.0	1.1
20130909	22.5	0.0	75.5	1010.6	1.2
20130910	23.4	0.0	70.1	1008.7	1.0
20130911	24.7	0.0	77.9	1009.2	1.1
20130912	23.8	0.1	83.3	1011.2	1.0
20130913	25.7	0.0	83.8	1007.9	1.1
20130914	24.2	21.0	88.6	1004.5	1.3
20130915	24.1	0.0	69.3	1001.6	1.3
20130916	22.3	0.0	63.6	1006.6	1.3
20130917	22.2	0.0	72.8	1012.6	1.1
20130918	22.9	0.0	69.8	1014.5	1.3
20130919	23.2	0.0	71.6	1013.4	1.6
20130920	23.4	0.0	75.6	1010.8	1.2
20130921	24.1	0.0	73.1	1009.7	1.1
20130922	24.3	0.0	71.1	1011.6	1.9
20130923	23.1	0.0	68.3	1011.0	1.6
20130924	24.2	0.0	76.6	1006.6	1.0
20130925	22.2	0.0	67.3	1004.9	1.1
20130926	19.9	0.0	57.1	1010.5	1.3
20130927	19.4	0.0	60.0	1013.1	1.3
20130928	19.7	2.0	83.4	1010.7	1.0
20130929	20.6	18.5	99.9	1009.9	0.8
20130930	22.7	21.5	87.5	1010.9	1.0
20131001	22.8	0.0	78.5	1010.5	1.2
20131002	20.9	2.5	78.5	1006.3	1.1
20131003	18.0	0.0	67.9	1011.1	1.4
20131004	18.7	0.0	62.1	1014.0	1.8
20131005	20.4	0.0	69.0	1015.3	1.8
20131006	22.3	0.0	79.4	1016.0	1.8
20131007	23.6	0.5	83.1	1013.3	1.4
20131008	21.6	95.5	96.8	1004.1	2.2
20131009	20.1	1.5	96.5	1009.2	0.8
20131010	21.6	0.5	93.5	1008.9	0.7
20131011	21.2	0.0	53.6	1007.3	2.2
20131012	16.9	0.0	54.0	1014.2	1.3
20131013	17.4	0.0	62.9	1016.2	1.2
20131014	18.8	0.0	77.0	1013.2	1.2
20131015	19.2	0.0	71.0	1007.8	2.0
20131016	13.5	0.0	51.5	1015.3	2.0
20131017	13.5	0.0	66.5	1022.7	1.2
20131018	16.1	0.0	64.4	1022.6	1.5
20131019	16.9	0.0	67.6	1019.3	1.4
20131020	17.9	0.0	68.1	1013.4	1.1
20131021	17.8	0.0	66.5	1012.9	1.3
20131022	17.4	0.0	61.9	1016.1	1.8
20131023	18.0	0.0	61.4	1014.2	2.0
20131024	17.5	0.0	65.1	1009.5	1.2
20131025	14.0	0.0	43.0	1008.6	1.4
20131026	12.0	0.0	58.4	1010.9	1.1
20131027	12.2	0.0	58.0	1016.6	1.2
20131028	12.7	0.0	64.6	1018.9	1.0
20131029	14.1	0.0	67.4	1017.7	1.0
20131030	14.0	0.0	63.4	1018.2	1.0
20131031	14.1	0.0	61.1	1020.1	1.2
20131101	14.8	0.0	72.8	1020.3	1.0
20131102	17.1	0.0	75.6	1017.1	1.0
20131103	16.8	0.0	74.1	1013.9	1.0
20131104	14.2	0.0	62.3	1017.4	1.3
20131105	13.6	0.0	66.6	1020.9	1.1
20131106	15.4	0.0	77.9	1014.9	0.8
20131107	15.4	0.0	47.8	1013.5	1.9
20131108	11.3	0.0	48.9	1020.5	1.2
20131109	13.0	31.5	80.0	1016.7	1.1
20131110	13.1	0.0	50.8	1010.5	2.7
20131111	7.2	0.0	47.1	1014.7	1.6
20131112	6.9	0.0	52.5	1014.7	1.0
20131113	6.9	0.0	58.9	1017.1	1.1
20131114	9.3	1.5	73.1	1015.6	1.0
20131115	10.7	0.1	74.5	1014.9	1.0
20131116	10.4	0.0	61.1	1012.3	1.0
20131117	10.1	0.5	46.5	1009.0	2.3
20131118	5.5	0.1	54.3	1010.8	2.4
20131119	6.4	0.0	49.1	1011.7	2.2
20131120	6.7	0.0	46.4	1014.9	1.9
20131121	7.1	0.0	52.3	1017.7	1.5
20131122	6.7	0.0	60.9	1019.0	0.9
20131123	7.2	0.0	65.4	1018.5	0.9
20131124	11.1	32.0	73.8	1010.4	1.2
20131125	9.6	22.0	55.5	1004.2	3.4
20131126	5.9	0.0	52.0	1013.1	1.5
20131127	6.5	1.5	57.4	1010.6	2.5
20131128	2.0	0.0	58.1	1014.9	1.6
20131129	4.8	0.0	55.9	1014.6	2.2
20131130	7.1	0.0	60.8	1016.0	1.5
20131201	6.6	0.0	71.3	1015.5	1.2
20131202	4.9	0.0	60.6	1015.6	1.0
20131203	5.4	0.0	65.3	1015.1	1.0
20131204	7.1	0.0	61.1	1015.1	0.9
20131205	6.9	0.0	70.3	1013.6	0.8
20131206	8.0	0.0	45.8	1013.0	1.3
20131207	5.5	0.0	50.6	1017.7	1.0
20131208	6.9	0.0	64.6	1017.9	0.7
20131209	8.6	5.0	77.6	1005.5	1.7
20131210	5.7	0.0	45.0	1007.7	2.2
20131211	4.0	0.5	51.4	1008.9	2.3
20131212	5.1	0.0	47.1	1013.7	1.6
20131213	2.5	0.0	49.3	1016.5	2.2
20131214	3.8	0.0	53.6	1020.7	1.5
20131215	3.3	0.0	45.3	1023.7	1.2
20131216	2.5	0.0	39.6	1022.9	0.9
20131217	5.9	0.1	51.3	1018.8	1.2
20131218	5.9	1.0	70.1	1014.8	1.3
20131219	2.6	0.0	53.5	1014.4	2.2
20131220	3.2	0.0	54.4	1014.7	3.0
20131221	2.6	0.0	51.1	1019.3	1.1
20131222	1.6	0.0	55.4	1022.5	0.8
20131223	2.2	0.0	57.5	1020.5	1.0
20131224	3.0	0.0	46.8	1023.3	1.0
20131225	4.9	0.0	52.9	1021.4	0.8
20131226	4.6	0.0	56.0	1013.8	1.2
20131227	0.9	0.0	38.6	1013.7	2.5
20131228	0.1	0.0	43.6	1015.4	1.7
20131229	1.4	0.0	54.6	1016.1	1.6
20131230	5.1	0.0	48.8	1013.1	1.3
20131231	7.0	0.0	51.8	1009.0	1.6
20140101	7.6	0.0	36.6	1010.6	2.2
20140102	4.7	0.0	48.6	1015.3	0.8
20140103	5.1	0.0	52.6	1011.6	0.8
20140104	5.0	0.0	46.1	1011.9	0.9
20140105	3.4	0.0	47.4	1016.3	1.0
20140106	3.0	0.0	39.8	1021.9	1.1
20140107	4.1	0.0	50.8	1019.4	0.8
20140108	3.8	5.5	73.8	1013.2	1.1
20140109	-1.2	0.0	27.9	1020.3	1.9
20140110	-0.7	0.0	47.4	1025.7	1.2
20140111	1.4	0.0	55.8	1025.5	0.9
20140112	2.5	0.0	51.1	1022.1	1.4
20140113	-0.3	0.0	33.4	1024.1	1.1
20140114	-0.3	0.0	29.9	1025.5	1.1
20140115	0.4	0.0	38.8	1025.4	1.0
20140116	1.3	0.0	46.8	1022.9	1.0
20140117	3.1	0.0	49.0	1020.5	1.0
20140118	2.5	0.0	45.6	1020.5	2.1
20140119	0.6	0.0	46.5	1023.2	0.9
20140120	4.5	0.1	54.9	1014.6	1.8
20140121	-0.2	0.0	50.6	1018.0	1.9
20140122	-0.5	0.0	52.3	1022.0	0.9
20140123	1.2	0.0	48.8	1021.0	0.9
20140124	6.8	0.0	64.8	1016.6	1.1
20140125	11.1	2.0	67.3	1010.6	1.4
20140126	4.9	0.0	34.9	1019.5	1.5
20140127	4.6	0.0	47.6	1019.4	1.0
20140128	7.2	0.0	54.4	1017.6	1.4
20140129	6.5	2.0	58.9	1016.9	0.8
20140130	10.1	4.0	75.4	1010.1	1.5
20140131	5.9	0.0	53.3	1017.9	0.9
20140201	11.2	0.5	74.4	1011.0	0.8
20140202	14.2	0.1	78.4	1003.0	1.2
20140203	7.6	0.0	50.4	1006.4	1.4
20140204	-1.3	0.0	28.8	1016.2	1.3
20140205	-1.0	0.0	28.3	1021.6	0.9
20140206	2.5	0.3	47.6	1018.8	1.2
20140207	4.7	0.5	65.9	1013.0	1.6
20140208	5.0	0.0	67.6	1010.7	1.4
20140209	4.1	0.0	55.6	1012.9	1.2
20140210	3.0	0.1	62.5	1017.7	1.9
20140211	2.8	0.0	53.4	1020.1	1.6
20140212	3.2	0.0	56.4	1021.9	1.2
20140213	4.1	0.0	58.4	1023.1	1.4
20140214	4.2	0.0	55.1	1021.3	1.7
20140215	3.5	0.0	53.6	1020.9	1.1
20140216	5.4	0.0	58.3	1022.5	0.9
20140217	6.2	4.0	73.3	1020.0	1.1
20140218	4.7	0.0	59.1	1019.9	1.6
20140219	3.6	0.0	54.6	1020.2	1.4
20140220	4.4	0.0	53.4	1020.8	1.2
20140221	2.9	0.0	42.6	1023.4	1.0
20140222	4.8	0.0	50.3	1024.3	1.1
20140223	5.7	0.0	51.9	1024.2	1.1
20140224	6.6	0.0	53.1	1022.8	1.0
20140225	8.2	0.0	45.8	1022.5	0.9
20140226	7.4	16.0	82.4	1018.4	0.9
20140227	12.2	0.0	62.9	1013.7	1.2
20140228	9.8	0.2	61.1	1015.8	0.8
20140301	8.7	5.0	91.1	1012.7	0.7
20140302	9.1	0.0	53.3	1013.8	1.0
20140303	6.4	0.0	49.4	1021.3	1.2
20140304	6.4	0.0	64.6	1017.2	1.0
20140305	6.4	0.0	34.9	1014.9	1.7
20140306	4.0	0.0	26.6	1021.3	1.8
20140307	4.4	0.0	29.4	1023.2	1.4
20140308	4.7	0.0	34.0	1019.2	1.1
20140309	5.8	0.0	38.0	1015.2	2.3
20140310	4.6	0.0	32.5	1020.5	1.3
20140311	7.4	0.0	44.3	1021.3	1.4
20140312	7.7	55.0	92.0	1011.4	0.8
20140313	6.1	22.5	93.5	1006.5	1.2
20140314	5.0	0.5	67.8	1014.2	1.1
20140315	8.8	0.0	50.3	1016.3	1.8
20140316	12.7	0.0	55.3	1017.0	1.7
20140317	13.3	11.5	76.6	1015.0	1.7
20140318	16.3	4.5	65.5	1009.2	1.7
20140319	9.9	0.0	58.9	1012.0	1.0
20140320	9.1	0.0	46.6	1007.3	2.2
20140321	7.1	0.0	46.4	1014.5	1.4
20140322	9.4	0.0	48.5	1018.9	1.4
20140323	12.5	0.0	42.8	1021.8	1.5
20140324	12.4	0.0	52.1	1018.1	1.5
20140325	14.6	31.5	87.1	1010.6	0.9
20140326	15.3	8.5	89.1	1004.8	1.3
20140327	13.6	0.0	78.6	1011.3	0.7
20140328	15.3	0.0	73.6	1013.0	1.2
20140329	14.9	44.5	93.9	1003.4	1.4
20140330	15.5	0.5	79.5	1003.1	1.2
20140331	13.5	0.0	73.9	1011.2	0.9
20140401	14.6	0.0	64.0	1011.1	1.1
20140402	14.4	0.0	54.6	1011.4	1.0
20140403	14.1	0.0	51.4	1006.8	1.4
20140404	10.4	0.0	36.1	1006.9	2.1
20140405	9.0	0.0	38.1	1008.7	1.8
20140406	10.5	0.0	29.6	1014.4	2.3
20140407	13.3	0.0	36.5	1012.7	1.6
20140408	13.9	0.0	34.3	1011.7	1.1
20140409	14.9	0.0	56.0	1010.7	1.2
20140410	14.9	0.0	58.3	1013.1	1.3
20140411	13.1	0.0	56.5	1014.7	1.0
20140412	14.4	0.0	54.4	1012.5	0.9
20140413	12.7	12.5	87.5	1011.5	1.3
20140414	13.8	0.0	41.5	1014.8	1.4
20140415	17.6	0.0	49.5	1013.0	1.5
20140416	18.3	0.0	45.1	1010.0	1.3
20140417	13.2	34.0	73.6	1008.2	1.1
20140418	13.5	1.0	90.6	1010.3	1.5
20140419	12.6	0.0	64.9	1014.5	1.6
20140420	13.4	0.1	58.9	1012.6	1.3
20140421	16.3	0.0	61.8	1008.9	1.1
20140422	16.8	0.0	42.5	1009.7	1.2
20140423	16.5	0.0	39.5	1013.0	1.3
20140424	16.5	0.0	37.1	1016.8	1.3
20140425	16.5	0.0	35.1	1018.2	1.1
20140426	16.6	0.0	50.9	1018.5	1.2
20140427	16.4	4.5	75.0	1014.7	1.1
20140428	14.2	56.0	100.0	1006.5	1.6
20140429	14.8	6.5	94.1	1002.3	0.7
20140430	15.7	13.0	85.8	1004.8	0.9
20140501	17.9	0.0	68.9	1008.1	1.1
20140502	19.3	0.0	55.9	1008.5	1.8
20140503	16.9	0.0	43.0	1012.6	1.6
20140504	15.3	0.5	64.4	1010.9	1.6
20140505	13.9	0.3	34.3	1012.7	2.1
20140506	13.4	0.0	49.9	1013.7	1.3
20140507	15.0	0.0	62.3	1010.3	1.6
20140508	19.0	0.0	54.3	1005.8	2.4
20140509	17.2	0.0	51.3	1012.7	1.4
20140510	16.8	0.0	55.4	1016.0	1.8
20140511	18.0	31.5	65.1	1009.5	2.2
20140512	20.5	72.0	62.0	1001.9	2.4
20140513	21.3	0.0	52.3	1003.6	1.4
20140514	16.2	6.5	78.6	997.4	0.9
20140515	20.1	0.0	53.8	995.7	1.7
20140516	22.2	0.0	36.5	1003.5	1.8
20140517	21.8	0.0	36.4	1006.7	1.8
20140518	20.4	0.0	47.3	1008.0	1.2
20140519	20.3	0.0	54.5	1007.2	1.2
20140520	17.1	13.5	87.1	1001.3	0.9
20140521	21.4	0.0	53.5	1001.3	1.8
20140522	20.8	0.0	61.0	1007.2	1.3
20140523	19.3	0.0	75.1	1014.0	1.1
20140524	21.0	0.0	73.4	1012.6	1.1
20140525	20.3	30.0	84.0	1006.2	1.8
20140526	23.1	1.0	47.5	998.5	2.2
20140527	21.6	0.0	53.3	998.4	1.6
20140528	22.3	0.0	71.5	996.9	1.3
20140529	23.0	0.0	65.9	1001.9	1.1
20140530	22.7	0.0	65.3	1005.5	0.9
20140531	23.8	0.0	56.5	1008.0	1.0
20140601	22.4	0.0	68.5	1007.1	0.8
20140602	19.3	7.0	83.6	1003.7	1.3
20140603	19.1	27.0	91.5	1000.1	0.9
20140604	21.3	2.0	77.3	998.7	1.6
20140605	21.3	0.0	74.0	998.6	1.2
20140606	21.6	0.0	70.5	1000.1	1.1
20140607	21.0	0.0	75.5	1000.7	1.2
20140608	20.9	0.0	77.5	1002.2	1.0
20140609	21.3	0.0	75.9	1005.0	1.2
20140610	22.0	0.0	74.6	1004.6	1.1
20140611	21.9	3.5	76.3	1000.6	1.3
20140612	19.0	37.0	84.1	997.6	0.9
20140613	22.5	0.0	68.9	999.4	1.3
20140614	23.7	0.0	64.9	1002.0	1.7
20140615	23.9	0.0	59.9	1001.4	1.4
20140616	24.5	0.0	61.3	1000.6	1.0
20140617	20.9	5.5	81.0	999.9	0.9
20140618	22.2	0.5	73.4	999.3	1.0
20140619	22.9	0.0	75.1	1001.1	1.2
20140620	22.6	0.0	77.8	1003.5	1.1
20140621	21.4	3.5	82.4	1002.6	1.2
20140622	22.1	0.0	74.8	1002.6	1.1
20140623	21.4	8.5	82.1	1002.0	1.2
20140624	22.5	0.1	80.3	1001.7	1.0
20140625	22.5	0.0	77.3	1003.5	1.1
20140626	23.1	0.0	71.5	1002.7	1.2
20140627	23.9	0.0	73.1	999.6	1.2
20140628	25.4	0.0	62.5	998.0	1.4
20140629	25.2	0.0	66.1	1000.3	1.3
20140630	24.7	0.0	74.4	1003.3	1.0
20140701	25.3	0.0	71.6	1005.0	1.1
20140702	22.2	19.5	82.9	1003.0	0.9
20140703	21.1	45.5	93.5	995.7	1.2
20140704	22.3	7.0	88.4	1001.7	0.8
20140705	22.9	0.2	81.9	1005.8	0.9
20140706	20.7	23.0	93.0	1001.9	0.8
20140707	21.9	9.0	93.4	1001.4	0.8
20140708	23.5	18.0	92.9	1002.6	0.7
20140709	25.1	18.0	90.5	994.7	1.5
20140710	28.6	0.5	64.4	989.7	1.7
20140711	28.0	0.0	55.0	996.3	2.0
20140712	25.0	1.0	72.1	999.2	0.8
20140713	23.1	28.5	86.6	998.5	0.8
20140714	25.6	0.0	76.1	1003.1	0.9
20140715	23.8	17.0	85.8	1005.8	0.7
20140716	24.2	2.5	86.4	1005.9	0.7
20140717	23.7	17.5	90.9	1007.6	0.7
20140718	25.0	12.5	86.1	1008.2	1.0
20140719	25.9	0.5	79.8	1007.4	0.9
20140720	26.5	0.0	78.3	1005.9	1.1
20140721	26.0	0.0	78.6	1004.4	1.1
20140722	26.3	0.0	77.8	1003.4	1.6
20140723	28.4	0.0	73.1	1001.5	1.7
20140724	29.3	0.0	76.4	1001.9	1.6
20140725	28.7	4.5	79.1	1003.1	2.2
20140726	27.9	4.5	67.5	1004.3	2.5
20140727	24.2	0.0	65.6	1005.9	1.3
20140728	23.1	3.0	79.8	1004.6	1.1
20140729	24.7	0.0	82.9	1005.4	1.0
20140730	27.8	0.0	75.3	1006.1	0.9
20140731	28.7	0.0	71.4	1005.0	1.3
20140801	27.5	19.0	77.3	1001.0	2.3
20140802	25.4	258.5	88.9	994.8	3.2
20140803	24.8	97.5	88.9	992.2	3.0
20140804	24.7	17.5	88.5	995.7	1.9
20140805	28.7	0.0	74.8	999.6	1.4
20140806	28.2	0.0	75.0	1000.6	1.1
20140807	26.4	0.2	82.8	1000.6	1.1
20140808	24.1	0.3	80.6	1001.5	2.0
20140809	25.3	0.0	72.3	997.9	2.2
20140810	26.7	0.1	70.3	994.0	1.3
20140811	24.9	0.0	76.9	996.6	1.2
20140812	25.5	0.0	67.3	999.5	1.2
20140813	24.6	0.0	78.6	1003.0	0.7
20140814	21.6	53.5	93.5	1003.3	1.5
20140815	23.8	14.5	87.3	1003.3	0.9
20140816	25.3	0.0	79.5	1005.2	1.0
20140817	23.8	18.5	83.8	1006.7	0.9
20140818	22.4	96.0	93.4	1004.3	1.3
20140819	25.1	13.5	87.0	1005.5	0.9
20140820	24.1	40.0	93.8	1005.9	0.6
20140821	25.9	40.5	80.9	1003.7	1.9
20140822	25.7	0.0	76.5	1005.9	1.0
20140823	25.1	0.0	79.0	1005.2	1.0
20140824	24.1	36.0	90.8	1004.2	0.6
20140825	25.2	69.5	90.4	1001.2	1.5
20140826	26.5	0.1	82.6	1005.1	0.8
20140827	23.0	0.1	89.6	1010.1	1.0
20140828	21.1	3.5	88.9	1011.7	0.8
20140829	21.7	8.5	85.1	1010.3	1.0
20140830	22.2	0.0	77.9	1009.5	1.2
20140831	21.3	0.0	80.1	1008.6	1.1
20140901	22.3	0.0	75.5	1008.9	1.3
20140902	21.0	5.5	87.6	1007.1	1.2
20140903	23.3	7.5	89.9	1000.1	1.3
20140904	24.1	0.0	75.5	1003.3	1.3
20140905	23.8	0.0	75.5	1007.1	1.1
20140906	21.5	2.0	83.4	1007.3	1.0
20140907	22.7	0.0	79.6	1003.9	1.1
20140908	24.3	0.0	80.1	1001.7	1.0
20140909	24.2	0.0	75.5	1002.6	0.9
20140910	23.1	0.0	78.3	1004.5	1.2
20140911	23.2	0.0	75.1	1007.7	1.2
20140912	21.9	0.0	82.3	1008.6	0.8
20140913	21.7	0.0	75.4	1009.3	1.6
20140914	20.7	0.0	76.1	1010.2	1.3
20140915	21.8	0.1	75.9	1008.2	1.0
20140916	23.1	0.0	72.5	1009.4	1.1
20140917		14.5			0.7
20140918	21.2	0.0	74.5	1011.4	1.5
20140919	19.6	0.0	78.8	1009.5	1.1
20140920	20.2	0.0	71.3	1009.0	1.4
20140921	20.4	0.0	72.9	1011.7	1.4
20140922	20.7	0.0	73.4	1013.3	1.5
20140923	20.4	16.5	82.4	1012.1	1.2
20140924	20.9	94.5	96.4	1001.5	1.5
20140925	21.1	0.0	80.6	1008.2	1.0
20140926	21.0	0.0	79.6	1011.4	0.9
20140927	20.9	0.0	76.0	1011.8	1.1
20140928	21.6	0.0	79.0	1010.3	1.0
20140929	21.6	1.0	89.6	1008.0	1.0
20140930	21.0	0.3	79.3	1011.0	1.7
20141001	18.9	0.0	79.1	1012.3	1.4
20141002	20.4	0.0	74.6	1005.6	1.2
20141003	20.1	0.0	59.1	1005.9	1.9
20141004	19.0	0.0	60.3	1012.8	2.1
20141005	18.5	0.0	57.0	1010.6	2.3
20141006	17.2	0.0	61.9	1011.7	1.3
20141007	16.8	0.0	68.9	1016.4	1.2
20141008	17.1	0.0	76.1	1016.2	1.2
20141009	17.7	0.0	76.9	1014.9	1.4
20141010	19.5	0.0	70.6	1015.2	1.9
20141011	20.0	0.0	62.1	1016.2	2.2
20141012	18.3	1.0	77.3	1010.9	2.2
20141013	17.3	37.5	85.8	1003.3	2.4
20141014	15.3	0.0	70.3	1011.4	1.0
20141015	15.4	0.0	79.1	1012.7	1.1
20141016	15.9	0.0	50.1	1013.8	1.9
20141017	13.6	0.0	51.3	1017.7	1.2
20141018	14.5	0.0	56.5	1018.6	1.1
20141019	16.3	0.0	70.4	1017.8	1.0
20141020	20.3	10.5	89.0	1012.4	1.1
20141021	19.3	58.5	96.1	1008.9	0.9
20141022	14.3	46.5	90.6	1012.9	1.8
20141023	13.6	0.0	80.6	1016.1	1.0
20141024	14.9	0.0	85.1	1015.1	0.9
20141025	15.6	0.0	79.4	1015.3	1.0
20141026	17.3	0.0	73.1	1012.8	1.2
20141027	15.5	0.0	64.8	1015.7	1.5
20141028	13.0	0.0	64.0	1020.0	1.1
20141029	13.7	0.0	75.5	1021.0	0.9
20141030	15.1	0.0	81.3	1019.0	0.9
20141031	13.7	34.0	95.8	1013.2	1.3
20141101	15.8	2.0	95.1	1007.4	0.7
20141102	14.0	0.0	61.1	1006.9	2.3
20141103	10.8	0.0	44.8	1013.4	1.8
20141104	10.6	0.0	61.9	1016.7	1.0
20141105	11.4	0.0	72.6	1015.4	1.0
20141106	13.1	0.0	71.3	1014.5	1.0
20141107	13.5	0.0	61.9	1018.7	1.2
20141108	13.3	4.0	89.9	1018.8	0.8
20141109	13.2	0.0	75.3	1016.3	1.0
20141110	10.9	0.0	62.4	1016.3	1.2
20141111	11.4	0.0	63.3	1010.9	0.9
20141112	11.8	0.0	52.9	1008.7	2.8
20141113	5.5	0.0	48.4	1017.2	2.6
20141114	7.7	0.0	57.9	1020.2	1.3
20141115	9.0	0.0	55.4	1023.0	1.0
20141116	10.2	0.0	56.4	1019.6	1.0
20141117	10.5	0.0	56.8	1018.4	1.6
20141118	7.8	0.0	56.4	1021.5	1.0
20141119	7.1	3.9	52.1	1021.6	1.0
20141120	8.0	0.0	54.8	1019.5	0.9
20141121	9.4	0.0	79.4	1018.6	0.8
20141122	11.6	0.0	77.4	1018.4	0.9
20141123	11.7	0.0	73.1	1019.1	1.0
20141124	11.3	81.5	93.0	1013.2	1.3
20141125	11.9	0.5	79.8	1010.7	1.5
20141126	10.6	0.0	70.0	1013.3	1.0
20141127	10.6	0.0	80.6	1017.8	0.9
20141128	10.7	4.5	92.9	1011.3	1.0
20141129	11.5	0.0	75.9	1014.3	1.1
20141130	11.4	7.0	93.6	1006.4	0.9
20141201	6.1	0.5	51.9	1007.9	3.5
20141202	0.5	0.0	51.3	1016.0	2.2
20141203	4.7	0.0	55.9	1015.0	1.8
20141204	3.7	0.0	59.8	1013.5	2.2
20141205	1.1	0.0	52.8	1014.2	1.9
20141206	1.7	0.0	52.9	1017.2	1.6
20141207	1.5	0.0	64.8	1020.3	0.9
20141208	2.4	2.5	79.9	1022.3	1.0
20141209	2.4	0.0	48.1	1027.8	1.2
20141210	7.2	0.0	56.3	1019.0	1.0
20141211	6.0	0.0	55.0	1015.6	1.9
20141212	2.7	0.0	56.4	1016.9	1.5
20141213	1.9	0.0	53.0	1019.7	2.2
20141214	1.2	0.0	53.3	1023.7	0.9
20141215	4.0	0.1	69.8	1020.9	0.7
20141216	2.3	4.5	61.4	1012.1	2.5
20141217	-2.5	0.0	49.3	1017.3	2.5
20141218	-0.1	0.0	36.9	1025.8	1.2
20141219	1.1	1.0	64.3	1023.6	0.7
20141220	3.2	5.0	65.4	1014.6	1.5
20141221	0.0	0.1	58.0	1017.2	1.3
20141222	1.5	0.0	60.1	1019.3	1.7
20141223	2.9	0.0	64.6	1020.6	0.8
20141224	6.2	0.0	60.6	1016.3	1.4
20141225	1.7	0.0	49.5	1020.1	1.1
20141226	0.2	0.0	50.0	1023.3	0.9
20141227	1.6	0.0	49.1	1023.6	0.9
20141228	2.0	0.0	61.6	1015.9	0.8
20141229	4.5	0.0	64.9	1010.3	1.2
20141230	6.9	0.0	43.5	1012.0	1.4
20141231	3.2	0.0	52.5	1010.7	2.0
20150101	-1.8	0.0	42.6	1017.0	2.5
20150102	-0.4	0.0	54.5	1018.5	1.9
20150103	0.1	0.0	50.9	1017.6	0.9
20150104	5.5	0.0	61.6	1012.7	0.9
20150105	5.2	8.0	74.1	1011.8	0.6
20150106	6.9	12.0	50.9	1006.7	1.9
20150107	0.8	0.0	33.8	1014.0	1.3
20150108	0.5	0.0	49.6	1018.4	1.2
20150109	3.6	0.0	51.3	1018.6	1.7
20150110	4.8	0.0	43.1	1017.8	2.1
20150111	3.9	0.0	48.8	1018.0	2.1
20150112	0.4	0.0	46.5	1027.7	1.1
20150113	3.0	0.0	51.1	1028.0	0.8
20150114	4.2	2.5	73.5	1020.3	0.7
20150115	6.3	0.0	57.8	1015.3	0.9
20150116	3.9	0.0	64.4	1014.9	1.7
20150117	2.0	0.0	40.8	1020.7	2.1
20150118	2.6	0.0	41.9	1017.5	1.2
20150119	5.4	0.0	45.3	1016.9	2.3
20150120	2.5	0.0	57.6	1021.1	0.9
20150121	4.5	10.0	75.1	1016.1	0.8
20150122	4.9	0.0	84.0	1011.8	0.8
20150123	3.5	0.0	73.5	1016.7	0.9
20150124	2.8	0.0	73.0	1020.4	0.8
20150125	4.5	7.0	78.1	1019.8	0.8
20150126	8.0	2.5	89.8	1012.5	0.9
20150127	3.5	0.0	60.8	1015.7	1.1
20150128	1.1	0.0	51.0	1020.8	1.1
20150129	3.2	0.4	76.9	1020.1	1.1
20150130	2.6	1.5	64.0	1017.7	1.7
20150131	-0.4	0.0	43.8	1024.3	0.9
20150201	0.7	0.0	42.4	1025.9	0.9
20150202	2.8	0.0	53.6	1024.7	0.9
20150203	4.0	0.0	62.5	1022.2	0.9
20150204	3.7	0.0	51.1	1016.4	1.3
20150205	2.9	0.0	46.5	1017.0	1.7
20150206	2.5	0.0	56.8	1019.4	0.8
20150207	4.4	0.0	55.5	1015.1	1.9
20150208	-1.8	0.0	35.4	1018.4	2.5
20150209	-2.1	0.0	36.6	1021.7	1.5
20150210	5.0	0.0	46.8	1014.2	2.3
20150211	6.5	0.0	55.0	1008.7	1.6
20150212	3.7	0.0	40.8	1007.4	2.0
20150213	2.0	0.0	30.9	1013.9	1.8
20150214	4.1	0.0	56.6	1016.8	1.2
20150215	4.9	16.5	78.5	1016.1	0.7
20150216	5.6	10.0	98.0	1009.8	1.0
20150217	6.1	0.5	56.1	1010.4	2.5
20150218	3.6	0.0	61.3	1014.9	1.5
20150219	3.7	0.0	56.9	1020.4	1.0
20150220	5.1	0.0	65.1	1021.4	0.9
20150221	6.3	39.0	85.3	1014.0	0.7
20150222	9.3	0.5	69.0	1010.1	1.6
20150223	5.1	0.0	50.8	1012.9	1.1
20150224	5.8	0.0	50.1	1012.2	1.0
20150225	6.8	0.0	57.1	1013.6	0.8
20150226	6.8	0.0	43.1	1012.8	2.1
20150227	1.7	0.0	37.6	1020.3	1.2
20150228	2.9	5.5	61.9	1020.6	1.4
20150301	4.3	1.0	64.4	1013.4	1.8
20150302	4.1	0.0	48.8	1014.3	1.1
20150303	3.3	15.0	80.6	1008.3	1.0
20150304	1.9	0.0	35.0	1014.4	2.5
20150305	2.8	0.0	44.3	1019.9	1.0
20150306	5.4	0.0	58.6	1018.3	1.1
20150307	6.6	0.0	63.8	1017.3	1.1
20150308	7.5	0.0	61.0	1017.3	1.1
20150309	7.1	0.0	40.6	1012.9	2.5
20150310	0.1	0.0	27.9	1017.4	3.4
20150311	5.0	0.0	38.6	1016.2	2.3
20150312	6.0	0.0	34.3	1015.2	2.3
20150313	8.3	0.5	67.6	1014.5	1.3
20150314	7.0	0.0	62.4	1017.8	0.9
20150315	8.1	0.0	50.3	1016.2	0.9
20150316	10.4	0.0	43.9	1015.3	1.1
20150317	12.2	0.0	64.3	1012.0	1.0
20150318	10.1	94.5	95.3	1005.2	1.1
20150319	11.3	3.0	82.0	1008.2	1.0
20150320	12.8	0.0	71.4	1011.8	0.9
20150321	15.2	0.0	44.8	1010.4	1.4
20150322	13.8	0.0	25.0	1013.6	2.5
20150323	7.7	0.0	26.1	1019.5	2.2
20150324	6.4	0.0	39.5	1024.9	1.3
20150325	7.5	0.0	51.8	1028.9	1.4
20150326	8.9	0.0	45.8	1027.2	1.1
20150327	10.0	0.0	45.8	1020.6	1.2
20150328	12.5	0.0	52.4	1013.3	1.2
20150329	13.9	0.0	58.6	1011.3	1.1
20150330	13.2	0.0	77.0	1014.1	1.2
20150331	12.9	14.0	94.0	1010.6	0.6
20150401	12.7	1.0	94.8	1009.8	1.0
20150402	13.6	5.0	85.8	1004.8	1.9
20150403	17.2	8.0	70.8	1000.4	2.2
20150404	11.6	66.5	75.8	1009.4	1.6
20150405	10.3	5.0	92.6	1009.2	0.8
20150406	11.7	18.0	91.4	1011.6	0.8
20150407	9.6	1.5	81.4	1017.3	0.8
20150408	9.9	0.0	65.0	1020.1	1.4
20150409	10.3	0.0	65.8	1019.2	1.0
20150410	12.1	0.0	60.5	1016.5	1.4
20150411	12.3	0.0	56.3	1020.1	1.2
20150412	12.5	1.5	53.1	1018.4	1.5
20150413	10.6	9.5	82.1	1010.5	2.1
20150414	10.1	14.5	66.0	1002.8	1.6
20150415	13.5	0.0	56.0	1004.8	2.1
20150416	14.7	0.0	55.8	1005.7	2.0
20150417	12.2	0.0	34.5	1012.5	1.3
20150418	13.1	9.5	53.1	1011.2	1.0
20150419	14.5	53.0	92.8	1002.1	1.3
20150420	13.7	13.0	93.3	1000.5	0.8
20150421	13.7	0.0	67.8	1010.6	1.1
20150422	16.2	0.0	47.9	1012.7	1.5
20150423	15.4	0.0	43.8	1016.1	1.3
20150424	18.4	0.0	39.8	1013.7	2.0
20150425	17.3	0.0	34.8	1014.4	1.4
20150426	18.5	0.0	42.5	1013.4	1.1
20150427	17.8	0.0	49.1	1011.9	1.1
20150428	15.8	15.5	85.9	1009.2	0.7
20150429	15.2	125.5	93.6	1006.7	1.0
20150430	17.5	0.0	80.1	1007.9	1.1
20150501	19.2	0.0	74.1	1008.8	1.1
20150502	18.9	0.5	74.0	1007.8	1.0
20150503	17.3	60.5	91.1	1001.2	1.3
20150504	18.5	0.0	42.5	1002.7	1.9
20150505	15.0	0.0	40.0	1006.2	1.2
20150506	15.4	0.0	57.8	1006.3	0.9
20150507	18.3	0.0	44.6	1006.9	1.4
20150508	18.3	0.0	44.1	1007.9	1.1
20150509	17.9	1.5	69.1	1007.3	1.0
20150510	17.2	0.0	70.5	1012.9	1.2
20150511	16.9	109.5	76.6	1008.0	1.8
20150512	16.6	6.0	64.1	998.7	2.6
20150513	21.1	0.0	40.3	1002.8	3.2
20150514	20.2	0.0	71.9	1004.5	1.1
20150515	21.8	3.5	75.9	1003.3	1.1
20150516	19.2	0.3	75.4	1004.3	1.1
20150517	18.5	0.0	47.0	1006.0	0.9
20150518	14.7	19.0	78.0	1000.9	0.7
20150519	18.9	0.0	75.0	1000.9	1.0
20150520	19.5	0.0	46.4	1002.5	1.8
20150521	19.2	0.0	48.9	1008.7	1.2
20150522	20.7	0.0	41.9	1009.1	1.4
20150523	19.3	0.0	58.6	1006.0	1.0
20150524	20.8	0.0	48.5	1003.0	1.0
20150525	21.8	0.0	51.6	1003.2	1.2
20150526	23.5	0.0	41.0	1005.4	1.1
20150527	22.6	0.0	40.5	1005.1	1.3
20150528	22.0	0.0	49.1	1004.2	1.2
20150529	22.3	0.0	54.8	1002.6	1.2
20150530	19.5	6.5	82.1	999.7	0.7
20150531	21.0	0.0	66.5	1003.0	1.4
20150601	22.0	0.0	59.6	1005.1	1.1
20150602	20.4	0.5	74.8	1003.1	1.0
20150603	22.4	0.0	58.9	1001.1	1.0
20150604	21.4	0.0	46.3	1005.4	1.3
20150605	15.3	12.5	80.1	1002.2	1.2
20150606	18.0	0.0	71.9	1008.7	1.2
20150607	19.2	0.0	72.3	1009.5	1.1
20150608	18.4	5.0	86.5	1002.8	0.8
20150609	21.6	0.0	74.9	1001.8	1.0
20150610	22.4	0.0	69.5	1003.3	1.0
20150611	20.3	5.0	86.4	998.8	0.7
20150612	24.4	0.0	63.6	999.8	1.4
20150613	20.5	0.0	80.1	1003.2	1.3
20150614	21.5	0.0	79.5	1003.4	1.1
20150615	22.2	0.1	79.6	1002.7	1.1
20150616	22.5	0.0	78.5	1000.2	1.1
20150617	20.5	1.0	79.4	1000.1	1.1
20150618	22.5	0.0	70.8	999.9	1.3
20150619	23.0	0.0	65.0	1003.3	1.6
20150620	20.5	0.5	79.1	1004.6	0.9
20150621	21.3	0.5	76.9	1005.3	1.2
20150622	21.2	0.0	75.9	1005.9	1.0
20150623	23.1	0.0	70.1	1005.8	1.0
20150624	21.9	0.0	73.1	1004.3	0.8
20150625	21.6	33.0	78.0	998.5	1.1
20150626	22.9	9.0	78.9	990.7	1.3
20150627	20.6	1.0	83.8	1001.6	0.8
20150628	21.7	0.0	76.1	1005.2	1.2
20150629	22.3	0.0	69.1	1002.6	0.9
20150630	19.9	33.5	85.6	994.3	0.9
20150701	23.6	0.5	70.3	991.8	1.7
20150702	22.0	0.0	64.9	997.2	1.1
20150703	23.7	0.0	61.1	1000.0	1.0
20150704	21.5	0.0	67.3	1004.9	1.3
20150705	21.3	0.0	71.4	1006.5	1.1
20150706	21.7	0.1	74.6	1006.4	0.9
20150707	18.6	61.0	89.3	1005.2	1.4
20150708	20.4	132.5	93.4	1005.8	0.9
20150709	22.6	9.5	88.1	1009.3	1.3
20150710	24.9	0.0	74.9	1008.4	1.3
20150711	24.1	12.5	85.6	1004.8	0.7
20150712	24.4	87.0	89.0	993.1	3.6
20150713	24.1	2.5	76.1	994.4	2.4
20150714	25.3	0.0	76.1	999.5	1.0
20150715	25.3	0.0	79.5	1000.6	0.9
20150716	24.2	0.0	63.3	999.8	2.0
20150717	21.2	0.5	66.1	1001.2	1.5
20150718	22.5	0.0	73.8	1004.6	0.9
20150719	23.5	2.0	75.0	1005.6	1.0
20150720	24.0	7.5	90.8	1004.0	1.0
20150721	23.6	5.0	97.0	1002.7	0.7
20150722	24.6	3.0	95.0	1002.1	0.7
20150723	26.4	19.0	87.3	1003.7	1.8
20150724	26.1	1.0	88.5	1002.7	2.0
20150725	26.4	0.1	80.5	1003.8	1.9
20150726	27.8	0.0	74.1	1002.7	0.9
20150727	28.9	0.0	69.3	1003.0	1.3
20150728	29.1	0.0	69.1	1003.3	1.4
20150729	29.5	0.0	72.6	1002.8	1.5
20150730	28.7	0.0	76.4	1004.4	1.1
20150731	27.4	0.0	78.9	1005.0	1.2
20150801	27.2	0.0	78.9	1005.9	1.1
20150802	26.8	0.0	79.1	1006.6	1.3
20150803	27.5	0.0	72.9	1005.7	1.3
20150804	28.4	0.0	68.0	1004.0	1.3
20150805	28.0	0.0	71.4	1004.1	1.4
20150806	28.1	0.0	67.1	1006.8	1.1
20150807	28.7	0.0	65.9	1009.7	1.1
20150808	28.8	0.0	72.3	1008.2	1.1
20150809	28.8	0.0	72.3	1005.2	1.0
20150810	27.9	0.0	65.5	1003.7	0.9
20150811	25.2	14.0	73.9	1002.8	1.0
20150812	22.4	8.5	88.8	998.8	1.8
20150813	25.6	0.1	76.1	1000.2	1.0
20150814	25.3	0.0	73.9	1001.1	1.0
20150815	26.3	0.0	70.8	1003.1	1.2
20150816	24.8	1.0	77.6	1002.0	1.1
20150817	25.9	0.5	70.4	1002.7	1.3
20150818	25.4	0.0	73.6	1007.1	1.2
20150819	25.5	0.0	72.1	1007.9	1.0
20150820	24.3	2.5	85.6	1004.5	1.0
20150821	23.3	113.0	87.8	999.1	1.2
20150822	24.3	0.0	82.6	1000.7	0.7
20150823	25.0	0.3	78.8	1001.8	0.8
20150824	24.6	4.0	81.5	1000.6	1.4
20150825	22.8	17.0	87.1	992.5	1.7
20150826	23.9	0.1	76.1	1000.1	1.0
20150827	23.3	5.5	78.1	1003.3	1.2
20150828	24.5	0.0	78.4	1003.6	1.0
20150829	23.2	0.0	81.4	1003.9	1.0
20150830	23.5	0.0	79.6	1005.9	0.9
20150831	24.2	0.0	78.0	1006.2	1.2
20150901	22.4	16.5	88.5	1005.0	1.1
20150902	23.9	0.0	85.4	1007.3	1.0
20150903	23.5	2.0	77.9	1005.9	1.2
20150904	23.7	0.0	74.9	1007.5	1.1
20150905	22.4	8.5	87.4	1004.2	1.0
20150906	21.5	14.0	79.8	1000.6	2.0
20150907	21.7	0.0	63.0	1006.5	1.6
20150908	21.3	0.0	58.1	1009.7	1.8
20150909	22.1	0.0	54.4	1009.2	1.8
20150910	21.2	0.0	65.1	1008.8	1.3
20150911	22.7	0.1	73.6	1005.5	1.2
20150912	21.5	1.0	70.6	1004.6	1.3
20150913	20.0	0.0	64.0	1011.3	1.3
20150914	19.9	0.0	60.0	1016.2	1.4
20150915	20.2	0.0	62.6	1014.9	1.6
20150916	19.7	20.0	75.8	1011.6	1.3
20150917	20.5	0.0	71.9	1010.3	1.9
20150918	21.5	0.0	66.3	1011.2	1.3
20150919	21.3	0.0	79.6	1008.7	1.0
20150920	21.6	0.0	79.4	1007.3	0.9
20150921	21.9	0.0	75.8	1009.1	1.0
20150922	20.9	0.0	76.3	1011.1	1.2
20150923	18.6	51.0	94.5	1005.7	1.3
20150924	21.5	1.0	82.1	1001.1	1.6
20150925	21.5	0.0	75.9	1002.3	1.2
20150926	22.0	0.0	74.0	1005.5	1.0
20150927	21.1	0.0	70.9	1009.3	1.2
20150928	21.5	0.0	63.4	1013.4	1.5
20150929	21.5	0.0	61.0	1017.5	1.7
20150930	18.5	6.0	80.8	1017.0	1.1
20151001	20.6	55.0	83.4	999.6	2.2
20151002	16.9	0.0	49.9	1009.9	1.6
20151003	20.1	0.0	60.9	1014.4	1.7
20151004	19.1	0.0	59.0	1019.4	1.1
20151005	18.5	0.0	66.0	1018.1	1.0
20151006	18.2	0.0	67.0	1015.2	1.1
20151007	18.6	0.0	71.8	1012.2	1.0
20151008	18.9	0.0	64.8	1007.3	1.1
20151009	18.9	0.0	47.3	1005.8	2.3
20151010	16.9	0.3	61.6	1006.1	1.3
20151011	15.7	0.0	49.8	1009.3	2.0
20151012	16.3	0.0	51.9	1012.3	2.4
20151013	16.6	0.0	53.1	1015.1	1.3
20151014	16.3	0.0	55.8	1015.2	1.2
20151015	16.9	0.0	71.6	1014.8	1.0
20151016	17.9	0.0	72.8	1014.1	0.9
20151017	17.4	0.0	69.1	1015.0	1.1
20151018	17.8	0.0	61.4	1014.0	1.0
20151019	17.6	0.0	68.5	1012.3	1.1
20151020	18.4	0.0	69.4	1011.5	0.9
20151021	18.5	0.0	73.0	1013.2	1.1
20151022	18.0	0.0	75.9	1015.9	1.3
20151023	17.5	0.0	73.0	1014.2	1.0
20151024	17.7	0.0	74.0	1012.8	1.2
20151025	16.7	0.0	60.1	1018.6	1.5
20151026	15.1	0.0	67.8	1015.5	1.5
20151027	16.1	7.5	64.0	1006.2	2.1
20151028	13.7	0.0	50.6	1014.5	1.4
20151029	14.4	0.0	58.6	1016.6	1.1
20151030	11.3	0.0	50.3	1020.0	1.4
20151031	9.0	0.0	46.5	1023.2	1.1
20151101	9.1	0.5	63.1	1020.2	0.9
20151102	11.7	0.1	62.5	1017.5	1.3
20151103	12.2	0.0	63.8	1023.1	0.9
20151104	13.1	0.0	70.6	1023.2	1.0
20151105	15.6	0.0	71.3	1019.5	0.8
20151106	15.6	3.5	71.4	1020.3	1.3
20151107	14.0	64.5	93.4	1016.8	1.4
20151108	17.1	9.5	94.0	1010.6	0.9
20151109	16.2	0.5	70.8	1011.2	1.5
20151110	13.8	0.0	66.3	1016.8	0.9
20151111	14.7	0.0	70.8	1021.8	1.2
20151112	16.0	0.0	65.0	1022.9	2.1
20151113	12.6	35.5	91.6	1014.8	1.8
20151114	15.5	0.3	87.8	1008.5	0.8
20151115	14.9	0.0	74.0	1014.2	0.8
20151116	14.7	8.0	86.5	1012.0	0.7
20151117	16.4	0.1	88.9	1012.0	0.8
20151118	13.1	15.5	86.6	1013.8	2.0
20151119	12.1	0.5	79.0	1017.4	1.3
20151120	13.4	0.5	77.3	1017.6	0.8
20151121	11.8	0.5	78.4	1020.7	1.0
20151122	13.5	0.0	79.5	1021.2	0.9
20151123	13.6	0.5	82.5	1017.7	0.8
20151124	13.2	0.0	63.0	1017.8	1.5
20151125	8.6	6.5	74.8	1012.5	1.4
20151126	3.9	0.0	56.3	1010.5	2.5
20151127	4.7	0.0	58.5	1018.7	2.2
20151128	6.2	0.0	63.5	1023.8	1.0
20151129	7.3	0.0	70.6	1021.5	0.7
20151130	9.9	0.1	63.9	1017.6	1.3
20151201	7.8	0.0	67.9	1019.4	1.0
20151202	9.8	1.5	74.6	1011.3	1.1
20151203	5.9	0.0	48.6	1010.2	2.8
20151204	5.7	0.0	58.1	1016.3	2.3
20151205	7.3	0.0	51.4	1019.4	2.0
20151206	6.0	0.0	65.0	1021.5	0.8
20151207	6.9	0.0	61.6	1022.9	0.9
20151208	7.8	0.0	60.3	1025.4	0.8
20151209	9.2	0.0	70.0	1024.1	0.8
20151210	10.1	29.0	92.9	1011.6	0.8
20151211	9.9	12.0	84.8	1010.5	1.1
20151212	7.9	0.0	64.4	1018.8	1.2
20151213	9.3	0.0	65.1	1017.8	0.8
20151214	8.6	1.0	82.6	1014.7	0.7
20151215	9.7	0.3	63.5	1012.0	2.0
20151216	4.5	0.0	52.8	1013.8	2.1
20151217	0.9	0.0	42.6	1020.4	1.7
20151218	1.0	0.0	57.5	1025.9	1.0
20151219	3.8	0.0	62.8	1028.5	1.1
20151220	5.0	3.0	70.6	1023.4	0.6
20151221	7.6	2.5	78.0	1020.4	1.0
20151222	7.0	0.0	66.6	1021.8	0.9
20151223	9.2	1.0	80.6	1015.5	0.8
20151224	8.1	0.0	63.1	1012.7	1.2
20151225	5.3	0.0	29.4	1014.6	1.7
20151226	6.6	0.0	53.3	1015.1	1.3
20151227	3.9	0.0	48.4	1021.1	1.1
20151228	0.9	0.0	48.4	1025.4	1.3
20151229	1.2	0.0	50.9	1026.4	1.0
20151230	3.2	0.0	53.1	1023.8	0.9
20151231	4.0	0.0	63.0	1024.1	1.1
20160101	3.5	0.0	61.3	1025.5	0.9
20160102	6.0	0.0	73.3	1018.6	0.7
20160103	8.5	0.0	70.9	1014.1	0.9
20160104	9.0	0.0	52.1	1015.7	0.9
20160105	3.8	3.5	63.6	1019.1	0.7
20160106	3.9	0.0	43.9	1017.7	1.0
20160107	3.9	0.0	46.9	1017.2	2.0
20160108	2.7	0.0	50.4	1016.7	1.9
20160109	3.0	0.0	52.0	1019.1	1.5
20160110	3.8	0.0	53.6	1019.7	1.0
20160111	3.0	0.0	40.3	1018.5	0.9
20160112	1.2	0.0	38.6	1016.1	1.1
20160113	1.8	0.0	50.8	1014.8	1.8
20160114	2.4	0.0	51.0	1016.2	1.3
20160115	1.9	0.0	63.8	1015.8	0.8
20160116	3.5	0.0	60.6	1016.5	0.8
20160117	4.4	2.5	69.3	1010.4	0.9
20160118	1.4	0.0	58.8	1007.3	2.2
20160119	-3.1	0.0	47.1	1014.7	2.7
20160120	-2.1	0.0	44.9	1021.9	1.1
20160121	-1.7	0.0	46.5	1020.4	0.7
20160122	-0.2	0.0	35.3	1022.5	1.0
20160123	-2.9	0.0	33.9	1021.7	1.6
20160124	-6.8	0.0	46.3	1018.6	1.9
20160125	-1.7	0.0	49.3	1021.8	2.0
20160126	1.8	0.0	53.0	1022.1	1.8
20160127	3.5	0.0	53.8	1024.0	1.1
20160128	2.1	33.0	76.1	1021.8	0.8
20160129	3.4	23.5	88.8	1017.1	1.2
20160130	4.7	0.2	78.5	1019.2	0.8
20160131	2.1	0.0	63.0	1021.2	0.9
20160201	0.0	0.0	49.1	1021.0	1.3
20160202	-0.8	0.0	43.6	1020.8	0.9
20160203	0.9	0.0	42.8	1021.4	1.1
20160204	2.1	0.0	47.3	1019.4	1.0
20160205	2.9	0.0	37.0	1016.8	1.3
20160206	1.3	0.0	42.4	1016.3	1.7
20160207	0.6	0.0	39.6	1016.4	0.9
20160208	5.0	0.0	40.9	1013.0	1.7
20160209	5.8	0.0	27.0	1016.0	2.3
20160210	4.1	0.0	47.3	1021.2	1.0
20160211	7.5	0.0	57.1	1021.3	0.7
20160212	12.5	99.5	87.1	1013.7	2.3
20160213	13.7	18.5	92.3	1003.2	1.4
20160214	3.2	0.0	60.5	1007.7	2.5
20160215	-0.8	0.0	45.5	1015.0	2.3
20160216	2.3	0.0	51.5	1014.5	1.8
20160217	3.9	0.0	44.5	1019.0	1.4
20160218	5.2	0.0	54.4	1018.8	1.5
20160219	7.9	0.0	53.0	1020.5	1.1
20160220	7.1	0.0	38.4	1015.4	1.4
20160221	3.5	0.0	34.8	1024.0	1.8
20160222	5.2	0.0	48.0	1024.4	0.8
20160223	6.5	0.0	39.9	1022.1	1.5
20160224	1.3	0.0	37.9	1025.6	1.5
20160225	2.4	0.0	32.1	1028.2	1.2
20160226	5.5	0.0	56.6	1023.7	1.1
20160227	9.9	3.0	47.3	1018.3	1.7
20160228	8.1	1.5	67.6	1015.2	1.5
20160229	0.3	0.0	44.8	1019.7	2.3
20160301	1.1	0.0	40.4	1022.1	1.4
20160302	4.6	0.0	51.9	1021.0	1.2
20160303	9.1	0.3	67.6	1019.2	0.8
20160304	10.1	33.5	90.4	1020.0	0.7
20160305	14.2	21.0	86.5	1015.9	2.3
20160306	13.9	3.5	81.5	1012.1	0.9
20160307	12.5	0.0	68.9	1012.5	0.9
20160308	8.7	11.5	68.3	1014.4	1.0
20160309	5.8	7.5	63.0	1014.2	1.2
20160310	4.3	0.0	34.3	1017.7	1.3
20160311	2.6	0.0	39.1	1018.3	1.2
20160312	3.8	0.0	38.4	1019.6	1.1
20160313	5.7	0.0	53.8	1017.7	0.8
20160314	6.7	0.0	51.6	1015.1	1.2
20160315	7.1	0.0	46.6	1017.9	1.2
20160316	9.7	0.0	50.4	1016.1	1.0
20160317	10.5	0.0	57.1	1014.9	1.1
20160318	10.6	41.0	91.5	1006.5	0.8
20160319	12.5	0.0	69.3	1008.6	1.2
20160320	10.1	0.0	70.0	1015.8	1.0
20160321	9.6	0.0	64.6	1017.9	1.1
20160322	11.6	0.0	52.0	1012.6	1.1
20160323	11.4	0.0	48.4	1011.9	1.4
20160324	9.1	0.0	46.8	1017.8	1.6
20160325	7.6	0.1	67.1	1018.7	1.0
20160326	7.8	0.0	51.0	1015.3	1.2
20160327	8.6	0.0	47.1	1014.3	1.4
20160328	11.0	0.0	40.6	1016.3	1.3
20160329	13.6	0.0	49.0	1016.1	2.1
20160330	14.3	0.0	57.1	1013.8	1.3
20160331	12.7	0.0	67.8	1011.2	0.8
20160401	14.8	0.0	56.6	1010.1	1.1
20160402	14.5	0.0	69.4	1014.0	1.0
20160403	13.3	68.5	91.9	1010.9	0.8
20160404	11.4	6.0	90.3	1008.4	1.2
20160405	13.3	0.0	61.1	1010.7	0.9
20160406	13.0	30.0	59.0	1010.9	1.1
20160407	12.4	35.0	86.1	1003.2	0.9
20160408	15.8	0.0	60.6	1009.8	1.0
20160409	16.7	0.0	49.8	1008.7	1.2
20160410	15.7	0.0	56.8	1007.7	1.1
20160411	11.5	0.0	69.1	1014.5	1.6
20160412	12.4	1.0	60.4	1012.0	1.1
20160413	15.0	40.5	92.1	1002.0	1.4
20160414	18.0	0.0	55.5	1005.6	1.5
20160415	14.4	0.0	53.8	1014.7	1.6
20160416	14.6	102.0	78.6	1004.8	1.8
20160417	15.0	5.5	45.3	1002.4	3.2
20160418	15.5	0.0	35.3	1010.9	2.2
20160419	14.2	0.0	41.3	1017.3	1.5
20160420	14.4	0.0	54.4	1014.7	1.2
20160421	15.7	53.0	87.0	999.9	1.5
20160422	17.5	0.0	64.3	1004.5	1.2
20160423	16.5	0.0	54.4	1007.1	1.0
20160424	15.7	0.0	36.0	1009.6	1.2
20160425	16.4	0.0	32.9	1012.2	1.1
20160426	16.8	1.0	51.5	1010.2	1.0
20160427	12.0	65.0	87.3	1002.4	2.0
20160428	14.5	3.0	74.3	1002.2	1.2
20160429	15.3	0.0	56.8	1008.0	1.3
20160430	16.4	0.0	46.4	1008.6	1.7
20160501	17.1	0.0	52.5	1010.5	1.2
20160502	18.2	1.0	78.1	1009.3	1.5
20160503	16.8	111.5	65.8	995.6	3.4
20160504	19.4	0.0	23.0	1002.5	3.0
20160505	18.3	0.0	35.6	1010.3	1.4
20160506	17.8	10.5	85.9	1003.0	1.3
20160507	18.5	0.0	37.0	1007.7	1.4
20160508	17.7	0.0	42.1	1011.3	1.2
20160509	17.4	0.4	54.6	1005.5	0.7
20160510	14.9	35.0	89.9	999.7	0.9
20160511	15.5	0.5	72.0	1004.9	1.3
20160512	18.0	0.0	63.0	1009.4	1.5
20160513	18.0	0.0	60.4	1014.5	1.2
20160514	17.5	0.0	58.5	1017.1	1.5
20160515	18.8	7.0	77.6	1007.1	1.5
20160516	17.0	2.5	37.0	1005.1	2.3
20160517	18.5	0.0	40.4	1010.5	1.1
20160518	20.6	0.0	48.8	1012.6	1.0
20160519	20.1	0.0	48.4	1012.8	1.1
20160520	20.6	0.0	52.4	1012.5	1.4
20160521	20.3	0.0	51.3	1012.9	1.4
20160522	20.3	0.0	48.0	1011.4	1.3
20160523	21.2	0.0	51.6	1008.8	1.1
20160524	19.5	33.5	92.3	1002.5	1.7
20160525	20.4	0.0	70.9	1004.8	1.2
20160526	21.9	0.0	64.0	1004.5	1.0
20160527	22.7	0.2	60.9	1006.0	1.2
20160528	20.7	0.5	70.9	1003.1	0.8
20160529	20.2	1.0	75.1	999.3	0.8
20160530	23.0	0.0	55.5	1001.1	1.1
20160531	23.1	0.0	55.3	1001.6	1.0
20160601	21.4	0.0	53.6	1002.5	1.8
20160602	19.9	0.0	52.1	1006.0	1.3
20160603	21.6	0.0	50.1	1006.2	1.2
20160604	18.5	10.0	85.5	1004.0	1.0
20160605	21.4	0.0	66.4	1005.3	1.8
20160606	18.9	3.5	83.3	1007.9	1.4
20160607	21.2	0.2	84.3	1005.4	0.9
20160608	21.6	0.0	84.5	1004.6	0.6
20160609	21.9	0.0	80.9	1006.0	0.9
20160610	22.5	0.0	76.3	1007.7	1.1
20160611	23.1	0.0	80.6	1006.2	0.9
20160612	22.4	3.0	91.6	1000.9	0.6
20160613	22.9	0.0	82.5	997.2	1.3
20160614	23.4	0.0	75.9	999.0	1.6
20160615	22.8	0.5	81.5	997.9	1.5
20160616	24.2	1.0	70.0	994.7	2.2
20160617	23.1	0.0	67.8	1003.7	1.5
20160618	22.8	9.5	76.3	1007.2	1.3
20160619	25.0	16.5	79.6	1003.2	1.2
20160620	23.0	25.0	91.1	1001.6	0.9
20160621	23.1	2.0	89.9	1002.5	0.8
20160622	21.8	27.5	94.4	1000.6	0.8
20160623	23.8	0.0	79.8	1001.6	1.2
20160624	23.5	56.5	83.5	995.0	1.5
20160625	23.5	0.0	64.1	1000.3	2.1
20160626	24.5	0.0	64.1	1004.3	1.8
20160627	20.8	0.5	84.6	1005.4	0.8
20160628	21.6	0.0	79.1	1006.6	0.9
20160629	21.3	5.0	89.5	1006.9	0.8
20160630	24.1	0.0	85.8	1006.8	1.0
20160701	24.6	51.0	90.9	1003.2	1.8
20160702	24.3	42.0	89.9	1001.1	2.0
20160703	22.1	49.0	96.1	1005.0	0.8
20160704	24.8	2.5	93.5	1005.5	1.2
20160705	26.7	4.0	88.3	1008.1	1.8
20160706	27.5	0.5	82.9	1009.7	1.7
20160707	25.9	0.0	85.4	1009.4	1.1
20160708	25.0	0.4	86.4	1004.8	0.9
20160709	26.0	0.0	81.1	1001.4	1.1
20160710	26.1	0.0	83.6	999.6	0.8
20160711	24.4	0.7	93.5	999.5	0.6
20160712	24.3	14.0	94.3	997.5	0.8
20160713	26.1	0.0	87.5	995.7	0.8
20160714	27.0	0.0	74.0	996.3	1.3
20160715	25.5	0.0	72.5	999.6	1.4
20160716	23.1	3.0	90.6	997.4	1.0
20160717	25.6	0.0	76.4	1002.2	1.7
20160718	24.8	0.0	78.8	1004.8	0.9
20160719	25.1	0.0	81.8	1006.7	1.0
20160720	25.0	0.0	72.4	1007.7	1.3
20160721	25.0	0.0	78.1	1007.5	1.1
20160722	24.7	0.0	79.3	1006.4	1.0
20160723	25.3	0.0	78.5	1005.8	1.1
20160724	27.5	0.0	81.1	1006.3	1.1
20160725	28.7	0.0	78.1	1005.9	1.1
20160726	28.3	0.0	82.6	1003.4	1.1
20160727	29.4	0.0	77.4	1001.6	1.5
20160728	29.2	0.0	80.3	1002.4	1.8
20160729	29.3	0.0	80.8	1004.9	1.2
20160730	29.2	0.0	78.9	1006.3	1.1
20160731	28.8	0.0	79.9	1006.1	1.0
20160801	28.5	0.2	81.8	1004.9	1.1
20160802	27.3	0.3	84.3	1003.9	1.0
20160803	27.0	0.0	82.3	1004.4	1.1
20160804	28.3	0.0	77.8	1004.8	1.3
20160805	28.3	0.0	75.4	1005.1	1.2
20160806	28.8	0.0	75.0	1003.5	1.2
20160807	29.1	0.0	77.6	1002.4	1.2
20160808	29.3	0.0	73.6	1002.0	1.2
20160809	28.3	0.0	77.9	1003.6	1.3
20160810	28.9	0.0	75.5	1004.8	1.0
20160811	30.2	0.0	76.4	1004.2	1.2
20160812	30.9	0.0	73.8	1002.1	1.1
20160813	30.6	0.0	70.8	1000.5	1.1
20160814	30.5	0.0	72.0	998.7	1.1
20160815	29.7	1.0	78.1	996.5	1.1
20160816	28.7	0.1	76.4	996.4	1.2
20160817	28.5	0.0	73.5	998.7	1.2
20160818	28.5	0.0	75.5	1000.9	1.4
20160819	28.5	0.0	75.3	1001.7	1.2
20160820	28.5	0.0	73.1	1001.2	1.2
20160821	28.9	0.0	70.8	1000.6	1.2
20160822	29.1	0.0	73.1	1001.2	1.3
20160823	27.8	0.0	74.5	1001.7	1.3
20160824	27.3	0.0	65.5	1001.7	1.4
20160825	27.4	0.0	72.0	1000.3	1.3
20160826	24.0	10.0	84.0	1002.5	1.6
20160827	23.4	0.5	68.3	1003.0	2.0
20160828	19.2	51.0	90.4	997.4	1.9
20160829	22.7	0.0	63.0	995.5	1.5
20160830	23.5	0.0	60.9	989.4	2.9
20160831	25.4	0.0	55.1	991.0	3.3
20160901	25.3	6.0	74.6	999.1	2.2
20160902	20.2	108.5	98.1	1002.2	1.3
20160903	21.9	114.0	97.3	1003.8	0.9
20160904	25.1	0.0	89.3	1005.0	1.1
20160905	25.8	0.0	84.6	1004.8	1.1
20160906	24.8	0.0	86.3	1003.8	0.8
20160907	24.5	0.0	81.4	1000.7	0.8
20160908	24.9	0.0	72.3	1001.7	1.3
20160909	24.1	0.0	76.6	1004.5	1.1
20160910	23.7	0.0	86.1	1007.1	0.9
20160911	23.4	0.4	85.0	1009.7	1.1
20160912	21.3	10.5	89.6	1011.4	1.1
20160913	22.8	0.0	81.0	1012.9	1.1
20160914	23.3	0.0	82.0	1012.7	1.0
20160915	24.1	0.0	81.8	1011.1	1.0
20160916	23.2	1.0	91.1	1009.6	0.9
20160917	19.9	267.5	98.4	1004.8	1.6
20160918	20.4	16.5	93.3	1005.0	1.9
20160919		0.0			2.2
20160920	20.2	0.0	63.5	1009.7	2.0
20160921	20.0	0.0	70.3	1014.7	1.2
20160922	20.0	0.1	79.1	1012.6	1.0
20160923	20.7	0.0	81.1	1011.9	1.1
20160924	21.3	0.0	79.5	1011.1	1.1
20160925	21.8	0.0	81.0	1011.2	1.0
20160926	22.6	1.0	87.5	1011.2	1.0
20160927	24.3	0.3	89.9	1010.1	0.9
20160928	22.7	19.5	96.9	1008.5	0.7
20160929	19.7	10.5	93.0	1011.3	1.3
20160930	17.9	33.0	94.4	1010.7	1.3
20161001	19.8	2.0	94.3	1012.7	0.8
20161002	22.0	3.0	91.6	1010.2	0.7
20161003	25.6	0.5	84.0	1005.3	1.2
20161004	23.3	1.0	79.6	1008.9	1.8
20161005	21.6	182.0	84.1	1001.1	2.6
20161006	20.8	0.0	75.1	1014.4	1.0
20161007	19.8	2.6	84.5	1014.6	1.2
20161008	18.0	17.0	91.8	1006.4	0.8
20161009	14.7	0.0	65.3	1011.9	1.4
20161010	15.9	0.0	69.8	1014.6	1.2
20161011	16.1	0.0	79.0	1014.3	1.1
20161012	17.6	0.0	66.9	1015.8	1.1
20161013	17.0	0.0	79.5	1017.4	1.0
20161014	16.8	0.0	74.3	1019.4	1.1
20161015	17.5	0.0	76.1	1019.7	1.4
20161016	16.4	41.5	94.6	1014.4	1.0
20161017	18.1	0.0	90.9	1011.3	0.8
20161018	17.4	0.0	81.3	1014.0	1.1
20161019	17.7	0.0	83.3	1012.6	1.0
20161020	18.2	0.0	76.1	1013.4	1.1
20161021	17.3	0.1	76.6	1014.5	1.8
20161022	17.0	0.5	78.4	1008.7	1.2
20161023	16.3	0.0	73.1	1009.7	1.9
20161024	15.7	0.0	68.6	1012.7	1.5
20161025	17.0	3.0	82.1	1007.5	1.4
20161026	16.3	0.5	77.4	1013.4	1.0
20161027	16.0	0.0	71.6	1016.9	1.8
20161028	14.3	15.5	93.3	1009.9	1.4
20161029	13.9	0.0	76.5	1018.0	1.0
20161030	10.8	0.0	63.5	1022.5	1.1
20161031	10.5	0.5	77.0	1020.0	0.8
20161101	7.9	0.0	55.9	1022.3	1.4
20161102	8.2	0.0	52.1	1021.0	1.4
20161103	11.2	0.0	64.5	1017.2	1.4
20161104	11.4	0.0	77.0	1012.7	1.0
20161105	14.2	0.0	79.8	1009.7	1.2
20161106	13.8	0.0	79.6	1018.5	1.3
20161107	13.7	0.0	78.4	1018.3	1.0
20161108	11.7	1.0	64.8	1016.0	1.3
20161109	7.7	0.0	52.4	1021.5	1.2
20161110	10.8	0.1	71.6	1015.0	1.3
20161111	11.6	0.0	64.5	1014.4	1.4
20161112	12.0	0.0	71.6	1018.1	0.9
20161113	13.8	16.0	84.1	1017.1	0.8
20161114	15.5	13.5	95.1	1010.6	0.8
20161115	13.5	0.0	60.0	1012.6	1.2
20161116	10.0	0.0	53.1	1016.7	1.1
20161117	11.6	0.0	61.5	1018.4	1.0
20161118	12.0	52.5	82.9	1013.4	1.1
20161119	15.8	3.5	88.3	1008.8	1.1
20161120	15.1	0.0	78.4	1014.2	0.9
20161121	12.9	0.1	83.0	1012.5	1.0
20161122	10.6	0.0	67.4	1013.6	1.4
20161123	7.2	0.0	45.3	1017.4	1.3
20161124	3.9	0.0	50.4	1019.4	1.4
20161125	4.7	0.0	60.1	1021.3	1.0
20161126	4.1	3.0	76.6	1018.5	0.9
20161127	6.6	0.0	76.0	1015.5	0.9
20161128	7.2	0.0	58.9	1020.5	1.1
20161129	5.7	0.0	52.3	1026.1	1.2
20161130	8.3	2.0	73.1	1021.2	1.0
20161201	9.1	0.0	57.6	1020.0	1.8
20161202	5.1	0.0	54.4	1023.8	1.0
20161203	6.3	0.0	49.9	1020.3	0.9
20161204	8.8	0.0	70.5	1013.2	1.1
20161205	10.9	0.0	70.3	1012.5	1.3
20161206	5.3	0.0	47.0	1018.8	1.4
20161207	6.0	0.0	63.0	1016.7	1.1
20161208	7.1	0.0	67.6	1013.3	0.9
20161209	8.5	0.0	54.8	1012.7	1.9
20161210	4.1	0.0	47.0	1018.9	1.0
20161211	3.0	0.0	43.9	1021.7	1.0
20161212	6.0	0.5	63.3	1018.2	0.9
20161213	8.0	0.0	71.5	1011.6	0.8
20161214	3.9	0.0	58.9	1012.3	1.3
20161215	1.4	0.0	52.9	1016.1	2.0
20161216	1.4	0.0	43.4	1020.8	1.6
20161217	3.3	0.0	72.3	1024.3	0.7
20161218	5.5	0.0	81.6	1024.2	0.7
20161219	7.2	21.0	94.0	1019.7	0.7
20161220	9.9	0.5	88.0	1020.8	0.9
20161221	10.7	84.5	90.3	1017.2	1.2
20161222	11.3	14.0	73.8	1005.9	3.0
20161223	4.3	0.0	60.0	1014.3	2.2
20161224	2.7	0.0	67.5	1023.0	0.9
20161225	5.6	0.0	70.9	1023.5	0.8
20161226	7.1	24.5	91.1	1013.6	0.8
20161227	3.8	1.0	58.0	1014.9	2.3
20161228	0.9	0.0	59.6	1022.6	0.8
20161229	1.5	0.0	50.4	1022.7	1.4
20161230	0.5	0.0	47.8	1025.7	0.8
20161231	3.4	0.0	62.0	1024.2	0.9
20170101	3.9	0.0	80.9	1022.4	0.8
20170102	8.9	0.0	69.6	1016.8	1.1
20170103	5.4	0.0	61.9	1017.5	1.0
20170104	5.5	0.0	63.1	1017.6	0.8
20170105	6.8	0.0	69.5	1020.6	1.2
20170106	6.6	0.0	70.9	1020.9	1.3
20170107	5.7	1.5	75.4	1015.4	0.9
20170108	8.4	5.5	79.4	1007.8	0.9
20170109	6.4	0.0	58.6	1010.3	2.0
20170110	2.8	0.0	57.9	1015.7	1.5
20170111	1.2	0.0	43.4	1018.8	1.5
20170112	4.1	0.0	56.6	1012.5	1.9
20170113	2.0	0.0	52.6	1010.9	2.0
20170114	-1.2	0.0	43.3	1016.6	2.0
20170115	-2.5	0.0	45.3	1020.3	0.9
20170116	-0.3	0.0	44.0	1022.1	0.9
20170117	1.5	0.0	50.4	1025.0	0.8
20170118	3.1	0.0	57.4	1023.1	0.9
20170119	2.4	0.0	57.0	1017.2	1.0
20170120	1.0	0.4	59.9	1015.2	2.4
20170121	0.0	0.0	60.6	1021.2	1.0
20170122	-0.3	0.0	54.9	1019.9	2.1
20170123	-2.3	0.0	51.5	1023.6	1.5
20170124	-1.5	0.0	55.1	1027.0	0.8
20170125	-1.0	0.0	54.0	1026.9	0.8
20170126	1.9	0.0	46.6	1022.5	0.9
20170127	5.4	0.2	45.9	1019.5	1.8
20170128	3.7	0.0	50.1	1020.3	0.9
20170129	5.4	7.0	89.1	1012.1	0.6
20170130	2.3	0.1	56.4	1016.7	1.9
20170131	0.5	0.0	51.5	1020.9	0.8
20170201	1.6	0.0	47.3	1020.2	1.1
20170202	1.6	0.0	39.6	1022.0	1.1
20170203	3.4	0.0	46.5	1019.7	0.7
20170204	7.0	5.5	60.8	1014.6	0.6
20170205	6.4	6.5	79.3	1007.4	1.7
20170206	3.3	0.0	49.0	1014.4	1.9
20170207	2.5	0.0	55.5	1018.2	0.8
20170208	3.9	0.0	56.6	1012.0	1.2
20170209	0.2	0.0	48.8	1008.4	2.7
20170210	-1.5	0.0	46.9	1011.6	2.5
20170211	-0.1	0.0	48.4	1017.8	2.0
20170212	1.7	0.0	49.1	1022.2	1.4
20170213	3.7	0.0	52.9	1024.5	1.0
20170214	4.7	0.0	49.6	1025.7	1.2
20170215	5.0	0.0	48.4	1023.9	0.8
20170216	9.6	2.5	68.8	1016.2	1.3
20170217	10.1	0.2	53.5	1012.9	2.4
20170218	3.1	0.0	35.9	1018.1	1.7
20170219	6.1	0.1	57.5	1012.8	1.4
20170220	8.1	0.2	52.3	1008.2	2.8
20170221	3.2	0.0	56.3	1023.7	1.1
20170222	5.0	41.0	90.3	1009.5	0.9
20170223	3.8	0.0	55.1	1010.8	2.7
20170224	2.7	0.0	45.0	1017.7	1.5
20170225	6.5	0.0	44.9	1016.6	2.0
20170226	5.7	0.0	57.9	1018.3	1.0
20170227	6.5	0.0	65.3	1020.7	1.0
20170228	6.6	0.0	59.5	1019.2	1.1
20170301	7.7	1.5	66.8	1010.5	1.0
20170302	5.3	0.5	59.5	1008.5	2.3
20170303	5.1	0.0	51.6	1014.4	0.9
20170304	7.5	0.0	62.9	1012.9	1.0
20170305	8.9	0.0	54.8	1009.7	0.9
20170306	5.9	0.0	38.9	1008.6	2.3
20170307	2.1	0.0	47.6	1010.6	2.1
20170308	3.2	0.0	50.9	1010.1	2.2
20170309	7.5	0.0	39.8	1008.9	2.3
20170310	8.3	0.0	38.1	1013.1	1.3
20170311	8.0	0.0	41.0	1017.6	1.0
20170312	10.1	0.0	48.4	1015.2	1.1
20170313	10.9	0.0	46.1	1011.0	1.0
20170314	9.2	0.0	49.0	1011.5	1.6
20170315	6.8	0.0	45.9	1017.3	1.3
20170316	8.1	0.0	59.3	1016.0	1.3
20170317	8.5	0.0	42.5	1017.7	1.2
20170318	8.6	0.0	53.9	1018.5	0.8
20170319	10.5	0.0	53.5	1019.8	1.1
20170320	8.4	4.5	84.6	1013.5	1.1
20170321	9.5	3.0	57.6	1009.9	1.8
20170322	8.0	0.0	59.9	1015.2	0.8
20170323	11.0	0.0	48.3	1013.8	0.9
20170324	9.3	0.0	68.8	1015.8	1.2
20170325	7.6	5.0	90.3	1014.5	1.0
20170326	8.2	0.0	69.8	1012.7	1.2
20170327	8.4	0.0	52.9	1014.9	2.2
20170328	9.3	0.1	58.1	1017.8	1.3
20170329	7.6	6.0	92.5	1016.9	0.7
20170330	11.3	0.0	66.5	1015.0	1.0
20170331	10.4	6.5	78.9	1012.5	1.0
20170401	9.0	1.0	85.0	1010.2	1.0
20170402	9.8	0.0	51.9	1012.8	1.1
20170403	13.6	0.0	34.5	1017.0	1.5
20170404	13.7	0.0	48.1	1018.8	1.3
20170405	14.8	67.0	84.8	1013.7	1.6
20170406	15.9	44.0	92.0	1007.2	1.6
20170407	15.3	0.0	79.4	1008.3	1.0
20170408	16.5	0.0	70.4	1005.6	1.0
20170409	15.5	0.0	64.0	1007.8	1.8
20170410	13.5	0.0	59.0	1006.0	2.1
20170411	13.7	14.0	68.3	1000.3	1.9
20170412	15.0	0.0	28.8	1008.5	2.0
20170413	15.9	0.0	37.4	1012.6	2.0
20170414	16.6	0.4	51.6	1010.0	2.4
20170415	18.7	0.5	66.4	1009.3	1.6
20170416	17.2	0.0	75.3	1009.8	0.9
20170417	15.6	11.5	90.6	995.6	1.3
20170418	15.8	0.0	64.1	995.6	2.1
20170419	15.9	0.0	36.5	1004.4	2.3
20170420	14.3	0.0	52.9	1006.4	0.9
20170421	14.9	0.0	59.9	1004.9	1.2
20170422	13.8	0.1	74.3	1008.0	1.2
20170423	14.5	0.0	69.1	1012.8	1.2
20170424	15.7	0.0	62.1	1014.9	1.3
20170425	19.2	11.5	76.8	1013.8	1.8
20170426	15.4	2.0	79.4	1009.5	1.1
20170427	14.6	0.0	36.9	1006.6	2.0
20170428	17.2	0.0	43.3	1002.7	2.0
20170429	18.6	0.0	46.4	1002.9	1.6
20170430	21.8	0.0	44.4	1004.4	2.2
20170501	19.0	0.0	53.0	1011.7	1.8
20170502	16.6	0.0	52.8	1017.2	1.3
20170503	18.2	0.0	53.3	1016.3	1.3
20170504	18.6	0.5	70.3	1011.8	1.1
20170505	17.9	13.5	96.5	1009.1	0.7
20170506	19.4	0.0	43.8	1010.1	1.5
20170507	20.9	0.0	36.4	1009.4	2.3
20170508	20.5	0.0	46.0	1008.8	1.4
20170509	14.3	24.5	94.0	1006.2	1.2
20170510	17.1	0.5	79.9	1005.5	1.3
20170511	20.7	0.0	71.1	1007.4	1.3
20170512	17.6	8.5	93.5	1005.4	0.8
20170513	19.0	0.0	75.4	1002.1	1.5
20170514	19.7	0.0	37.9	1005.1	2.4
20170515	18.5	0.0	40.6	1007.5	2.4
20170516	18.1	0.0	59.4	1005.1	1.2
20170517	18.0	0.0	66.1	1006.1	1.3
20170518	20.1	0.0	61.6	1010.3	1.2
20170519	22.6	0.0	49.1	1010.7	1.4
20170520	20.8	0.0	54.3	1010.2	1.1
20170521	20.1	0.0	62.6	1010.0	1.3
20170522	20.2	0.0	62.6	1009.2	1.2
20170523	20.0	0.0	73.6	1006.1	1.2
20170524	21.5	0.1	80.6	1002.7	1.2
20170525	23.0	0.0	55.6	1000.2	1.6
20170526	18.5	0.0	48.9	1002.2	2.0
20170527	18.4	0.0	60.4	1007.3	1.5
20170528	20.7	0.0	54.9	1008.2	1.4
20170529	27.4	0.0	37.1	1006.5	2.4
20170530	24.9	0.0	53.0	1004.2	1.0
20170531	22.0	0.2	72.6	998.7	1.6
20170601	24.1	0.0	67.6	994.2	1.6
20170602	20.5	0.0	57.1	998.8	1.7
20170603	21.8	0.0	56.1	1001.9	1.6
20170604	21.1	0.0	52.0	1005.9	1.4
20170605	20.6	0.0	57.5	1010.5	1.3
20170606	18.6	16.0	77.3	1009.5	1.1
20170607	20.3	24.0	81.6	1001.1	2.1
20170608	22.1	0.0	59.0	1004.4	1.5
20170609	23.3	0.0	57.0	1003.3	1.4
20170610	23.8	0.0	70.4	1001.9	1.9
20170611	20.1	0.5	74.9	1003.7	1.3
20170612	19.2	0.0	63.4	1009.8	1.6
20170613	19.9	0.0	69.8	1009.4	1.0
20170614	21.6	0.0	66.0	1005.3	1.4
20170615	24.6	0.0	51.5	1002.6	1.3
20170616	22.0	0.0	68.5	1005.7	1.4
20170617	21.9	0.0	62.6	1005.8	1.1
20170618	23.1	0.0	61.8	1004.8	1.1
20170619	24.2	0.0	68.0	1004.2	1.2
20170620	21.2	12.5	83.9	1000.7	1.0
20170621	23.3	0.0	75.0	1001.1	1.4
20170622	23.8	0.0	74.4	1003.4	1.1
20170623	23.6	0.0	73.6	1001.8	0.9
20170624	22.9	0.0	76.9	998.2	1.1
20170625	23.3	0.0	82.5	997.8	1.1
20170626	22.4	0.5	87.0	1002.5	1.0
20170627	23.3	0.0	77.4	1005.6	1.0
20170628	24.2	0.0	75.5	1007.3	1.1
20170629	21.6	27.0	93.5	1007.0	0.5
20170630	24.8	0.1	86.6	1004.1	0.9
20170701	26.2	0.0	83.5	1003.9	1.3
20170702	26.6	4.0	86.8	1004.6	1.4
20170703	27.0	0.0	81.3	1003.5	2.2
20170704	27.2	40.5	84.3	1001.5	1.5
20170705	25.9	21.5	91.0	1005.5	1.1
20170706	23.8	26.0	97.3	1006.2	0.6
20170707	25.8	5.0	91.1	1004.9	0.9
20170708	26.4	4.0	90.6	1003.5	0.8
20170709	27.1	3.5	87.1	1002.6	1.3
20170710	27.1	0.3	87.1	999.7	1.7
20170711	25.8	1.0	85.4	1003.4	1.5
20170712	27.4	0.0	79.1	1004.9	0.9
20170713	26.9	0.0	82.5	1003.0	0.9
20170714	27.1	6.0	86.9	1004.0	0.8
20170715	28.1	0.0	82.3	1006.3	1.1
20170716	29.0	0.0	77.0	1007.8	1.7
20170717	27.6	4.5	83.5	1007.9	1.3
20170718	27.2	1.0	83.3	1004.5	1.1
20170719	28.2	0.0	77.3	1001.8	1.1
20170720	29.0	0.0	81.0	1002.4	1.0
20170721	30.1	0.0	77.1	1004.0	1.1
20170722	30.2	0.0	74.9	1004.6	1.0
20170723	29.2	0.0	82.1	1001.0	0.9
20170724	31.3	0.0	75.5	997.8	1.4
20170725	28.2	12.5	84.6	998.4	1.3
20170726	26.3	0.0	73.5	1002.7	1.5
20170727	25.5	0.0	67.1	1003.6	1.2
20170728	27.2	0.0	75.3	1003.3	0.9
20170729	26.3	0.0	84.6	1002.8	0.8
20170730	26.8	0.0	81.8	1002.8	0.7
20170731	27.0	4.0	86.4	1004.1	0.8
20170801	27.5	0.0	84.3	1004.9	1.1
20170802	27.4	0.0	80.6	1002.8	1.1
20170803	27.7	0.0	76.4	1000.8	1.4
20170804	29.4	0.0	74.3	1000.2	1.3
20170805	30.1	0.0	71.0	997.7	1.7
20170806	31.1	0.0	66.4	994.7	1.4
20170807	31.3	0.0	62.6	993.8	1.6
20170808	29.1	0.0	69.5	994.9	1.3
20170809	27.2	14.0	88.1	991.7	0.8
20170810	29.2	0.0	71.4	994.6	1.4
20170811	27.5	34.0	80.1	1000.8	1.3
20170812	26.4	0.0	79.9	1005.4	1.1
20170813	24.6	1.5	82.1	1005.4	1.0
20170814	22.9	104.0	96.6	1000.8	1.6
20170815	23.9	3.0	95.1	999.1	0.9
20170816	27.3	0.0	81.3	999.7	0.9
20170817	26.7	0.0	80.6	1002.5	1.0
20170818	27.0	0.2	82.1	1005.8	1.2
20170819	26.3	0.5	85.8	1007.1	1.0
20170820	25.7	32.0	92.9	1004.9	1.0
20170821	27.3	20.5	87.0	1003.9	2.0
20170822	27.0	59.5	93.3	1007.8	0.9
20170823	29.4	2.0	84.3	1008.2	1.4
20170824	30.4	0.0	75.3	1003.8	2.1
20170825	28.7	0.1	74.6	1002.7	1.3
20170826	25.0	0.0	58.8	1007.7	1.2
20170827	24.1	0.0	69.0	1009.8	1.4
20170828	26.3	0.0	76.5	1006.9	1.3
20170829	27.3	1.0	75.3	1005.9	1.6
20170830	23.6	0.0	56.5	1006.6	1.3
20170831	22.7	0.0	68.6	1005.6	1.4
20170901	23.3	0.0	64.5	1006.4	1.6
20170902	21.9	0.0	67.3	1007.5	1.4
20170903	22.3	0.0	70.1	1009.9	1.3
20170904	22.7	0.0	77.1	1009.8	1.1
20170905	22.5	0.3	83.6	1006.1	1.2
20170906	21.7	79.0	97.4	1002.4	0.7
20170907	21.2	4.5	88.5	1002.2	0.9
20170908	23.4	0.0	75.9	1005.9	1.0
20170909	23.2	0.0	76.6	1007.7	1.0
20170910	23.6	0.0	76.0	1008.3	1.2
20170911	21.9	70.5	93.5	1000.5	1.2
20170912	23.6	0.0	77.3	1007.8	1.1
20170913	22.0	0.0	63.0	1012.7	1.1
20170914	22.0	0.0	69.6	1013.2	1.8
20170915	21.6	0.0	63.3	1012.0	2.5
20170916	21.9	0.0	68.3	1006.3	2.0
20170917	22.6	2.5	78.4	999.2	1.7
20170918	22.4	0.0	74.9	1003.6	1.1
20170919	24.3	0.0	70.4	1006.1	1.9
20170920	22.5	0.0	62.6	1006.7	1.5
20170921	20.0	0.0	75.6	1008.8	1.1
20170922	21.1	0.0	76.9	1007.8	1.1
20170923	20.6	0.0	77.8	1010.7	0.9
20170924	21.7	0.0	71.8	1010.6	1.2
20170925	22.6	0.0	76.5	1009.3	1.0
20170926	23.2	0.0	75.9	1007.2	1.3
20170927	20.0	13.0	90.8	1000.3	1.6
20170928	22.0	0.0	61.9	1004.8	1.6
20170929	17.7	0.0	58.6	1012.6	1.5
20170930	18.0	0.0	57.9	1017.4	1.1
20171001	17.5	70.0	85.9	1011.8	1.2
20171002	22.0	66.0	90.6	1004.1	1.0
20171003	21.8	0.0	81.4	1011.1	1.0
20171004	20.1	0.0	73.8	1016.7	1.8
20171005	18.1	4.0	75.9	1017.7	1.7
20171006	16.7	23.5	96.1	1012.7	1.3
20171007	19.7	0.0	88.6	1014.3	0.9
20171008	21.0	0.0	84.3	1017.4	1.0
20171009	21.7	0.0	83.6	1016.4	0.9
20171010	22.2	0.0	85.9	1013.4	0.8
20171011	21.7	0.0	82.5	1011.5	1.3
20171012	15.5	16.5	88.6	1013.2	1.3
20171013	15.8	0.0	63.9	1014.7	1.1
20171014	16.9	0.0	59.9	1018.0	1.3
20171015	15.9	6.5	79.9	1020.3	1.6
20171016	17.1	0.0	72.3	1019.4	1.9
20171017	17.3	0.0	74.5	1018.0	1.5
20171018	17.1	0.0	69.3	1016.4	1.7
20171019	17.0	0.0	70.9	1012.8	1.3
20171020	17.2	0.0	74.8	1012.6	1.4
20171021	17.8	0.0	66.5	1010.3	1.7
20171022	18.6	0.0	55.8	1003.8	2.7
20171023	15.8	0.0	55.0	1011.7	1.4
20171024	13.3	0.0	78.9	1018.5	1.1
20171025	13.6	0.0	72.0	1019.1	1.0
20171026	13.9	0.0	78.0	1016.0	0.9
20171027	15.0	0.0	77.0	1014.0	1.1
20171028	17.2	0.0	77.9	1013.2	1.2
20171029	15.7	0.0	57.8	1009.5	2.3
20171030	9.9	0.0	48.6	1018.5	1.3
20171031	10.9	0.0	56.0	1019.4	1.0
20171101	12.6	0.0	71.1	1016.1	0.9
20171102	13.9	0.0	75.5	1012.9	0.8
20171103	14.3	0.0	69.1	1013.9	1.3
20171104	10.1	0.0	55.0	1021.6	1.6
20171105	9.2	0.0	68.6	1022.7	1.1
20171106	11.3	0.0	75.9	1019.2	1.0
20171107	15.2	0.0	83.5	1016.2	0.6
20171108	17.0	0.0	60.9	1013.1	1.6
20171109	12.0	0.0	63.5	1018.1	1.0
20171110	14.3	0.0	71.3	1011.6	1.8
20171111	9.8	0.0	46.0	1014.5	1.2
20171112	8.9	0.0	63.6	1015.7	0.9
20171113	11.6	0.0	68.5	1012.5	1.1
20171114	13.2	0.0	49.0	1012.9	1.5
20171115	9.4	0.0	45.0	1015.8	1.9
20171116	6.9	0.0	58.8	1018.4	0.9
20171117	7.7	0.5	65.6	1014.1	0.9
20171118	6.6	0.0	42.5	1013.2	1.8
20171119	3.6	0.0	45.3	1020.3	1.1
20171120	6.2	0.0	50.3	1020.2	1.2
20171121	5.7	0.0	66.5	1020.3	0.8
20171122	8.8	0.0	62.3	1013.3	1.1
20171123	4.8	0.0	57.5	1015.9	1.7
20171124	6.3	0.0	50.5	1019.3	2.2
20171125	7.2	0.0	68.1	1021.5	1.0
20171126	12.0	0.0	63.4	1017.8	1.6
20171127	8.6	0.0	66.3	1020.0	1.0
20171128	10.9	0.0	82.0	1016.7	0.8
20171129	11.5	0.0	64.3	1016.7	0.8
20171130	7.0	0.0	34.9	1018.4	1.3
20171201	1.7	0.0	46.1	1023.8	0.9
20171202	3.1	0.0	58.3	1023.0	0.8
20171203	5.6	0.0	74.6	1018.7	0.8
20171204	4.9	0.0	59.5	1015.0	1.9
20171205	1.2	0.0	50.6	1016.2	1.3
20171206	2.7	0.0	65.1	1018.5	0.8
20171207	5.9	0.0	64.0	1015.7	1.1
20171208	1.9	0.0	44.9	1016.6	2.1
20171209	4.4	0.0	61.0	1015.1	1.2
20171210	6.2	6.0	72.9	1009.7	1.6
20171211	1.1	0.0	51.4	1016.3	2.5
20171212	-2.0	0.0	47.4	1022.1	1.2
20171213	-1.8	0.0	45.9	1023.8	0.9
20171214	-0.4	0.0	36.5	1024.4	0.8
20171215	2.9	0.0	38.6	1019.9	0.9
20171216	2.4	0.0	48.4	1019.4	2.0
20171217	-0.9	0.0	51.1	1023.8	1.4
20171218	2.9	0.0	60.9	1023.1	1.0
20171219	2.3	0.0	54.8	1023.7	1.6
20171220	0.6	0.0	57.3	1025.8	0.8
20171221	1.8	0.0	60.9	1024.5	0.8
20171222	3.3	0.0	60.5	1021.4	0.8
20171223	4.1	0.0	81.1	1018.5	0.6
20171224	7.3	22.0	74.5	1007.9	1.9
20171225	2.7	0.0	45.1	1016.2	1.9
20171226	2.9	0.0	47.6	1018.3	2.1
20171227	-0.9	0.0	38.3	1022.1	1.0
20171228	0.1	0.0	54.9	1022.9	0.7
20171229	3.8	0.0	71.1	1020.5	0.9
20171230	4.5	0.0	74.1	1018.9	0.6
20171231	5.1	0.2	47.9	1016.8	2.1
20180101	2.3	0.0	51.3	1021.4	1.0
20180102	3.1	0.0	59.8	1022.1	1.1
20180103	2.1	0.0	42.4	1022.5	1.0
20180104	1.6	0.0	43.8	1019.5	0.6
20180105	3.3	0.0	45.3	1013.5	1.2
20180106	2.5	0.0	48.9	1016.5	1.2
20180107	2.1	2.0	57.5	1015.8	0.9
20180108	4.4	2.0	81.8	1005.2	1.4
20180109	1.4	0.0	61.4	1008.7	2.7
20180110	-0.9	0.1	66.4	1012.4	1.8
20180111	-4.0	0.0	52.8	1020.1	1.7
20180112	-4.4	0.0	50.1	1024.2	1.5
20180113	0.2	0.0	60.3	1026.3	1.2
20180114	1.1	0.0	74.0	1024.5	0.7
20180115	6.9	0.0	66.0	1018.6	1.1
20180116	5.7	20.0	89.0	1012.0	0.7
20180117	5.2	5.0	93.9	1011.5	0.7
20180118	4.8	0.0	81.3	1016.3	0.7
20180119	3.7	0.0	56.8	1016.9	1.0
20180120	2.8	0.0	51.0	1016.7	0.8
20180121	4.0	0.0	54.0	1016.8	0.9
20180122	5.9	0.0	58.3	1010.4	1.3
20180123	-1.9	0.0	45.1	1015.6	2.3
20180124	-5.6	0.0	41.1	1020.0	1.5
20180125	-5.0	0.0	36.3	1020.1	1.1
20180126	-5.9	0.0	40.4	1019.8	1.2
20180127	-3.3	0.0	39.6	1020.6	0.7
20180128	1.2	0.0	41.5	1014.4	1.4
20180129	-2.3	0.0	44.1	1016.3	1.9
20180130	-2.7	0.0	50.4	1020.4	0.8
20180131	0.5	0.0	56.0	1021.4	0.7
20180201	0.9	0.0	45.4	1021.4	1.0
20180202	0.6	0.0	36.4	1021.0	0.8
20180203	-1.9	0.0	43.6	1020.5	2.0
20180204	-4.2	0.0	38.9	1021.0	1.8
20180205	-3.8	0.0	43.3	1019.7	1.8
20180206	-4.9	0.0	42.5	1018.8	1.5
20180207	-3.0	0.0	44.0	1019.3	1.0
20180208	-0.8	0.0	42.6	1018.9	0.8
20180209	4.9	0.0	54.1	1016.8	1.0
20180210	4.7	0.0	44.5	1014.3	1.7
20180211	-0.7	0.0	51.5	1017.2	1.9
20180212	-1.1	0.0	55.9	1016.9	2.1
20180213	1.7	0.0	49.5	1018.5	1.6
20180214	8.5	0.0	65.5	1013.3	1.9
20180215	6.8	0.0	44.6	1013.4	1.0
20180216	5.0	0.0	29.9	1011.1	1.3
20180217	3.7	0.0	26.5	1016.5	1.2
20180218	3.9	0.0	31.1	1018.9	0.8
20180219	5.8	0.0	40.0	1016.8	0.7
20180220	6.3	0.0	44.3	1015.5	0.8
20180221	4.2	0.0	29.3	1016.1	1.0
20180222	2.6	0.0	35.6	1017.2	1.1
20180223	6.4	0.0	59.9	1018.3	1.3
20180224	8.1	0.0	55.3	1020.9	1.1
20180225	7.5	0.0	64.3	1017.9	0.9
20180226	6.8	0.0	49.0	1018.6	1.3
20180227	7.3	0.0	67.8	1018.0	0.9
20180228	6.8	49.0	86.4	1001.6	1.1
20180301	5.8	0.0	47.6	1004.5	3.2
20180302	3.0	0.0	54.8	1012.0	0.9
20180303	7.1	0.0	74.6	1010.2	0.7
20180304	10.3	37.0	97.1	1008.5	0.5
20180305	7.9	9.0	87.8	1009.6	1.5
20180306	6.1	0.0	67.4	1023.4	1.2
20180307	5.5	8.5	77.4	1021.3	1.8
20180308	4.9	47.0	89.4	1011.2	1.2
20180309	5.3	0.0	76.9	1017.7	0.7
20180310	8.2	0.0	64.3	1018.2	0.9
20180311	7.4	0.0	58.3	1019.5	1.0
20180312	8.7	0.0	75.9	1017.8	1.0
20180313	12.7	0.0	76.9	1015.6	1.2
20180314	15.1	0.0	76.3	1015.6	1.3
20180315	15.9	109.0	93.0	1009.1	1.6
20180316	7.3	3.5	77.0	1017.7	1.6
20180317	5.2	0.0	68.5	1022.5	1.1
20180318	8.0	13.5	87.5	1016.1	0.7
20180319	9.6	51.0	95.3	1008.8	1.6
20180320	6.2	4.0	66.8	1014.5	2.3
20180321	2.5	11.5	87.5	1008.6	2.1
20180322	6.5	0.0	65.6	1008.5	1.1
20180323	7.3	0.0	63.9	1013.2	0.8
20180324	11.4	0.0	54.6	1016.7	1.4
20180325	13.6	0.0	59.6	1018.3	1.4
20180326	14.3	0.0	55.3	1015.6	1.3
20180327	14.8	0.0	56.1	1013.1	1.6
20180328	15.7	0.0	59.3	1012.2	1.4
20180329	15.0	0.0	70.8	1014.5	1.0
20180330	12.7	0.0	63.3	1019.1	1.4
20180331	13.4	0.0	51.5	1015.7	1.0
20180401	16.4	0.0	67.5	1012.2	1.1
20180402	16.8	0.0	83.9	1011.7	1.1
20180403	17.6	0.0	82.9	1012.5	1.5
20180404	14.8	22.5	92.4	1012.8	1.3
20180405	10.1	2.5	92.0	1011.7	1.1
20180406	10.5	25.0	62.6	1005.5	2.5
20180407	6.0	0.0	46.1	1010.5	2.8
20180408	9.4	0.0	55.6	1012.0	1.9
20180409	13.8	0.0	54.9	1012.1	1.4
20180410	15.0	0.0	72.6	1010.4	1.9
20180411	19.0	0.0	47.0	1005.3	2.3
20180412	14.7	0.0	34.5	1012.4	1.1
20180413	13.7	0.0	42.8	1017.4	2.2
20180414	10.4	46.5	85.8	1002.6	1.2
20180415	13.1	0.0	52.0	1006.4	2.1
20180416	11.8	0.0	62.6	1014.2	1.0
20180417	13.1	0.0	70.3	1014.4	1.3
20180418	13.7	0.0	67.5	1011.9	1.2
20180419	15.6	0.0	56.3	1011.7	1.1
20180420	17.6	0.0	50.8	1014.6	1.0
20180421	17.5	0.0	65.4	1014.2	0.9
20180422	17.3	0.1	81.9	1013.3	1.0
20180423	12.0	69.5	97.4	1010.2	1.6
20180424	12.8	15.0	89.6	1004.2	1.7
20180425	14.4	0.0	49.8	1008.0	1.3
20180426	15.7	0.0	63.4	1008.6	1.0
20180427	17.3	0.0	57.8	1008.9	1.4
20180428	17.0	0.0	70.5	1011.3	1.2
20180429	15.8	0.0	72.4	1009.0	1.2
20180430	18.3	0.0	74.3	1010.3	1.1
20180501	17.2	1.0	85.8	1009.6	0.5
20180502	17.1	6.5	88.1	1000.8	1.2
20180503	14.0	0.1	49.1	1005.1	3.1
20180504	16.2	0.0	41.1	1010.2	2.1
20180505	18.2	0.0	52.5	1012.2	1.7
20180506	17.7	74.0	91.3	1002.6	1.7
20180507	16.2	28.5	94.8	1001.4	1.0
20180508	15.7	0.0	73.9	1008.2	1.6
20180509	14.5	0.0	67.5	1016.3	1.6
20180510	16.3	0.0	68.6	1017.4	0.9
20180511	16.6	0.0	65.9	1013.4	1.1
20180512	18.3	14.0	80.9	1007.3	1.8
20180513	20.8	11.5	71.6	1002.2	1.8
20180514	20.3	0.0	64.3	1006.4	1.1
20180515	21.6	0.0	73.1	1006.5	1.1
20180516	22.1	4.0	95.5	1003.8	1.8
20180517	22.3	2.0	93.8	1001.7	2.2
20180518	21.2	1.5	88.9	1000.6	1.4
20180519	15.8	0.5	70.6	1010.4	2.0
20180520	16.5	0.0	62.0	1012.9	2.5
20180521	17.6	0.0	68.4	1012.6	1.6
20180522	18.6	11.0	76.0	1007.7	1.2
20180523	20.1	27.5	70.5	1001.3	1.2
20180524	20.7	0.0	54.0	1004.8	1.4
20180525	20.7	0.0	48.0	1003.0	1.2
20180526	20.7	0.0	59.1	1004.2	1.1
20180527	20.8	0.0	70.1	1005.6	1.0
20180528	19.1	6.0	92.1	1005.7	0.6
20180529	21.4	0.1	84.0	1006.4	1.0
20180530	23.0	0.2	77.8	1004.9	1.3
20180531	20.8	0.0	52.3	1005.9	1.3
20180601	21.9	0.0	61.8	1009.3	1.1
20180602	23.8	0.0	59.8	1009.4	1.1
20180603	22.3	0.0	68.0	1008.2	1.1
20180604	22.7	0.0	66.1	1008.0	1.2
20180605	19.6	8.5	86.9	1007.4	0.6
20180606	22.1	0.0	75.0	1006.7	1.1
20180607	23.3	0.0	75.3	1006.0	1.0
20180608	23.5	0.0	75.0	1002.4	1.1
20180609	22.7	0.0	67.3	1002.1	2.1
20180610	19.5	6.5	81.9	999.1	1.6
20180611	18.3	25.5	87.6	996.0	1.4
20180612	19.4	0.0	82.4	998.6	1.3
20180613	20.3	0.0	79.0	1002.9	1.1
20180614	20.4	0.0	74.5	1003.3	1.5
20180615	20.5	0.0	66.8	1005.5	1.9
20180616	19.7	0.0	67.8	1007.7	1.6
20180617	20.9	0.0	74.0	1005.3	0.9
20180618	23.2	0.0	70.8	1002.1	1.1
20180619	22.0	6.5	85.9	1000.0	0.7
20180620	23.3	0.1	76.9	998.1	1.0
20180621	24.6	0.0	60.5	1001.1	1.2
20180622	23.8	0.0	57.6	1003.5	1.1
20180623	24.1	0.1	66.3	1000.0	1.4
20180624	25.9	0.0	67.4	1002.5	1.2
20180625	25.0	0.0	69.4	1006.1	1.1
20180626	24.8	0.3	86.5	1002.9	2.0
20180627	25.6	22.5	83.6	998.7	2.6
20180628	22.6	179.5	96.3	996.3	1.2
20180629	24.1	7.5	89.8	999.2	1.2
20180630	21.2	75.0	97.9	1006.4	0.6
20180701	24.5	66.5	88.5	1005.0	1.9
20180702	25.6	55.0	88.8	1002.9	1.7
20180703	23.9	40.5	90.8	991.4	2.3
20180704	27.3	0.0	76.6	993.2	1.3
20180705	24.0	3.5	91.5	998.2	0.7
20180706	21.9	4.0	90.0	1001.4	1.6
20180707	21.9	0.0	73.4	1004.9	2.1
20180708	21.3	0.0	77.9	1007.7	1.4
20180709	19.8	28.5	98.3	1010.8	1.2
20180710	23.9	0.0	88.8	1010.8	0.8
20180711	26.6	0.0	81.9	1010.9	0.9
20180712	27.2	0.0	83.0	1008.8	1.0
20180713	28.0	0.0	81.8	1007.2	1.0
20180714	28.2	0.0	81.0	1005.9	0.9
20180715	28.5	0.0	77.8	1006.6	1.0
20180716	28.3	0.0	72.1	1007.2	1.0
20180717	28.1	0.0	75.0	1006.9	0.9
20180718	27.7	0.0	76.4	1006.4	1.1
20180719	28.7	0.0	72.4	1005.4	1.0
20180720	29.0	0.0	70.4	1004.1	1.0
20180721	29.6	0.0	73.5	1004.0	1.1
20180722	28.6	0.0	75.5	1004.6	1.1
20180723	28.6	0.0	76.6	1004.4	1.1
20180724	28.7	0.0	78.6	1003.4	1.2
20180725	29.9	0.0	73.4	1002.5	1.1
20180726	30.8	0.0	67.4	1001.8	1.0
20180727	30.8	1.5	72.4	1001.4	1.0
20180728	28.6	1.5	84.0	1000.4	0.9
20180729	30.1	0.0	69.8	996.8	1.1
20180730	29.5	0.0	70.0	998.2	2.1
20180731	29.2	0.0	68.3	999.0	1.4
20180801	29.5	0.0	67.6	998.7	1.6
20180802	29.6	0.0	70.3	1001.1	1.5
20180803	28.8	0.0	76.8	1003.7	1.2
20180804	29.6	0.0	77.6	1003.2	1.3
20180805	30.5	0.0	71.1	1001.5	1.0
20180806	30.7	0.0	69.9	1001.2	1.2
20180807	28.7	0.0	80.1	1002.6	1.0
20180808	28.4	0.0	78.9	1001.7	1.2
20180809	29.3	1.0	79.5	999.5	1.0
20180810	28.0	1.0	83.8	998.8	1.0
20180811	28.1	0.0	77.8	1000.3	1.5
20180812	28.1	0.1	76.8	1002.8	1.2
20180813	29.6	0.0	71.3	1005.8	1.2
20180814	29.7	0.0	71.6	1004.9	1.0
20180815	29.3	0.0	73.6	1002.1	1.5
20180816	27.7	0.0	79.1	1003.9	1.9
20180817	25.9	0.0	60.1	1006.8	2.6
20180818	24.8	0.0	67.5	1006.2	1.7
20180819	24.9	0.0	67.6	1005.6	1.3
20180820	25.9	0.0	74.6	1002.9	1.3
20180821	28.0	0.0	65.5	999.3	1.1
20180822	29.1	0.0	72.8	998.9	2.7
20180823	26.5	27.0	88.3	992.0	3.4
20180824	27.8	5.5	76.4	994.6	2.9
20180825	25.1	9.0	87.6	1004.9	0.7
20180826	27.3	61.5	87.1	1006.0	2.1
20180827	27.1	9.5	86.3	1007.2	1.8
20180828	27.7	0.0	79.0	1007.8	1.3
20180829	26.9	4.5	84.4	1006.5	1.2
20180830	28.5	0.5	76.8	1005.8	2.1
20180831	26.1	55.0	84.0	1005.6	1.5
20180901	22.1	90.0	90.4	1006.5	1.1
20180902	21.4	22.5	90.1	1005.0	1.1
20180903	24.5	33.5	91.8	998.3	1.6
20180904	25.2	19.0	69.1	992.5	2.2
20180905	24.5	0.0	66.1	999.3	1.8
20180906	23.4	0.0	79.8	1001.7	1.0
20180907	21.8	13.5	81.1	1001.8	1.2
20180908	19.8	0.0	74.9	1007.7	1.1
20180909	21.5	0.0	73.6	1010.1	1.1
20180910	22.1	0.0	66.6	1014.6	1.4
20180911	21.3	0.0	65.3	1014.7	1.9
20180912	22.5	0.0	74.4	1012.3	1.2
20180913	21.1	14.5	91.6	1011.6	1.1
20180914	21.7	75.0	96.3	1009.3	1.2
20180915	22.1	14.5	97.8	1009.3	0.7
20180916	24.6	0.0	83.4	1009.7	0.8
20180917	23.3	0.0	81.6	1011.4	0.7
20180918	23.4	0.0	78.8	1010.6	0.9
20180919	21.3	4.5	81.4	1008.8	0.8
20180920	20.8	33.5	96.8	1004.5	1.0
20180921	20.0	25.0	94.6	1004.1	1.0
20180922	21.1	0.0	77.0	1009.9	0.9
20180923	21.1	0.0	72.4	1011.0	1.2
20180924	18.4	0.0	72.9	1013.1	1.0
20180925	18.4	0.0	68.4	1012.8	1.5
20180926	19.9	0.0	66.3	1012.7	1.9
20180927	19.1	0.0	66.9	1012.5	1.4
20180928	19.1	0.0	71.9	1012.6	1.5
20180929	18.7	1.0	82.3	1007.6	1.4
20180930	21.3	0.0	57.4	999.0	2.7
20181001	18.7	0.0	56.6	1004.5	2.4
20181002	17.7	0.0	66.4	1011.7	1.3
20181003	17.1	0.0	67.6	1016.0	1.2
20181004	19.0	1.0	73.1	1017.1	1.9
20181005	18.5	80.0	95.1	1008.7	2.1
20181006	21.6	225.5	84.0	994.1	3.5
20181007	19.2	0.0	76.1	1010.3	0.9
20181008	16.8	0.0	58.3	1013.0	1.3
20181009	15.9	0.0	73.3	1011.7	1.1
20181010	15.9	0.0	63.1	1011.1	1.6
20181011	12.8	0.0	56.5	1016.7	1.5
20181012	12.2	0.0	65.8	1020.0	1.1
20181013	14.0	0.0	71.6	1019.3	1.1
20181014	15.6	0.0	74.3	1016.8	1.0
20181015	16.1	0.0	67.1	1014.4	1.1
20181016	14.2	0.0	73.9	1010.9	1.0
20181017	14.5	0.0	66.5	1010.1	1.0
20181018	14.1	0.0	61.1	1012.9	1.2
20181019	14.1	0.0	64.1	1018.2	1.1
20181020	13.7	0.0	60.6	1019.9	1.1
20181021	13.6	0.0	64.4	1018.0	1.1
20181022	14.8	0.0	72.8	1015.1	0.8
20181023	16.6	0.0	68.8	1012.4	1.2
20181024	14.1	0.0	65.6	1014.7	1.1
20181025	14.0	0.0	69.6	1015.4	1.0
20181026	15.1	9.0	77.1	1008.0	1.5
20181027	13.1	0.0	56.9	1010.3	2.5
20181028	14.4	0.3	59.6	1007.5	1.9
20181029	14.3	0.0	60.9	1009.0	1.9
20181030	10.7	0.0	56.6	1015.0	1.5
20181031	10.3	0.0	64.4	1017.1	1.1
20181101	10.2	0.0	61.8	1020.1	1.1
20181102	10.6	0.0	57.1	1022.3	1.0
20181103	11.5	0.0	57.4	1020.0	0.9
20181104	12.0	0.0	66.5	1016.5	0.9
20181105	12.6	0.0	71.1	1017.3	0.8
20181106	13.4	0.0	76.8	1019.5	0.9
20181107	14.8	0.4	81.8	1018.5	0.9
20181108	15.6	26.5	90.3	1010.1	1.3
20181109	14.1	0.0	63.4	1013.8	2.1
20181110	12.1	0.0	71.4	1019.3	0.9
20181111	12.0	2.0	83.0	1016.1	0.8
20181112	12.1	7.5	80.9	1012.4	1.0
20181113	11.7	0.1	77.6	1013.1	0.9
20181114	11.2	0.0	74.4	1017.3	0.9
20181115	11.2	0.0	77.3	1019.2	0.9
20181116	10.9	1.5	89.3	1015.8	0.6
20181117	10.2	0.0	66.0	1015.9	1.0
20181118	8.5	0.0	59.0	1014.9	0.8
20181119	9.5	0.0	56.6	1016.6	0.9
20181120	8.9	0.0	52.9	1019.6	0.9
20181121	8.6	0.0	61.5	1017.2	0.7
20181122	7.7	0.0	45.6	1018.8	1.5
20181123	5.3	0.0	58.1	1022.6	0.9
20181124	5.3	4.5	84.3	1019.6	0.8
20181125	7.8	0.0	92.0	1018.7	0.7
20181126	8.5	0.0	80.4	1019.2	0.8
20181127	10.9	0.0	72.6	1016.8	0.8
20181128	9.7	0.0	51.8	1016.8	1.1
20181129	8.5	0.0	49.3	1020.0	0.8
20181130	9.4	0.0	55.9	1020.1	0.9
20181201	8.0	0.0	60.9	1021.2	1.1
20181202	11.3	0.0	70.0	1018.6	0.9
20181203	13.8	22.5	94.9	1012.2	0.7
20181204	13.4	14.5	83.1	1010.9	1.0
20181205	7.9	0.0	51.8	1018.3	1.1
20181206	6.4	6.5	81.0	1015.2	0.8
20181207	1.5	0.0	45.9	1023.0	2.3
20181208	-1.1	0.0	54.4	1026.1	0.9
20181209	-0.2	0.0	44.0	1028.3	1.1
20181210	1.3	0.0	41.0	1026.6	1.1
20181211	4.0	2.0	81.5	1020.6	0.8
20181212	2.3	0.0	64.8	1021.7	1.0
20181213	3.0	0.0	57.3	1023.2	1.4
20181214	0.6	0.0	56.0	1027.3	0.9
20181215	1.0	0.0	46.3	1025.7	0.9
20181216	2.0	2.0	83.9	1015.1	0.5
20181217	6.0	0.0	60.9	1013.1	1.8
20181218	5.8	0.0	53.1	1016.3	1.5
20181219	8.1	0.0	69.5	1016.1	0.9
20181220	7.9	0.0	72.5	1016.9	0.7
20181221	8.6	0.0	70.6	1017.1	1.0
20181222	9.7	0.1	71.4	1016.4	0.8
20181223	8.4	3.0	61.4	1016.4	1.2
20181224	2.2	0.0	51.9	1020.1	0.9
20181225	2.8	0.0	51.0	1018.3	0.8
20181226	6.1	0.0	45.0	1016.5	0.7
20181227	0.3	0.0	30.4	1019.2	1.5
20181228	-2.5	0.0	40.8	1023.5	1.4
20181229	-1.5	0.0	41.3	1027.1	1.6
20181230	-1.2	0.0	47.8	1029.4	0.9
20181231	0.9	0.0	34.0	1029.1	0.8
20190101	0.9	0.0	54.6	1026.2	1.4
20190102	0.4	0.0	56.4	1026.9	1.0
20190103	0.4	0.0	48.8	1027.8	0.8
20190104	2.5	0.0	49.1	1023.9	0.7
20190105	3.7	0.0	53.4	1018.7	0.7
20190106	2.4	0.0	31.6	1020.9	0.8
20190107	2.6	0.0	43.3	1020.9	0.7
20190108	2.1	0.0	50.5	1020.6	1.3
20190109	0.5	0.0	44.6	1025.6	1.0
20190110	3.4	0.0	56.4	1019.1	1.1
20190111	3.8	0.2	63.3	1018.8	0.9
20190112	4.7	4.5	89.5	1016.0	0.7
20190113	4.4	0.0	70.9	1018.2	0.9
20190114	4.2	0.0	56.8	1018.9	0.9
20190115	4.7	0.0	52.5	1016.7	1.9
20190116	-0.6	0.0	42.1	1019.3	1.0
20190117	2.0	0.0	55.0	1018.1	1.6
20190118	2.3	0.0	55.0	1021.2	0.8
20190119	5.1	0.4	70.6	1016.5	0.5
20190120	4.4	0.0	51.8	1014.3	1.7
20190121	3.3	0.0	47.4	1016.1	1.4
20190122	5.7	0.0	50.8	1014.2	1.6
20190123	6.7	0.0	49.0	1014.0	2.2
20190124	3.0	0.0	42.6	1017.7	0.9
20190125	2.6	0.0	41.8	1016.8	1.5
20190126	0.2	0.0	37.4	1020.4	1.2
20190127	1.8	0.0	44.3	1021.2	0.9
20190128	4.7	0.0	48.6	1016.2	1.9
20190129	1.7	0.0	51.3	1021.4	0.9
20190130	5.6	0.0	54.5	1018.2	0.5
20190131	1.6	14.0	76.3	1013.4	1.0
20190201	0.3	0.0	63.1	1018.1	1.6
20190202	4.6	0.0	67.0	1017.4	1.1
20190203	8.8	15.5	85.0	1007.8	1.7
20190204	5.1	0.0	47.8	1018.1	1.2
20190205	4.6	0.0	38.6	1016.4	0.9
20190206	7.4	0.0	56.3	1011.0	1.0
20190207	6.9	0.0	52.4	1012.5	1.4
20190208	2.4	0.0	36.1	1017.2	0.9
20190209	2.4	0.0	32.3	1019.0	1.4
20190210	2.4	0.0	44.8	1022.0	0.9
20190211	1.5	0.0	42.9	1023.8	1.4
20190212	2.7	0.0	44.1	1027.0	0.9
20190213	3.6	0.0	44.6	1024.6	1.0
20190214	3.3	0.0	47.8	1024.3	0.9
20190215	5.5	0.3	57.0	1016.9	1.5
20190216	2.8	0.0	50.0	1016.2	2.4
20190217	1.6	0.0	48.4	1018.9	0.9
20190218	4.1	0.1	45.4	1019.1	0.6
20190219	5.4	42.4	86.9	1011.8	1.1
20190220	5.5	0.0	63.0	1018.1	1.3
20190221	5.3	0.0	59.1	1020.0	0.9
20190222	6.8	0.0	60.6	1014.8	0.7
20190223	7.2	0.0	63.3	1017.5	1.1
20190224	7.5	0.0	66.0	1017.1	1.0
20190225	9.1	0.0	51.0	1014.2	1.0
20190226	8.3	0.0	53.6	1017.0	0.8
20190227	8.5	1.0	75.4	1015.6	0.7
20190228	9.7	0.0	60.8	1012.3	0.9
20190301	8.6	0.0	47.9	1015.2	1.0
20190302	9.5	0.0	54.3	1013.3	1.2
20190303	10.7	0.2	62.4	1006.9	0.9
20190304	11.0	0.0	54.9	1008.1	1.0
20190305	10.1	0.0	60.8	1015.0	0.7
20190306	9.4	3.5	73.6	1009.9	0.8
20190307	8.8	0.0	56.5	1012.9	1.1
20190308	8.2	0.0	56.9	1019.2	1.2
20190309	9.5	0.1	65.0	1016.4	1.0
20190310	7.7	28.0	90.4	1007.0	1.7
20190311	8.2	2.0	74.4	1004.3	1.4
20190312	8.5	0.0	59.9	1006.6	2.4
20190313	6.4	0.0	32.1	1015.4	2.5
20190314	8.1	0.0	37.9	1018.4	1.7
20190315	7.9	2.0	60.6	1013.4	1.8
20190316	8.1	0.0	57.1	1014.9	1.7
20190317	9.1	0.0	57.1	1017.0	1.2
20190318	9.6	0.0	64.1	1014.7	0.9
20190319	12.5	0.0	57.5	1010.9	0.9
20190320	13.3	42.0	73.8	1006.8	1.4
20190321	13.0	0.4	66.4	1001.7	3.2
20190322	8.7	0.0	52.5	1011.4	1.3
20190323	7.1	0.5	38.6	1015.3	2.1
20190324	6.3	0.0	47.6	1016.1	1.4
20190325	8.3	0.0	52.1	1013.1	1.2
20190326	14.6	0.0	38.9	1012.4	2.1
20190327	15.0	0.0	47.6	1009.9	1.9
20190328	14.0	0.0	69.3	1007.4	1.4
20190329	13.0	0.0	74.5	1007.4	1.0
20190330	11.6	0.5	46.9	1007.3	2.5
20190331	7.3	0.0	33.6	1014.4	3.1
20190401	8.5	0.0	36.8	1017.1	2.2
20190402	9.7	0.0	42.1	1016.8	1.8
20190403	9.2	0.0	33.9	1017.6	1.9
20190404	11.7	0.0	33.9	1013.0	1.6
20190405	15.3	0.0	39.9	1005.3	2.5
20190406	14.1	0.0	38.5	1006.3	1.4
20190407	13.6	21.0	83.8	1004.7	0.8
20190408	14.6	0.0	68.3	1008.9	1.3
20190409	10.5	26.0	68.0	1010.5	2.2
20190410	8.9	13.0	80.1	1005.2	1.8
20190411	10.1	0.0	73.4	1009.9	1.0
20190412	12.1	0.0	61.1	1012.8	1.1
20190413	13.0	0.0	55.3	1014.9	1.2
20190414	13.0	0.2	54.6	1010.3	1.6
20190415	12.3	0.0	48.1	1013.3	1.0
20190416	14.1	0.0	46.4	1012.3	1.0
20190417	15.1	1.0	68.3	1007.9	1.0
20190418	16.8	0.0	61.4	1007.0	1.7
20190419	14.7	0.0	70.4	1011.3	1.4
20190420	14.5	0.0	70.0	1009.8	1.0
20190421	17.5	0.0	71.5	1007.4	0.8
20190422	18.0	0.0	68.6	1010.5	1.2
20190423	15.0	14.5	86.4	1008.3	0.6
20190424	17.6	8.5	91.6	1001.3	0.9
20190425	15.5	2.0	91.3	1002.8	0.7
20190426	12.9	0.1	74.3	1006.2	1.7
20190427	12.6	0.0	64.6	1016.1	1.3
20190428	12.9	0.5	70.0	1015.4	1.0
20190429	11.9	43.5	91.5	1008.3	1.3
20190430	15.5	0.1	85.0	1003.4	1.0
20190501	17.3	0.0	68.8	1000.7	1.3
20190502	17.9	0.0	46.1	1006.2	1.4
20190503	17.7	0.0	43.3	1011.4	1.3
20190504	18.4	0.0	46.1	1012.7	1.0
20190505	20.2	0.0	42.4	1011.1	1.5
20190506	17.1	0.0	56.1	1009.3	1.4
20190507	15.6	0.0	51.5	1011.3	1.4
20190508	16.5	0.0	42.9	1008.1	1.4
20190509	17.5	0.0	37.0	1005.1	1.0
20190510	18.6	0.0	42.8	1007.4	1.2
20190511	18.8	0.0	47.6	1008.6	1.0
20190512	19.9	0.0	39.8	1010.5	1.3
20190513	18.6	0.0	64.6	1010.2	1.2
20190514	20.9	0.0	68.8	1007.9	1.3
20190515	21.4	0.0	61.9	1007.9	1.2
20190516	21.1	0.0	59.4	1007.5	1.2
20190517	20.5	5.0	71.6	1007.6	1.1
20190518	17.5	70.5	94.8	1006.4	1.8
20190519	18.8	19.0	95.9	1004.7	1.2
20190520	18.0	0.1	61.3	1000.7	2.4
20190521	18.0	0.0	47.4	1002.6	1.6
20190522	20.6	0.0	46.3	1002.5	1.4
20190523	22.4	0.0	55.8	1004.3	1.5
20190524	24.4	0.0	53.8	1007.0	1.3
20190525	25.8	0.0	35.5	1010.1	2.0
20190526	22.1	0.2	62.8	1010.9	1.5
20190527	20.2	109.0	88.1	1002.3	2.8
20190528	19.9	0.0	48.5	1005.0	1.6
20190529	22.7	0.0	40.5	1005.3	1.7
20190530	22.7	0.0	43.6	1006.1	1.4
20190531	17.2	4.0	74.3	1006.1	1.3
20190601	19.7	0.0	64.0	1005.1	1.1
20190602	20.9	0.0	65.4	1002.4	1.0
20190603	22.1	0.0	63.3	1003.2	1.2
20190604	23.1	0.0	69.8	1004.0	1.2
20190605	24.1	0.0	62.5	1006.3	1.2
20190606	21.3	55.0	82.9	1004.8	1.3
20190607	19.1	27.0	94.1	996.8	1.1
20190608	20.3	0.1	81.6	1003.4	0.9
20190609	20.4	0.0	72.8	1001.1	1.0
20190610	19.7	0.0	70.0	1001.7	1.3
20190611	19.4	0.0	73.0	1004.0	1.2
20190612	20.2	0.0	73.6	1005.7	1.2
20190613	20.8	0.0	70.4	1005.3	1.0
20190614	19.6	13.0	84.5	1000.3	0.8
20190615	22.4	0.1	68.4	994.5	1.7
20190616	21.0	0.0	71.1	1002.3	1.4
20190617	21.9	0.0	75.6	1007.4	1.3
20190618	22.4	0.0	73.8	1005.5	1.1
20190619	22.6	0.4	80.1	1001.7	0.9
20190620	24.5	0.0	72.4	1001.5	1.1
20190621	24.4	0.0	69.9	999.9	1.2
20190622	22.8	0.2	72.5	1001.4	1.2
20190623	21.6	0.3	72.8	1003.4	1.4
20190624	22.4	0.0	73.8	1008.2	1.2
20190625	22.8	0.0	74.8	1009.7	1.2
20190626	19.7	179.5	92.5	1004.0	1.1
20190627	24.7	64.5	89.8	995.6	1.3
20190628	23.9	0.0	84.0	997.6	1.4
20190629	20.8	101.5	96.0	993.3	0.8
20190630	24.9	0.5	84.8	995.8	0.8
20190701	24.4	0.4	83.6	1000.7	0.9
20190702	24.6	0.0	77.9	1003.5	1.2
20190703	23.0	0.0	83.1	1002.6	0.9
20190704	25.0	0.0	69.5	1001.1	1.0
20190705	24.7	0.0	70.5	998.2	0.9
20190706	24.5	0.0	66.6	999.1	1.6
20190707	23.4	0.0	69.5	1002.3	1.7
20190708	23.0	1.5	72.8	1001.9	1.4
20190709	23.7	0.0	68.6	1001.1	1.7
20190710	20.9	54.0	90.8	999.2	1.5
20190711	24.1	2.5	79.5	998.9	1.8
20190712	24.6	0.0	72.8	1001.3	1.2
20190713	22.5	0.5	86.9	997.2	0.5
20190714	23.9	0.0	79.9	997.9	1.0
20190715	24.0	0.0	75.6	1002.9	1.0
20190716	24.4	0.0	79.8	1006.2	1.0
20190717	24.4	17.0	79.9	1007.0	1.1
20190718	22.6	19.0	93.9	1004.9	0.7
20190719	23.8	95.5	97.3	1001.8	1.5
20190720	24.5	185.0	92.1	994.6	3.9
20190721	26.2	62.5	84.0	1000.1	2.1
20190722	27.1	0.0	83.4	1002.1	1.1
20190723	27.6	0.0	82.8	1001.3	1.2
20190724	26.2	0.0	88.6	1001.1	1.0
20190725	26.9	0.3	89.4	1001.7	1.0
20190726	26.7	0.2	90.5	1000.9	1.4
20190727	27.2	0.5	88.8	1002.2	1.2
20190728	27.8	0.0	83.0	1005.8	1.8
20190729	28.2	0.0	80.5	1006.1	1.2
20190730	28.7	0.0	80.4	1005.0	1.6
20190731	29.0	0.0	78.4	1006.2	1.6
20190801	28.4	0.0	78.6	1007.1	1.2
20190802	29.0	0.0	76.8	1006.5	1.0
20190803	28.9	0.0	75.3	1006.1	1.1
20190804	28.8	0.0	73.5	1005.7	1.0
20190805	29.1	0.0	74.0	1004.2	1.0
20190806	27.1	3.0	78.1	1000.4	1.5
20190807	28.4	0.0	76.8	1001.8	1.6
20190808	28.7	0.0	75.3	1003.6	1.0
20190809	28.2	0.0	76.1	1002.5	0.9
20190810	28.2	0.0	77.1	1001.2	1.3
20190811	28.9	0.1	73.9	998.2	2.1
20190812	27.9	2.5	84.6	997.4	1.9
20190813	29.4	0.0	76.0	997.4	1.1
20190814	29.6	1.0	73.6	993.1	1.4
20190815	28.8	0.5	74.1	985.4	2.0
20190816	28.5	0.0	70.4	991.7	2.0
20190817	27.8	0.0	68.9	998.1	1.6
20190818	27.9	0.0	66.4	1001.3	1.1
20190819	26.5	0.0	72.4	1004.0	0.9
20190820	26.8	0.0	77.8	1004.6	1.3
20190821	26.1	18.0	86.0	1004.0	0.9
20190822	27.9	25.5	80.3	1001.2	2.1
20190823	26.0	0.0	71.8	1003.9	1.5
20190824	24.3	0.0	73.0	1006.0	1.1
20190825	23.7	0.0	80.1	1008.2	0.9
20190826	24.1	1.0	78.5	1007.6	1.0
20190827	22.9	19.0	96.9	1002.7	0.7
20190828	23.8	3.0	92.0	1002.2	0.8
20190829	22.3	3.5	91.4	1002.5	0.9
20190830	24.7	0.0	66.3	1004.4	1.7
20190831	23.9	0.0	73.9	1008.8	1.1
20190901	22.4	1.0	85.6	1012.1	0.9
20190902	20.8	62.0	96.0	1011.7	1.1
20190903	22.2	63.5	97.0	1010.3	0.8
20190904	23.7	4.0	97.4	1008.5	0.5
20190905	25.6	0.1	87.9	1007.1	0.9
20190906	26.0	10.5	87.0	1002.9	1.3
20190907	25.7	26.0	84.4	997.9	3.1
20190908	24.5	0.3	89.6	1003.5	0.7
20190909	26.3	4.5	85.6	1004.8	1.5
20190910	26.9	0.0	79.3	1008.1	1.2
20190911	26.0	0.4	84.6	1009.3	1.0
20190912	21.4	0.5	85.6	1011.1	2.2
20190913	22.8	0.0	74.3	1008.4	1.4
20190914	23.3	0.0	75.6	1006.3	1.1
20190915	24.9	0.0	78.9	1004.8	0.9
20190916	23.7	0.0	76.0	1005.0	1.1
20190917	22.4	0.0	66.3	1008.9	1.5
20190918	22.1	0.0	67.8	1009.9	1.1
20190919	20.7	0.0	71.5	1012.1	1.2
20190920	21.2	0.0	69.0	1011.2	2.1
20190921	18.1	75.5	92.8	1011.0	1.9
20190922	18.5	141.5	89.6	1000.2	2.6
20190923	18.9	0.2	84.5	1008.6	1.0
20190924	19.4	0.0	74.3	1013.3	0.9
20190925	19.1	0.0	79.3	1016.5	1.0
20190926	21.4	0.0	77.3	1018.0	1.2
20190927	21.9	13.5	85.3	1016.9	0.9
20190928	22.6	1.0	94.8	1013.1	0.6
20190929	24.1	0.0	88.4	1010.8	0.8
20190930	23.7	0.5	88.1	1011.6	0.8
20191001	21.3	55.0	94.9	1013.5	0.7
20191002	22.2	172.0	94.0	1003.1	2.3
20191003	23.8	7.5	76.6	999.9	2.6
20191004	22.3	0.0	80.0	1008.2	0.8
20191005	22.0	0.3	78.3	1009.8	1.2
20191006	19.0	0.5	74.3	1017.0	1.2
20191007	16.8	3.0	85.5	1012.3	1.0
20191008	18.4	0.0	60.9	1012.2	2.0
20191009	14.9	0.0	55.9	1013.6	1.2
20191010	16.8	0.0	66.9	1010.2	1.0
20191011	19.8	0.0	59.4	1008.0	1.3
20191012	20.7	0.0	55.4	1009.2	2.0
20191013	17.8	0.0	60.8	1016.4	1.6
20191014	17.3	0.0	69.8	1018.3	1.2
20191015	15.8	0.0	72.4	1021.9	1.3
20191016	14.9	0.0	71.4	1020.5	1.3
20191017	16.1	0.0	74.9	1018.3	1.4
20191018	16.2	12.5	83.4	1015.2	1.8
20191019	18.3	0.5	80.1	1014.2	1.0
20191020	17.7	0.0	77.6	1015.6	1.0
20191021	16.8	0.0	76.5	1012.3	1.3
20191022	18.0	0.0	75.1	1011.6	1.1
20191023	17.8	0.4	75.8	1012.4	1.2
20191024	18.6	0.0	71.9	1011.7	1.7
20191025	19.1	0.0	68.4	1011.3	1.0
20191026	15.7	0.0	60.6	1011.4	1.7
20191027	12.1	0.0	61.6	1013.3	1.0
20191028	13.4	0.0	65.6	1012.2	1.0
20191029	15.4	0.0	62.6	1010.8	1.6
20191030	13.3	0.0	64.6	1015.5	1.1
20191031	14.2	0.0	67.1	1015.7	1.0
20191101	15.4	0.0	72.1	1016.0	0.9
20191102	15.3	0.0	78.9	1014.9	0.9
20191103	15.5	0.0	75.6	1013.4	0.8
20191104	14.7	0.0	74.5	1016.4	0.9
20191105	14.2	0.0	72.3	1013.6	1.0
20191106	14.0	0.0	61.1	1011.1	1.2
20191107	14.3	0.0	58.8	1010.9	1.6
20191108	11.2	0.0	57.9	1013.8	1.3
20191109	11.5	0.0	46.6	1014.9	1.1
20191110	12.8	8.5	62.1	1008.2	1.3
20191111	14.6	0.0	63.8	1006.4	2.1
20191112	12.2	0.0	65.0	1014.9	0.9
20191113	12.5	0.0	69.3	1012.7	1.4
20191114	7.6	0.0	49.6	1017.3	1.9
20191115	9.3	0.0	67.3	1015.6	1.1
20191116	13.3	0.0	76.3	1015.0	0.9
20191117	14.9	2.5	85.6	1013.7	1.1
20191118	13.2	14.0	63.3	1011.7	2.7
20191119	7.3	0.0	54.1	1018.8	2.1
20191120	5.5	0.0	58.5	1024.4	1.0
20191121	7.6	0.0	57.0	1025.6	1.2
20191122	10.9	0.0	67.4	1022.0	1.2
20191123	13.1	0.0	78.0	1018.6	1.0
20191124	15.3	1.1	82.4	1013.4	1.1
20191125	10.5	0.0	61.0	1020.2	1.7
20191126	11.0	0.0	68.4	1022.7	1.5
20191127	10.0	0.0	61.5	1019.7	1.0
20191128	8.9	0.0	64.0	1021.9	1.3
20191129	6.7	0.0	60.6	1024.1	1.0
20191130	8.7	0.0	56.1	1022.7	0.9
20191201	8.1	25.0	91.3	1014.8	1.0
20191202	6.6	0.0	58.0	1014.7	2.5
20191203	4.9	0.0	64.8	1020.5	1.3
20191204	7.1	0.0	55.4	1023.1	1.3
20191205	4.5	0.0	53.9	1027.0	1.7
20191206	-0.4	0.0	46.4	1027.7	0.8
20191207	1.6	0.0	54.4	1023.5	0.8
20191208	3.9	0.0	67.3	1021.9	0.9
20191209	4.7	0.0	72.6	1019.3	0.9
20191210	7.9	0.0	83.0	1015.7	0.8
20191211	9.8	0.0	71.4	1012.4	1.4
20191212	4.8	0.0	43.3	1021.6	1.3
20191213	4.6	0.0	57.4	1021.7	0.8
20191214	8.0	0.0	51.4	1021.0	1.3
20191215	7.0	0.0	64.0	1023.6	1.0
20191216	7.9	0.0	75.5	1018.4	0.8
20191217	9.5	0.5	85.4	1010.4	1.0
20191218	8.3	0.0	61.8	1014.9	1.0
20191219	5.5	0.0	48.4	1017.8	1.1
20191220	4.7	0.0	57.5	1022.5	1.3
20191221	2.5	0.0	61.6	1021.8	0.9
20191222	4.7	0.0	62.5	1015.5	1.0
20191223	6.1	0.0	64.5	1015.7	1.3
20191224	5.1	0.0	60.9	1020.3	1.0
20191225	6.6	0.0	62.0	1016.5	0.8
20191226	6.9	0.5	59.3	1009.6	1.2
20191227	3.3	0.0	50.0	1018.0	1.8
20191228	2.2	0.0	56.1	1023.2	0.9
20191229	3.2	8.5	75.8	1020.9	0.8
20191230	6.8	0.5	78.9	1016.4	1.2
20191231	-0.6	0.0	44.6	1025.2	1.3
20200101	0.5	0.0	50.1	1025.4	0.8
20200102	2.9	0.0	62.5	1022.9	1.0
20200103	3.5	0.0	67.9	1020.0	0.8
20200104	3.7	0.0	63.5	1019.3	0.8
20200105	4.4	0.0	52.8	1024.3	0.9
20200106	4.9	18.0	76.1	1020.8	0.8
20200107	11.8	59.0	88.8	1007.0	1.7
20200108	7.0	0.1	69.6	1009.5	2.8
20200109	4.3	0.0	62.1	1016.3	1.0
20200110	3.3	0.0	58.4	1016.5	0.9
20200111	4.9	0.0	57.3	1012.7	0.8
20200112	4.6	0.0	53.0	1011.5	1.6
20200113	3.4	0.0	53.4	1016.5	1.6
20200114	1.3	0.0	57.5	1019.0	0.8
20200115	1.2	0.0	61.1	1021.0	0.8
20200116	2.5	0.0	45.6	1019.6	0.8
20200117	3.7	0.0	38.3	1015.6	0.9
20200118	3.7	0.0	40.0	1014.0	0.9
20200119	4.7	0.0	57.3	1014.1	1.6
20200120	5.7	0.0	46.9	1016.9	2.3
20200121	2.9	0.0	47.8	1023.4	1.0
20200122	4.6	30.5	76.0	1018.8	0.8
20200123	7.5	3.0	91.8	1016.6	0.8
20200124	8.0	0.0	68.0	1022.5	1.0
20200125	7.7	0.0	77.5	1023.2	0.8
20200126	8.0	0.0	74.4	1019.4	1.3
20200127	6.3	32.5	89.6	1009.9	1.7
20200128	8.6	0.0	70.5	1010.7	1.1
20200129	7.2	7.5	81.5	1009.4	0.7
20200130	6.3	3.5	74.5	1008.6	0.8
20200131	3.9	0.0	71.1	1013.8	1.0
20200201	4.7	0.0	64.9	1018.5	1.1
20200202	5.1	0.0	63.3	1019.0	0.8
20200203	4.3	0.0	54.0	1019.5	1.5
20200204	3.0	0.0	49.1	1020.1	1.0
20200205	1.3	0.0	40.4	1022.1	1.3
20200206	-0.4	0.0	35.8	1026.2	0.8
20200207	3.6	0.0	41.0	1021.7	1.2
20200208	3.0	0.0	53.6	1019.8	1.6
20200209	2.9	0.0	47.4	1019.2	1.4
20200210	7.0	0.0	54.1	1018.3	1.5
20200211	7.6	0.0	58.4	1022.4	0.7
20200212	9.9	54.0	91.9	1011.9	0.8
20200213	10.8	0.0	77.1	1013.0	1.3
20200214	10.3	0.0	72.3	1014.4	0.8
20200215	11.4	0.5	76.0	1013.0	0.8
20200216	4.6	4.5	66.6	1007.1	2.4
20200217	0.0	0.0	54.5	1012.2	2.9
20200218	1.6	0.0	48.1	1019.9	1.6
20200219	4.2	0.0	50.3	1023.4	0.8
20200220	7.7	0.0	44.9	1027.2	1.1
20200221	8.5	3.0	67.5	1025.1	0.9
20200222	9.4	0.5	46.8	1019.8	2.9
20200223	5.7	0.0	51.6	1023.3	1.2
20200224	8.7	0.5	65.6	1019.2	1.0
20200225	8.9	24.5	96.8	1010.6	0.9
20200226	9.5	0.5	80.0	1016.3	1.0
20200227	7.7	0.0	72.6	1022.1	1.0
20200228	6.1	0.5	83.0	1018.0	0.8
20200229	7.5	0.0	81.8	1012.1	1.0
20200301	9.8	0.0	73.5	1012.8	1.1
20200302	7.4	0.0	51.0	1016.3	1.6
20200303	8.2	0.0	70.1	1018.6	1.0
20200304	6.8	0.0	50.4	1015.8	2.7
20200305	4.2	0.0	47.3	1018.7	1.2
20200306	6.0	0.0	54.8	1016.6	1.0
20200307	6.2	4.0	88.1	1012.6	0.8
20200308	8.7	0.0	75.3	1013.4	1.0
20200309	9.0	14.0	86.9	1008.2	0.8
20200310	9.1	9.5	78.5	1000.9	2.0
20200311	6.9	0.0	41.5	1012.0	2.3
20200312	7.3	0.0	56.1	1017.2	1.0
20200313	11.0	0.0	50.4	1013.8	1.1
20200314	7.3	0.0	32.9	1010.0	1.8
20200315	8.5	0.0	38.6	1006.9	2.6
20200316	6.1	0.0	41.8	1016.3	1.5
20200317	11.2	0.0	44.4	1011.5	2.0
20200318	11.6	0.0	60.1	1009.7	1.5
20200319	12.5	0.0	48.4	1004.2	3.0
20200320	11.1	0.0	36.0	1010.0	1.9
20200321	14.1	0.0	62.5	1008.3	1.5
20200322	15.1	0.0	72.4	1007.0	1.4
20200323	13.3	0.0	40.8	1011.4	1.9
20200324	11.2	0.0	54.0	1015.3	1.3
20200325	12.6	0.0	58.6	1016.1	1.2
20200326	11.7	41.5	93.5	1011.5	0.6
20200327	15.0	1.0	80.1	1006.3	1.2
20200328	9.4	0.0	59.9	1013.9	1.0
20200329	9.7	0.0	66.6	1016.0	1.2
20200330	11.7	0.0	65.5	1015.0	0.9
20200331	12.6	0.0	63.1	1011.5	1.2
20200401	13.1	3.0	52.8	1007.7	1.7
20200402	10.6	0.0	41.3	1016.4	1.3
20200403	12.8	0.0	38.3	1015.0	1.5
20200404	12.8	0.0	30.8	1012.8	2.0
20200405	8.7	0.0	39.5	1016.1	1.3
20200406	10.2	0.0	48.3	1014.6	1.2
20200407	14.2	0.0	39.8	1010.3	1.3
20200408	13.7	0.0	28.6	1011.8	2.1
20200409	11.9	0.0	36.1	1015.9	1.2
20200410	10.5	0.0	66.1	1019.8	0.9
20200411	9.4	11.0	83.3	1014.5	0.9
20200412	9.6	7.5	74.3	1006.3	1.7
20200413	10.8	0.0	51.9	1007.2	1.5
20200414	13.8	0.0	46.8	1010.9	1.3
20200415	12.8	0.0	47.3	1009.3	1.1
20200416	12.7	0.0	66.1	1013.5	1.3
20200417	10.9	33.0	93.1	1009.1	0.8
20200418	14.1	0.0	67.9	1010.4	1.5
20200419	11.6	39.0	89.9	1008.3	1.7
20200420	14.3	0.3	64.4	1005.9	2.1
20200421	12.2	0.0	32.5	1010.1	3.2
20200422	9.4	0.0	36.9	1011.4	2.9
20200423	10.5	0.0	40.9	1011.3	2.5
20200424	12.0	0.0	37.0	1011.4	2.2
20200425	16.1	0.0	54.3	1008.2	2.6
20200426	14.3	0.0	50.6	1011.3	1.4
20200427	14.3	0.0	50.9	1014.1	1.7
20200428	14.7	0.0	40.1	1015.0	2.0
20200429	16.2	0.0	40.4	1014.2	1.7
20200430	17.2	0.0	69.3	1012.3	1.6
20200501	19.2	0.0	80.9	1009.8	1.3
20200502	18.9	2.2	83.5	1007.4	0.9
20200503	16.5	55.2	98.9	1001.4	0.9
20200504	20.8	0.0	82.3	1002.1	1.1
20200505	16.8	0.0	86.6	1006.4	0.7
20200506	18.2	0.0	70.6	1007.7	1.3
20200507	16.8	0.0	51.5	1012.8	2.4
20200508	16.8	0.0	65.9	1010.6	1.5
20200509	17.2	81.4	92.1	1002.1	1.9
20200510	17.9	0.0	73.4	1001.6	2.7
20200511	21.0	0.0	49.8	1002.8	2.1
20200512	18.8	0.0	51.5	1000.9	2.9
20200513	17.8	0.0	47.5	1010.6	1.7
20200514	18.3	0.0	49.4	1011.8	0.9
20200515	16.6	36.4	91.4	1005.0	1.3
20200516	19.0	0.6	88.8	1000.9	0.8
20200517	18.2	0.0	86.9	1000.9	1.0
20200518	17.2	3.2	90.5	995.9	1.0
20200519	15.4	0.3	68.0	995.5	2.6
20200520	16.8	0.0	70.3	1005.0	1.3
20200521	15.7	0.0	78.5	1010.3	1.2
20200522	16.1	0.0	74.5	1009.0	1.4
20200523	17.2	0.0	77.0	1007.1	1.2
20200524	19.6	0.0	79.1	1005.3	1.2
20200525	19.9	0.0	73.1	1005.5	0.9
20200526	20.1	0.0	71.5	1003.2	1.3
20200527	19.8	0.0	64.9	1003.0	1.4
20200528	20.2	0.0	62.9	1003.8	1.5
20200529	20.1	0.0	63.9	1009.4	1.2
20200530	19.8	0.0	61.4	1011.8	1.0
20200531	18.9	4.8	83.8	1007.0	0.8
20200601	22.0	0.0	62.1	1004.1	1.8
20200602	20.8	0.0	53.1	1002.9	1.4
20200603	21.2	0.0	81.3	999.7	0.8
20200604	24.7	0.0	72.9	999.0	1.5
20200605	23.8	0.0	75.3	1001.4	1.1
20200606	21.7	0.6	78.5	1003.9	1.1
20200607	21.9	0.0	56.4	1006.9	1.1
20200608	22.7	0.0	53.8	1009.7	1.1
20200609	24.1	0.0	59.1	1009.6	1.1
20200610	24.7	0.7	73.4	1004.2	1.0
20200611	24.0	9.7	89.4	998.1	0.9
20200612	23.9	18.0	87.8	999.8	1.0
20200613	22.7	91.9	95.6	1000.2	0.7
20200614	24.4	11.9	85.4	999.7	2.1
20200615	24.3	0.0	65.0	1001.2	1.7
20200616	23.7	0.0	60.6	1000.7	1.0
20200617	21.5	0.2	75.3	1000.8	1.1
20200618	18.0	70.5	96.8	997.3	1.6
20200619	21.4	4.5	80.0	1000.9	1.8
20200620	21.5	0.0	84.4	1005.6	0.8
20200621	21.5	0.0	75.9	1003.1	1.3
20200622	22.0	0.0	72.6	1003.9	1.1
20200623	22.9	0.0	71.1	1004.5	1.0
20200624	22.2	64.4	90.6	1000.2	1.5
20200625	22.7	7.5	92.1	997.8	0.7
20200626	23.9	0.0	74.6	1001.5	1.6
20200627	23.0	0.0	82.5	999.5	0.8
20200628	25.8	0.0	75.8	998.6	1.1
20200629	21.7	81.8	93.5	996.8	2.0
20200630	22.2	2.9	78.1	988.6	3.2
20200701	22.5	0.0	72.0	999.1	1.6
20200702	21.9	0.0	79.8	1006.0	0.9
20200703	20.0	13.5	88.4	1005.1	1.4
20200704	20.9	0.0	83.1	1001.9	1.0
20200705	21.9	0.0	82.9	999.7	0.8
20200706	21.7	0.7	94.8	996.6	0.5
20200707	23.4	0.0	87.3	998.8	1.5
20200708	23.6	0.0	81.8	999.5	1.0
20200709	22.0	1.9	92.5	999.4	1.0
20200710	23.3	92.4	93.9	996.1	0.8
20200711	24.1	0.0	85.1	1001.7	1.1
20200712	20.5	74.4	95.4	1005.1	1.2
20200713	19.4	146.4	99.4	997.7	0.8
20200714	21.2	2.8	88.6	997.3	1.0
20200715	19.8	0.7	93.1	1000.7	0.6
20200716	21.3	0.0	84.8	1002.0	1.0
20200717	21.9	0.0	83.6	1003.9	0.9
20200718	21.6	0.0	85.6	1004.7	0.9
20200719	23.4	9.2	94.4	1002.8	1.4
20200720	26.2	0.9	85.9	1002.9	1.7
20200721	24.7	20.7	84.8	1006.4	0.8
20200722	23.2	25.4	96.1	1004.8	0.7
20200723	22.8	133.9	95.5	1000.2	1.2
20200724	21.4	9.2	91.5	992.6	2.0
20200725	22.4	0.2	90.1	997.3	0.9
20200726	23.2	0.0	79.5	1002.3	1.0
20200727	21.9	25.3	95.4	1003.2	0.6
20200728	25.2	23.5	92.5	1005.1	1.3
20200729	24.4	42.9	97.3	1007.8	0.6
20200730	25.0	63.0	92.0	1009.3	0.9
20200731	25.9	0.0	89.0	1008.8	0.8
20200801	26.7	0.0	84.5	1007.0	1.0
20200802	27.1	0.0	85.1	1005.5	1.2
20200803	27.1	0.0	82.9	1005.8	1.8
20200804	27.5	0.2	85.6	1007.9	1.3
20200805	27.7	1.8	86.8	1008.0	2.4
20200806	27.4	2.4	84.6	1004.0	3.1
20200807	26.8	6.2	86.5	1001.7	2.0
20200808	26.5	26.4	88.9	999.4	2.1
20200809	27.4	1.4	83.1	1001.0	2.6
20200810	26.2	37.6	92.3	999.7	2.1
20200811	26.9	17.3	87.8	1005.8	1.8
20200812	27.5	8.8	88.6	1008.2	1.3
20200813	27.9	0.0	84.5	1006.1	1.0
20200814	28.6	0.0	79.8	1003.1	1.8
20200815	28.3	0.0	79.5	1004.8	1.1
20200816	28.0	0.0	79.9	1006.4	1.1
20200817	27.8	0.0	82.3	1008.0	0.7
20200818	27.9	0.0	82.9	1007.1	0.8
20200819	28.1	0.0	79.6	1005.3	0.9
20200820	27.7	0.0	79.0	1006.6	0.8
20200821	26.9	0.0	82.0	1008.7	0.8
20200822	26.3	0.0	78.5	1007.2	0.9
20200823	25.8	0.0	81.6	1003.2	0.8
20200824	26.3	0.0	82.9	1000.8	1.0
20200825	27.2	0.0	79.8	1000.1	1.2
20200826	27.2	51.4	85.5	997.1	3.4
20200827	27.3	29.2	88.3	999.3	2.5
20200828	25.8	8.5	93.1	1003.0	0.8
20200829	26.6	4.6	88.9	1004.8	1.1
20200830	27.6	0.0	84.4	1005.7	0.8
20200831	26.4	0.2	84.6	1006.7	1.3
20200901	25.6	0.0	82.6	1003.6	1.4
20200902	24.9	125.4	94.6	990.4	2.7
20200903	25.1	57.5	73.9	995.0	4.0
20200904	23.0	0.0	80.6	1008.1	1.1
20200905	19.8	17.9	94.6	1008.4	1.0
20200906	20.4	10.5	92.4	999.1	2.4
20200907	21.8	71.5	83.3	987.0	4.6
20200908	24.7	0.0	78.1	1006.8	2.0
20200909	22.8	9.8	85.9	1005.9	1.1
20200910	23.0	0.3	85.5	1004.1	0.9
20200911	22.4	1.7	87.1	1007.5	1.4
20200912	22.0	0.0	81.0	1008.1	2.2
20200913	20.5	4.3	88.6	1010.1	0.8
20200914	22.0	0.0	85.6	1009.0	0.8
20200915	22.7	0.0	83.4	1007.8	0.9
20200916	21.2	3.5	96.4	1004.9	0.7
20200917	20.3	7.4	96.6	1005.4	0.6
20200918	19.5	2.2	81.9	1009.0	1.0
20200919	19.5	0.0	72.4	1011.3	1.1
20200920	19.2	0.0	65.4	1011.5	1.2
20200921	18.7	0.0	70.4	1012.3	1.3
20200922	19.1	0.0	71.9	1012.0	2.3
20200923	19.5	0.0	71.1	1010.8	2.4
20200924	20.3	0.9	74.4	1008.0	2.0
20200925	20.0	0.0	78.3	1005.8	1.2
20200926	19.9	0.0	71.6	1009.4	1.3
20200927	19.4	0.3	74.4	1012.5	1.6
20200928	18.0	0.0	77.4	1011.2	1.3
20200929	18.0	0.0	76.6	1005.9	1.1
20200930	19.3	0.0	75.3	1004.9	1.1
20201001	19.6	0.0	78.1	1008.8	1.0
20201002	20.0	0.0	82.4	1010.1	1.0
20201003	20.8	0.0	75.9	1009.7	1.0
20201004	20.4	1.0	75.9	1006.6	1.3
20201005	16.3	0.0	53.1	1011.2	2.0
20201006	15.9	0.0	62.0	1015.5	1.2
20201007	17.7	0.0	63.0	1018.2	1.7
20201008	18.6	0.0	59.9	1018.1	2.7
20201009	18.7	0.0	58.8	1015.5	2.6
20201010	18.5	0.0	67.5	1012.8	1.7
20201011	17.5	0.0	70.3	1010.6	1.3
20201012	17.7	0.0	74.5	1009.1	1.0
20201013	16.4	0.0	56.9	1013.7	1.2
20201014	15.1	0.0	57.5	1018.3	1.2
20201015	15.6	0.0	50.1	1018.3	1.3
20201016	14.3	0.0	65.4	1017.5	1.1
20201017	15.2	0.0	66.6	1016.9	1.1
20201018	15.8	0.0	69.5	1017.4	1.2
20201019	14.7	0.0	63.4	1018.9	1.3
20201020	15.1	0.0	70.8	1020.1	1.2
20201021	14.9	25.3	85.6	1014.0	1.0
20201022	15.3	2.6	75.4	1007.3	1.6
20201023	12.8	0.0	47.4	1008.2	3.1
20201024	11.9	0.0	51.9	1012.4	2.2
20201025	13.2	0.0	70.5	1013.9	0.9
20201026	13.8	0.0	65.3	1013.8	1.2
20201027	14.3	0.0	69.6	1015.1	1.0
20201028	14.6	0.0	72.8	1015.8	0.8
20201029	12.5	0.0	53.1	1017.1	1.2
20201030	13.4	0.0	60.1	1019.0	1.4
20201031	12.6	0.0	71.4	1020.1	1.3
20201101	13.8	0.5	82.3	1015.9	0.7
20201102	13.5	1.6	79.5	1014.2	0.7
20201103	10.0	0.0	47.3	1014.6	2.7
20201104	8.2	0.0	52.4	1018.8	1.4
20201105	9.6	0.0	52.5	1021.5	1.0
20201106	13.2	0.0	69.4	1016.7	0.6
20201107	15.9	0.0	62.8	1012.5	1.2
20201108	13.3	0.0	43.8	1015.4	2.4
20201109	8.5	0.0	46.8	1019.2	1.3
20201110	10.7	0.0	59.0	1021.7	1.6
20201111	9.2	0.0	60.8	1026.1	1.2
20201112	11.0	0.0	66.5	1024.5	1.0
20201113	11.6	0.0	64.5	1022.0	0.9
20201114	12.9	0.0	74.3	1023.6	1.2
20201115	12.6	0.0	74.1	1021.5	1.0
20201116	14.4	0.0	66.4	1020.0	0.7
20201117	16.1	0.0	72.5	1019.4	0.7
20201118	19.0	0.0	84.5	1013.4	1.3
20201119	19.6	59.6	80.4	1004.3	3.4
20201120	10.4	0.0	67.0	1011.0	3.0
20201121	10.0	0.0	70.6	1017.9	1.6
20201122	10.5	1.1	78.1	1015.3	1.7
20201123	7.2	0.0	61.4	1020.0	1.5
20201124	7.5	0.0	50.5	1020.8	1.2
20201125	8.7	0.0	51.4	1019.9	1.2
20201126	8.7	0.0	56.6	1019.9	1.1
20201127	8.7	0.0	57.1	1018.7	2.3
20201128	5.7	0.0	47.8	1021.1	2.8
20201129	4.6	0.0	61.5	1022.6	1.9
20201130	4.7	0.0	60.8	1027.1	1.4
20201201	4.5	0.0	51.6	1027.4	1.4
20201202	5.4	0.0	44.9	1022.7	1.2
20201203	5.0	0.0	52.8	1022.0	1.5
20201204	3.3	0.0	52.9	1022.8	1.2
20201205	4.3	0.0	62.9	1023.4	1.1
20201206	5.4	0.0	63.9	1022.1	1.1
20201207	6.9	0.0	61.9	1021.3	1.4
20201208	4.3	0.0	57.0	1021.5	1.3
20201209	3.5	0.0	51.9	1019.8	1.1
20201210	5.4	0.0	55.3	1016.5	0.7
20201211	7.1	0.0	71.8	1013.8	0.8
20201212	7.2	0.0	50.8	1012.1	1.3
20201213	5.4	0.0	53.1	1012.7	2.2
20201214	-0.2	0.0	35.5	1020.5	3.2
20201215	-1.7	0.0	50.5	1023.3	1.4
20201216	-1.3	0.0	55.4	1023.4	2.0
20201217	-0.5	0.0	58.9	1023.8	1.3
20201218	3.1	0.0	55.4	1022.0	2.2
20201219	0.6	0.0	35.9	1024.8	1.7
20201220	1.4	0.0	51.4	1025.3	1.7
20201221	2.8	0.0	56.3	1023.3	1.7
20201222	3.9	0.0	65.4	1021.2	1.4
20201223	3.5	0.0	82.6	1018.4	0.6
20201224	6.6	0.0	56.3	1011.9	2.0
20201225	3.2	0.0	55.9	1017.7	2.0
20201226	3.0	0.0	70.5	1020.2	0.8
20201227	4.4	7.8	86.0	1016.8	0.7
20201228	4.7	0.0	89.6	1017.7	0.8
20201229	5.4	6.6	87.8	1012.6	0.9
20201230	-3.0	0.6	55.3	1014.3	4.4
20201231	-1.3	0.0	55.1	1019.2	2.0
20210101	0.7	0.0	62.5	1020.4	1.6
20210102	0.7	0.0	62.4	1021.6	1.1
20210103	0.4	0.0	51.3	1026.4	0.5
20210104	1.2	0.0	59.3	1024.7	0.7
20210105	2.9	0.0	53.5	1021.0	1.4
20210106	-1.4	0.0	55.5	1018.0	1.2
20210107	-5.7	0.2	47.1	1017.8	3.7
20210108	-7.2	0.0	55.1	1017.3	1.1
20210109	-5.3	0.0	53.9	1017.6	1.4
20210110	-2.9	0.0	66.6	1021.3	1.0
20210111	-1.2	0.0	69.6	1019.3	0.5
20210112	1.1	0.0	60.8	1013.3	1.5
20210113	5.4	0.0	64.6	1011.8	1.1
20210114	5.7	0.0	73.9	1016.0	0.8
20210115	9.4	0.0	73.1	1011.6	1.7
20210116	2.9	0.0	47.4	1016.1	2.5
20210117	-0.1	0.0	42.1	1021.2	2.3
20210118	1.4	0.0	62.4	1016.2	2.7
20210119	-0.9	0.0	48.5	1024.6	0.9
20210120	2.2	0.0	53.6	1024.2	0.7
20210121	6.0	2.6	81.4	1018.5	0.3
20210122	8.8	2.4	95.9	1012.8	0.5
20210123	9.3	0.5	87.1	1012.2	1.2
20210124	8.3	0.2	72.9	1019.1	1.2
20210125	8.3	0.0	70.1	1020.0	1.6
20210126	5.9	12.3	92.0	1013.1	0.7
20210127	4.9	0.0	62.5	1015.6	0.8
20210128	2.6	0.0	57.4	1011.4	3.2
20210129	-1.6	0.0	43.0	1018.9	2.8
20210130	3.2	0.0	62.0	1021.4	1.1
20210131	5.7	3.0	71.6	1022.2	0.6
20210201	9.7	28.1	80.8	1011.6	1.3
20210202	1.3	0.0	39.5	1017.7	2.4
20210203	1.3	0.0	47.4	1020.2	1.1
20210204	4.5	0.0	43.6	1018.9	2.1
20210205	3.5	0.0	45.5	1016.4	0.6
20210206	7.7	0.0	70.0	1011.3	1.0
20210207	9.4	0.0	55.6	1013.8	1.5
20210208	2.4	0.0	34.8	1019.4	2.5
20210209	0.7	0.0	48.4	1021.6	0.6
20210210	4.6	0.0	50.1	1018.9	0.9
20210211	5.7	0.0	62.9	1019.1	0.7
20210212	7.7	0.0	60.0	1018.6	0.5
20210213	8.6	0.0	53.3	1017.8	0.5
20210214	9.7	7.7	81.8	1009.6	0.3
20210215	6.5	0.5	64.1	1004.4	2.7
20210216	1.9	0.1	52.0	1010.0	2.4
20210217	-3.0	0.0	50.6	1012.3	4.3
20210218	-1.7	0.0	52.9	1015.1	3.9
20210219	4.7	0.0	57.5	1013.2	1.8
20210220	12.8	0.0	59.9	1007.0	2.0
20210221	15.4	0.0	55.5	1007.7	2.1
20210222	15.3	0.0	54.8	1007.9	2.5
20210223	6.6	0.0	37.3	1016.8	1.0
20210224	5.3	0.0	40.5	1018.9	1.0
20210225	6.0	8.6	81.0	1017.3	1.1
20210226	8.4	5.2	74.9	1015.7	2.8
20210227	7.9	0.0	61.4	1022.6	3.8
20210228	7.7	0.7	76.9	1021.0	1.5
20210301	12.0	69.8	91.1	1008.5	2.0
20210302	6.2	0.5	79.1	1017.0	1.3
20210303	5.2	0.0	73.3	1024.1	1.0
20210304	6.3	12.7	87.5	1018.5	0.9
20210305	10.9	0.3	78.8	1013.6	0.9
20210306	9.2	0.0	67.9	1020.1	2.4
20210307	6.7	0.0	72.4	1022.4	1.4
20210308	7.9	0.0	74.0	1021.0	0.8
20210309	9.1	0.0	69.6	1018.8	0.9
20210310	9.4	0.0	60.3	1022.2	1.4
20210311	9.9	0.9	72.6	1020.6	0.8
20210312	9.2	44.0	93.1	1013.3	1.7
20210313	9.8	0.0	70.5	1015.2	1.3
20210314	10.1	0.0	72.8	1013.9	0.8
20210315	11.9	0.0	73.8	1012.1	1.2
20210316	14.7	6.6	62.5	1007.4	1.6
20210317	10.7	0.0	56.5	1013.0	1.1
20210318	11.0	0.0	74.5	1014.3	1.3
20210319	12.0	0.0	66.0	1013.6	2.1
20210320	9.5	18.0	96.1	1006.8	1.0
20210321	8.9	0.0	58.5	1008.3	3.2
20210322	8.5	0.0	38.3	1015.5	2.9
20210323	11.7	0.0	47.4	1016.5	2.3
20210324	11.7	0.0	66.5	1015.7	1.0
20210325	12.9	0.0	62.4	1015.0	1.1
20210326	13.4	0.0	56.8	1015.7	1.1
20210327	13.4	80.6	87.1	1006.9	1.9
20210328	15.3	1.0	68.5	999.4	2.6
20210329	15.0	0.0	48.8	1002.2	2.3
20210330	13.2	0.0	44.5	1005.7	1.1
20210331	12.8	0.0	61.8	1009.2	0.9
20210401	14.1	0.0	53.3	1012.9	2.6
20210402	16.0	0.0	61.1	1013.9	2.1
20210403	15.3	46.8	92.5	1007.9	0.8
20210404	12.4	4.1	90.9	1007.9	1.4
20210405	10.7	0.0	61.8	1015.7	1.6
20210406	12.4	0.0	54.3	1014.2	1.1
20210407	14.7	0.0	44.1	1013.2	1.4
20210408	13.7	0.0	58.3	1011.7	1.3
20210409	12.1	0.0	64.6	1019.1	2.4
20210410	11.0	0.0	63.6	1025.5	1.7
20210411	12.5	0.0	59.3	1024.6	1.4
20210412	12.6	57.8	88.3	1014.6	1.3
20210413	13.9	2.0	64.4	1006.7	3.4
20210414	10.3	0.0	49.3	1012.3	1.5
20210415	10.7	0.0	53.6	1013.6	1.2
20210416	13.3	0.0	75.0	1011.2	1.2
20210417	13.6	0.0	49.1	1008.7	2.7
20210418	12.5	0.0	40.0	1010.4	3.4
20210419	14.4	0.0	39.9	1011.4	1.5
20210420	16.1	0.0	39.5	1014.5	0.9
20210421	17.2	0.0	47.8	1016.2	0.9
20210422	18.1	0.0	49.3	1013.9	0.7
20210423	18.5	0.0	44.5	1012.6	2.1
20210424	16.4	0.0	59.9	1014.0	1.5
20210425	15.6	0.0	66.8	1014.1	1.4
20210426	13.7	0.0	57.8	1016.8	2.0
20210427	14.2	0.0	73.5	1013.9	0.8
20210428	17.6	0.0	68.9	1010.3	1.1
20210429	17.8	0.0	53.3	1001.5	1.7
20210430	16.5	9.0	52.0	1000.1	3.1
20210501	11.8	16.2	70.4	1000.9	2.7
20210502	13.7	0.0	59.3	1010.2	2.0
20210503	14.6	0.0	69.9	1013.4	1.5
20210504	17.0	70.0	89.4	1006.4	2.3
20210505	18.2	0.5	42.6	1007.5	3.0
20210506	15.2	0.0	48.1	1011.8	1.1
20210507	17.9	0.0	59.5	1003.1	2.0
20210508	17.0	0.0	52.8	1000.8	2.2
20210509	18.7	0.0	41.8	1004.2	1.7
20210510	17.3	0.0	50.0	1007.3	1.3
20210511	16.9	0.0	60.6	1008.6	1.9
20210512	19.2	0.0	60.5	1006.4	2.4
20210513	20.6	0.0	68.3	1006.3	1.2
20210514	20.6	0.0	77.1	1006.8	0.9
20210515	19.7	17.6	95.4	1002.5	0.6
20210516	21.3	31.8	93.6	997.5	2.2
20210517	18.9	0.0	90.6	1000.9	1.8
20210518	17.6	0.0	88.4	1004.9	1.0
20210519	20.0	0.0	71.5	1005.9	0.9
20210520	16.1	31.4	95.4	999.5	1.1
20210521	18.0	0.0	66.6	1001.3	2.3
20210522	19.6	0.0	70.8	1004.2	1.1
20210523	21.6	0.0	66.9	1005.0	1.0
20210524	21.5	0.0	64.1	1002.1	1.7
20210525	19.2	0.0	43.6	1002.4	2.2
20210526	17.3	0.3	62.4	1004.6	1.2
20210527	17.7	3.3	78.8	997.9	1.4
20210528	18.9	0.0	67.4	997.0	2.2
20210529	20.4	0.0	60.8	1001.1	2.0
20210530	19.4	0.0	59.0	1004.2	1.2
20210531	20.6	0.0	59.8	1006.3	1.1
20210601	21.1	0.0	58.9	1009.1	1.1
20210602	21.2	0.0	68.1	1008.2	1.2
20210603	19.2	38.0	96.0	998.8	1.0
20210604	21.1	1.4	62.0	996.8	1.7
20210605	20.6	0.0	70.8	998.5	1.6
20210606	21.5	0.0	74.5	1003.2	1.2
20210607	21.7	0.0	66.0	1008.8	1.0
20210608	22.4	0.0	77.6	1010.1	1.2
20210609	23.3	0.0	62.5	1010.3	1.1
20210610	22.5	0.0	72.6	1008.2	1.6
20210611	21.6	56.6	94.9	1005.5	1.6
20210612	22.5	7.1	93.6	1006.0	0.9
20210613	23.4	0.0	87.3	1003.0	0.9
20210614	22.6	0.0	83.6	1001.3	1.1
20210615	20.7	26.9	95.1	998.3	1.3
20210616	20.9	8.5	84.3	998.6	2.1
20210617	21.5	0.9	79.9	1001.0	1.3
20210618	20.9	0.8	91.5	996.9	0.6
20210619	22.5	0.0	79.0	995.6	1.1
20210620	23.6	0.0	71.9	997.1	1.3
20210621	24.0	0.0	63.5	998.8	1.1
20210622	21.9	0.0	76.9	1003.9	1.3
20210623	21.5	0.0	78.0	1005.8	1.3
20210624	21.3	0.0	77.3	1006.5	1.1
20210625	22.2	0.0	74.9	1005.9	1.1
20210626	22.2	0.1	72.6	1005.1	1.0
20210627	23.3	0.0	74.3	1002.1	1.4
20210628	23.8	0.0	74.9	999.6	1.3
20210629	23.7	0.0	73.9	1000.8	1.1
20210630	23.3	0.0	75.6	1001.9	1.0
20210701	24.5	0.0	76.4	1001.2	1.2
20210702	24.5	0.0	75.4	1003.5	1.0
20210703	23.4	77.5	89.4	1002.0	1.6
20210704	24.6	34.4	84.5	1001.5	2.3
20210705	22.0	97.4	96.5	1005.0	0.7
20210706	24.1	269.0	94.6	1002.9	2.0
20210707	25.6	18.8	91.6	1002.7	2.0
20210708	25.9	1.1	91.8	1000.3	1.0
20210709	26.1	4.7	85.4	1000.3	1.4
20210710	25.9	0.0	83.5	1003.6	1.2
20210711	26.7	0.0	85.1	1005.5	0.9
20210712	27.5	0.0	82.0	1005.5	1.1
20210713	27.5	0.0	82.8	1006.1	1.5
20210714	27.5	0.0	84.6	1007.9	1.2
20210715	26.6	0.0	85.3	1009.7	1.0
20210716	25.8	0.0	83.6	1009.4	1.0
20210717	25.5	0.0	83.4	1006.8	1.7
20210718	26.0	0.0	82.3	1006.4	1.3
20210719	26.1	0.1	84.3	1008.1	0.9
20210720	26.6	0.0	82.5	1008.7	0.8
20210721	27.0	0.0	77.9	1007.0	1.3
20210722	26.8	0.0	77.5	1005.6	1.5
20210723	26.8	0.0	77.6	1004.1	1.5
20210724	27.1	0.0	76.4	1003.0	1.5
20210725	26.7	0.0	78.0	1001.5	1.5
20210726	26.8	0.0	74.6	999.6	1.6
20210727	26.9	0.0	76.4	998.1	1.3
20210728	27.4	0.0	76.5	998.0	1.2
20210729	27.1	0.0	74.0	997.4	1.1
20210730	27.2	0.0	74.9	996.6	1.3
20210731	28.3	4.5	85.3	995.5	0.8
20210801	28.8	0.0	79.3	995.5	1.0
20210802	28.1	0.0	79.9	998.4	1.1
20210803	27.3	0.0	80.8	1002.9	1.3
20210804	28.0	0.0	72.1	1003.8	1.2
20210805	28.7	0.0	72.3	1000.7	1.0
20210806	28.9	0.0	72.6	997.6	1.1
20210807	29.2	0.0	72.9	997.2	1.5
20210808	26.0	0.0	83.8	996.7	1.6
20210809	27.7	3.4	69.9	997.4	1.7
20210810	25.3	7.4	90.1	1003.5	1.0
20210811	25.2	0.8	87.6	1005.4	1.0
20210812	26.0	0.0	81.6	1004.2	1.0
20210813	25.1	1.0	88.1	1000.4	1.2
20210814	23.3	6.9	88.3	1001.6	1.8
20210815	24.9	0.0	76.4	1008.1	1.3
20210816	25.2	0.0	74.0	1008.1	2.2
20210817	24.3	0.8	77.1	1003.3	1.5
20210818	24.7	0.0	75.3	1003.6	1.5
20210819	24.4	0.0	76.6	1006.2	1.2
20210820	25.4	0.0	79.5	1007.5	1.2
20210821	24.0	185.7	92.6	1001.3	2.6
20210822	25.5	1.7	82.5	1004.1	1.2
20210823	24.0	143.2	96.4	1002.6	1.1
20210824	26.3	48.5	87.6	997.3	2.2
20210825	24.9	47.2	95.0	1002.0	1.0
20210826	25.8	0.0	77.4	1007.5	1.2
20210827	26.2	1.3	79.9	1007.4	1.6
20210828	26.2	0.3	82.4	1008.0	1.0
20210829	26.0	25.0	88.3	1007.9	1.3
20210830	26.4	0.0	84.6	1009.7	1.0
20210831	26.1	0.0	83.0	1009.1	1.0
20210901	26.5	1.8	83.0	1004.0	1.8
20210902	21.8	9.3	93.8	1004.6	0.9
20210903	21.1	3.8	89.4	1004.2	2.3
20210904	22.6	0.0	80.5	1009.4	1.2
20210905	22.2	0.0	80.1	1012.4	1.5
20210906	20.8	10.0	90.5	1011.7	1.2
20210907	22.2	9.5	87.6	1004.9	1.1
20210908	23.3	0.0	75.3	1004.7	1.6
20210909	23.1	0.0	80.5	1008.5	1.0
20210910	21.3	1.5	90.6	1008.8	0.6
20210911	22.9	0.0	86.0	1007.5	1.0
20210912	23.4	0.0	81.1	1007.7	0.9
20210913	23.2	0.0	77.8	1011.0	2.1
20210914	21.0	33.4	91.5	1008.4	2.0
20210915	22.7	2.9	71.3	1009.1	2.4
20210916	21.0	2.4	82.6	1006.5	2.2
20210917	20.9	29.9	86.4	1001.9	2.6
20210918	21.5	0.0	78.6	1008.9	1.1
20210919	21.8	0.0	78.3	1010.5	1.2
20210920	22.6	0.0	81.4	1007.4	1.4
20210921	24.0	2.4	81.4	1002.1	1.8
20210922	23.4	0.4	74.9	1005.0	1.4
20210923	21.2	0.0	69.5	1011.3	1.2
20210924	20.9	0.0	74.9	1016.5	1.3
20210925	21.8	0.0	78.5	1016.4	2.3
20210926	21.4	0.0	75.0	1014.3	1.7
20210927	21.9	0.0	70.6	1010.4	1.7
20210928	21.6	0.0	79.9	1007.9	0.8
20210929	22.9	56.2	93.8	1003.6	0.9
20210930	21.1	1.1	93.3	1002.6	0.7
20211001	21.4	0.0	80.9	1003.6	1.0
20211002	22.2	0.0	79.4	1008.7	1.0
20211003	21.3	0.0	82.0	1015.4	0.9
20211004	24.9	0.0	79.4	1016.5	1.7
20211005	23.2	0.0	83.8	1015.8	0.9
20211006	22.5	0.0	84.5	1014.0	1.0
20211007	22.7	0.0	81.8	1011.7	1.0
20211008	22.9	0.0	83.1	1014.5	0.9
20211009	23.1	0.0	82.9	1016.3	1.3
20211010	23.5	18.2	86.0	1013.3	1.1
20211011	19.6	10.3	95.5	1013.4	1.6
20211012	17.3	4.0	88.5	1018.6	3.1
20211013	19.4	0.0	79.4	1018.3	2.1
20211014	20.8	0.0	78.9	1013.9	1.1
20211015	20.3	0.0	75.4	1011.4	1.1
20211016	14.9	11.1	77.0	1014.0	1.6
20211017	9.3	0.0	52.4	1019.5	2.1
20211018	10.5	0.0	56.0	1017.8	1.5
20211019	13.6	0.0	60.6	1013.4	1.9
20211020	10.9	0.0	67.9	1015.1	1.1
20211021	12.7	0.0	72.8	1013.2	1.3
20211022	12.9	0.0	55.0	1015.5	1.5
20211023	12.9	0.0	63.6	1022.2	1.3
20211024	13.1	0.0	70.4	1020.3	1.0
20211025	14.0	0.0	65.6	1016.3	1.2
20211026	13.4	0.0	62.3	1014.5	1.1
20211027	14.7	0.0	64.1	1013.5	1.2
20211028	13.7	0.0	61.6	1016.9	1.3
20211029	14.2	0.0	68.0	1019.5	1.5
20211030	13.5	0.0	74.6	1018.6	1.2
20211031	14.4	0.0	71.0	1018.3	1.1
20211101	14.9	0.0	67.8	1017.3	1.3
20211102	12.5	0.0	69.1	1015.3	1.1
20211103	12.4	0.0	66.8	1013.4	1.1
20211104	13.1	0.0	73.6	1014.2	0.9
20211105	13.6	0.0	70.1	1015.4	1.2
20211106	14.3	0.0	71.1	1014.4	1.7
20211107	15.7	0.0	66.9	1014.2	1.8
20211108	12.4	31.3	73.8	1007.5	2.7
20211109	9.6	0.0	60.9	1007.1	2.6
20211110	10.0	0.0	65.1	1003.8	2.3
20211111	10.2	0.0	64.4	1006.9	2.6
20211112	8.7	0.0	59.4	1012.2	2.4
20211113	10.8	0.0	63.4	1014.0	1.7
20211114	11.0	0.0	74.8	1014.0	1.0
20211115	10.9	0.0	70.5	1015.9	0.8
20211116	10.7	0.0	64.6	1017.9	0.8
20211117	10.4	0.0	58.1	1017.6	1.2
20211118	10.9	0.0	65.3	1014.1	1.1
20211119	10.6	0.0	79.3	1013.0	0.9
20211120	11.9	0.0	75.1	1014.9	1.0
20211121	12.0	0.0	83.1	1011.6	0.6
20211122	9.0	0.0	56.6	1009.1	3.1
20211123	6.0	0.0	63.6	1012.7	3.3
20211124	9.5	0.0	59.4	1013.1	1.5
20211125	11.8	0.0	55.3	1013.1	1.7
20211126	8.3	0.0	51.9	1020.0	1.4
20211127	6.3	0.0	61.3	1027.6	1.1
20211128	7.0	0.0	61.5	1028.0	1.1
20211129	8.4	0.0	75.4	1021.4	0.9
20211130	9.2	22.2	79.5	1007.7	2.6
20211201	3.7	0.0	57.0	1014.6	3.9
20211202	3.6	0.0	65.1	1015.0	1.4
20211203	8.0	0.0	53.4	1013.0	2.5
20211204	6.0	0.0	60.8	1020.0	1.4
20211205	6.4	0.0	67.1	1022.9	1.2
20211206	8.5	0.0	74.5	1020.3	1.0
20211207	9.0	0.0	66.1	1021.4	1.3
20211208	7.7	0.0	67.4	1026.0	1.2
20211209	8.3	0.0	73.9	1023.7	1.2
20211210	9.2	0.0	76.1	1019.3	0.9
20211211	9.3	0.0	71.8	1019.1	0.9
20211212	7.2	0.0	60.6	1017.4	2.1
20211213	1.5	0.0	48.1	1020.2	1.3
20211214	3.6	0.0	56.8	1017.4	1.5
20211215	7.9	0.0	76.0	1016.2	0.8
20211216	7.1	2.4	93.1	1012.6	0.5
20211217	2.5	0.0	52.8	1015.5	4.2
20211218	-0.8	0.0	50.8	1020.7	1.5
20211219	4.6	0.0	53.8	1016.8	2.8
20211220	7.5	0.0	61.4	1014.3	1.4
20211221	9.1	0.0	63.5	1011.5	1.3
20211222	6.0	0.0	53.8	1015.7	1.0
20211223	5.4	0.0	48.9	1017.8	1.0
20211224	5.4	0.0	55.8	1014.9	1.7
20211225	-1.8	0.0	39.9	1021.5	3.8
20211226	-3.5	0.0	40.1	1026.0	2.8
20211227	-0.8	0.0	58.0	1024.3	1.7
20211228	3.3	0.0	64.4	1021.8	1.2
20211229	5.8	0.0	59.8	1015.0	2.1
20211230	3.4	0.0	48.1	1017.9	3.5
20211231	0.1	0.0	44.5	1023.1	2.6
20220101	-0.4	0.0	43.3	1023.6	0.9
20220102	2.1	0.0	60.5	1020.2	1.4
20220103	2.4	0.0	53.9	1019.3	1.3
20220104	3.7	0.0	49.8	1020.0	1.4
20220105	3.4	0.0	41.3	1020.2	1.0
20220106	4.8	0.0	45.4	1020.3	1.1
20220107	2.3	0.0	39.9	1022.6	1.2
20220108	2.0	0.0	48.5	1018.0	1.0
20220109	3.0	0.0	69.9	1016.0	0.8
20220110	4.2	0.0	63.6	1013.4	1.0
20220111	0.7	0.0	45.9	1012.2	3.8
20220112	-1.2	0.0	46.0	1015.3	2.3
20220113	-0.1	0.0	45.8	1014.0	3.3
20220114	-0.4	0.0	49.4	1018.6	1.7
20220115	2.6	0.0	55.8	1017.1	1.2
20220116	3.4	0.0	56.8	1017.7	2.1
20220117	1.6	0.0	51.6	1020.0	2.6
20220118	-1.1	0.0	40.6	1020.8	1.4
20220119	1.2	0.0	41.4	1017.9	1.6
20220120	-0.2	0.0	48.6	1020.9	1.6
20220121	1.1	0.0	55.5	1023.9	1.1
20220122	4.5	0.0	60.9	1020.3	0.9
20220123	6.8	0.0	65.8	1014.3	0.8
20220124	5.7	0.0	65.9	1015.7	1.4
20220125	5.7	0.0	63.9	1015.8	1.1
20220126	4.5	0.0	57.5	1017.7	1.2
20220127	4.3	0.0	49.4	1016.9	1.0
20220128	2.9	0.0	43.5	1016.3	1.1
20220129	2.6	0.0	37.9	1013.9	0.9
20220130	1.8	0.0	34.1	1014.2	1.2
20220131	1.4	0.0	42.9	1018.0	1.0
20220201	3.0	0.0	54.3	1019.4	3.1
20220202	1.5	0.0	51.4	1020.9	1.6
20220203	1.4	0.0	45.1	1019.3	1.1
20220204	1.2	0.0	42.1	1018.1	2.7
20220205	-0.6	0.0	47.4	1019.4	3.3
20220206	0.4	0.0	52.6	1022.1	2.6
20220207	0.5	0.0	47.1	1021.1	0.8
20220208	2.7	0.0	40.4	1020.3	1.2
20220209	4.0	0.0	51.8	1018.8	1.0
20220210	5.7	0.0	45.8	1015.6	1.2
20220211	5.2	0.0	36.9	1019.4	1.2
20220212	6.4	0.0	45.1	1018.3	0.9
20220213	7.6	0.0	57.1	1014.7	1.0
20220214	7.6	0.0	58.4	1014.2	1.4
20220215	1.5	0.0	49.8	1014.4	3.4
20220216	-1.6	0.0	50.3	1016.6	3.8
20220217	-2.2	0.0	39.3	1020.8	1.8
20220218	1.6	0.0	48.3	1023.3	1.2
20220219	4.2	0.0	55.9	1016.1	1.8
20220220	-0.6	0.0	35.9	1019.2	4.3
20220221	2.4	0.0	46.0	1022.7	2.6
20220222	1.4	0.0	36.9	1024.6	3.2
20220223	-0.2	0.0	40.5	1024.7	2.0
20220224	0.4	0.0	41.1	1023.8	1.8
20220225	4.3	0.0	46.8	1021.4	1.6
20220226	8.1	0.0	55.0	1014.9	2.5
20220227	6.3	0.0	34.8	1016.2	1.9
20220228	6.8	0.0	39.5	1016.1	1.0
20220301	9.2	6.5	67.9	1008.4	1.4
20220302	5.8	0.0	43.1	1011.4	2.9
20220303	8.3	0.0	57.0	1012.9	2.3
20220304	9.2	0.0	72.5	1009.5	1.9
20220305	7.1	0.0	35.4	1009.2	3.6
20220306	4.8	0.0	33.3	1014.7	1.8
20220307	5.7	0.0	47.5	1014.4	1.3
20220308	6.8	0.0	51.4	1012.9	1.0
20220309	8.3	0.0	50.3	1015.9	1.0
20220310	9.6	0.0	65.9	1016.0	1.1
20220311	12.3	0.0	77.6	1013.0	0.7
20220312	15.9	0.0	76.3	1011.4	1.6
20220313	15.8	16.4	87.1	1006.8	2.0
20220314	12.1	0.2	87.8	1006.9	1.3
20220315	9.9	0.0	59.5	1008.4	1.0
20220316	11.8	0.0	60.0	1009.8	0.8
20220317	10.5	10.3	77.9	1012.6	2.0
20220318	7.7	19.1	81.5	1004.1	3.0
20220319	6.0	3.9	75.9	1004.3	2.0
20220320	6.8	0.0	67.3	1013.1	1.2
20220321	7.7	0.0	54.8	1016.9	1.0
20220322	9.1	0.0	56.0	1015.0	1.2
20220323	8.7	0.0	58.6	1012.4	1.5
20220324	9.0	0.0	60.5	1015.0	1.2
20220325	12.3	12.4	79.6	1011.5	2.2
20220326	14.4	99.8	79.4	998.2	3.1
20220327	12.5	0.0	52.4	1009.3	1.7
20220328	9.0	0.0	48.4	1020.0	1.7
20220329	9.8	0.0	60.4	1019.6	1.3
20220330	12.6	0.0	83.9	1015.1	0.6
20220331	13.0	0.6	83.1	1016.4	1.4
20220401	9.9	6.1	65.6	1023.0	1.8
20220402	10.1	0.0	62.1	1021.3	1.2
20220403	9.9	0.0	54.4	1021.6	1.5
20220404	11.2	0.0	57.8	1021.5	1.3
20220405	13.1	0.0	40.6	1016.4	1.5
20220406	14.2	0.0	39.0	1014.3	1.3
20220407	15.2	0.0	50.0	1011.5	2.0
20220408	13.3	0.0	56.9	1014.2	1.5
20220409	15.3	0.0	59.4	1011.8	1.4
20220410	17.3	0.0	70.5	1012.4	1.2
20220411	16.7	0.2	88.8	1009.4	0.8
20220412	18.9	0.0	81.8	1006.1	1.0
20220413	15.2	0.0	82.4	1008.5	2.0
20220414	12.6	0.1	72.9	1011.0	2.9
20220415	12.7	0.0	65.3	1010.8	2.2
20220416	11.8	0.0	61.0	1012.0	1.5
20220417	13.7	0.0	48.0	1012.3	1.3
20220418	16.7	0.0	35.4	1011.8	1.1
20220419	17.5	0.0	30.5	1011.4	1.7
20220420	17.2	0.0	35.4	1010.9	1.6
20220421	12.9	6.6	75.9	1008.7	0.7
20220422	16.4	0.0	69.9	1007.3	1.6
20220423	17.2	0.0	73.6	1007.2	1.3
20220424	19.6	0.0	69.9	1005.4	1.0
20220425	19.0	43.9	73.4	1005.5	1.0
20220426	18.5	72.8	96.9	997.8	1.0
20220427	17.0	0.0	67.0	1008.6	1.2
20220428	16.3	0.0	59.0	1010.9	1.4
20220429	13.0	12.4	72.4	1009.7	2.4
20220430	14.4	0.0	63.1	1011.8	1.3
20220501	15.1	0.0	42.6	1008.4	2.0
20220502	15.0	0.0	48.8	1008.5	1.8
20220503	13.9	0.0	59.3	1014.5	1.4
20220504	15.4	0.0	51.0	1014.8	1.4
20220505	16.7	0.0	65.8	1014.2	1.2
20220506	18.5	0.0	71.8	1011.1	1.2
20220507	20.0	0.0	65.5	1010.7	1.6
20220508	17.0	0.0	53.9	1013.0	1.9
20220509	16.1	0.0	58.3	1012.2	1.5
20220510	16.5	0.1	49.4	1011.3	1.8
20220511	18.5	0.0	64.1	1009.5	0.8
20220512	19.9	0.0	77.9	1005.4	0.9
20220513	18.0	0.2	85.9	1002.5	0.6
20220514	18.0	0.0	40.9	1006.3	2.1
20220515	15.9	0.0	41.3	1008.1	1.5
20220516	17.3	0.0	49.1	1007.3	1.5
20220517	18.7	0.0	54.9	1009.5	1.2
20220518	20.5	0.0	48.3	1012.9	1.8
20220519	19.6	0.0	45.4	1012.8	1.1
20220520		0.0		1008.4	1.0
20220521	21.0	6.0	63.1	1003.2	1.3
20220522	23.4	0.0	51.8	1002.4	1.9
20220523	21.7	0.0	65.5	1006.9	1.4
20220524	22.5	0.0	56.1	1007.7	1.0
20220525	21.9	0.0	61.8	1003.6	1.3
20220526	22.0	0.0	47.0	999.0	1.8
20220527	22.0	0.0	45.3	997.4	1.9
20220528	23.1	0.0	40.4	1001.5	1.6
20220529	21.3	0.0	55.1	1000.7	1.1
20220530	21.3	0.4	71.1	996.5	1.5
20220531	22.5	0.0	44.0	1002.5	1.6
20220601	21.7	0.0	50.1	1001.5	1.4
20220602	21.4	0.0	70.3	1002.0	1.2
20220603	22.1	0.0	70.1	1004.8	1.2
20220604	21.2	0.0	62.4	1006.0	1.6
20220605	17.9	47.7	89.0	997.4	1.6
20220606	20.5	8.1	78.9	994.8	1.3
20220607	18.4	0.0	75.9	1002.7	1.4
20220608	18.1	0.1	80.5	1006.9	1.2
20220609	19.6	0.0	71.9	1008.4	1.1
20220610	20.2	0.0	71.5	1008.8	1.0
20220611	21.3	0.0	77.1	1006.6	1.1
20220612	20.5	0.0	71.6	1007.8	1.3
20220613	19.8	1.7	76.0	1004.0	1.6
20220614	16.8	6.6	93.8	1002.6	2.7
20220615	20.0	2.2	85.8	1002.5	1.4
20220616	22.8	0.0	71.4	1003.0	1.6
20220617	22.5	1.2	80.6	1003.5	1.0
20220618	24.6	0.0	77.1	1002.2	1.3
20220619	24.0	0.0	80.5	1002.4	1.3
20220620	24.2	0.0	82.1	999.6	0.9
20220621	25.1	0.0	79.9	998.7	1.1
20220622	25.5	0.0	78.6	1002.3	1.3
20220623	23.8	1.4	92.6	998.8	1.8
20220624	24.7	33.9	85.8	995.6	2.4
20220625	24.4	0.2	87.8	1001.8	1.8
20220626	25.1	0.1	89.8	1006.4	1.9
20220627	25.6	4.8	89.9	1005.6	2.7
20220628	25.5	6.8	88.0	1002.9	3.0
20220629	25.4	14.2	90.5	1003.4	2.1
20220630	25.7	8.1	88.4	1007.6	1.5
20220701	26.0	0.0	83.9	1009.8	0.9
20220702	26.4	0.0	76.9	1007.5	1.0
20220703	27.2	0.0	72.1	1003.9	1.1
20220704	26.3	1.2	82.9	1000.5	0.7
20220705	27.1	0.0	78.9	1000.2	1.1
20220706	27.4	0.0	83.3	1003.6	1.1
20220707	27.5	0.0	85.4	1003.1	1.7
20220708	27.3	15.4	87.5	998.1	1.3
20220709	27.0	0.0	73.6	996.8	1.3
20220710	26.5	0.0	80.5	1000.5	1.0
20220711	25.2	49.5	93.4	1000.9	0.5
20220712	25.5	0.0	84.0	1003.1	0.9
20220713	24.7	0.0	85.3	1000.8	1.0
20220714	28.5	2.2	76.0	994.8	2.0
20220715	26.8	0.0	77.1	993.9	0.9
20220716	27.0	0.0	67.0	993.4	1.3
20220717	26.1	0.0	73.8	996.0	1.5
20220718	22.3	77.5	97.9	994.9	0.8
20220719	26.8	0.0	78.6	997.0	1.3
20220720	26.1	0.0	71.1	1001.3	0.9
20220721	26.4	2.4	75.9	997.4	2.6
20220722	26.3	0.0	67.8	1000.5	2.2
20220723	24.5	1.4	86.6	1001.1	1.0
20220724	26.6	30.0	80.9	998.2	1.9
20220725	26.3	0.0	80.8	1003.3	1.0
20220726	25.4	0.0	83.8	1005.1	0.8
20220727	25.7	0.0	79.0	1005.3	1.1
20220728	26.4	0.0	83.9	1006.3	0.9
20220729	28.4	0.0	76.0	1006.7	1.7
20220730	27.1	0.0	80.4	1003.7	1.6
20220731	26.4	56.9	89.8	1001.4	2.9
20220801	27.5	19.9	84.8	1001.8	4.1
20220802	27.1	29.5	89.9	1005.9	2.4
20220803	27.1	10.5	91.1	1006.4	0.8
20220804	29.0	0.0	78.8	1004.7	1.5
20220805	28.6	0.0	80.9	1001.9	1.3
20220806	29.6	0.0	77.6	1001.3	1.3
20220807	28.6	0.0	80.4	1003.0	1.4
20220808	28.8	0.0	75.4	1004.2	2.2
20220809	28.9	0.0	74.6	1003.9	1.8
20220810	28.2	0.0	77.4	1002.9	1.6
20220811	27.9	0.3	80.6	1001.3	1.8
20220812	28.6	0.0	81.3	1000.7	1.2
20220813	28.2	0.0	82.4	1001.5	1.0
20220814	28.9	0.0	76.4	1002.3	1.6
20220815	29.2	0.0	73.5	1000.0	2.4
20220816	26.7	64.3	89.9	999.8	1.6
20220817	24.4	14.5	96.6	1001.1	0.7
20220818	24.2	0.0	81.0	1002.8	1.1
20220819	26.5	0.0	81.1	1000.0	1.4
20220820	27.3	16.9	88.3	997.7	1.1
20220821	25.7	0.0	80.5	1000.0	1.1
20220822	25.3	0.0	69.8	999.9	0.9
20220823	26.4	0.0	81.3	1000.7	0.7
20220824	22.8	52.6	92.1	1002.6	1.6
20220825	23.6	0.0	81.8	1002.2	1.0
20220826	23.9	0.0	64.5	1001.8	1.0
20220827	22.7	0.0	68.0	1004.0	1.2
20220828	21.5	0.0	67.9	1009.4	1.3
20220829	22.2	0.0	75.6	1009.8	1.2
20220830	21.5	21.7	94.0	1005.3	0.8
20220831	23.3	4.8	90.6	1002.2	0.6
20220901	21.9	1.0	88.5	1007.7	0.8
20220902	20.9	20.5	94.4	1009.5	1.7
20220903	21.7	7.2	95.5	1008.4	1.6
20220904	24.4	0.0	88.5	1004.8	1.0
20220905	24.3	107.2	97.4	996.5	1.4
20220906	23.7	192.6	71.4	995.3	4.1
20220907	21.4	0.0	70.0	1011.1	1.0
20220908	21.4	0.0	70.5	1012.0	1.2
20220909	21.6	0.0	75.0	1011.8	1.2
20220910	21.7	0.0	75.8	1011.7	1.8
20220911	22.8	0.0	77.5	1009.4	1.0
20220912	22.6	0.3	84.8	1008.7	1.0
20220913	24.4	0.0	74.5	1008.9	1.6
20220914	23.8	0.0	69.5	1009.2	2.2
20220915	24.0	0.0	76.4	1006.4	1.9
20220916	24.8	0.0	80.9	1004.0	0.9
20220917	25.5	0.0	82.9	1002.3	1.1
20220918	26.9	0.0	75.8	993.6	2.1
20220919	27.9	0.0	61.8	990.9	2.9
20220920	20.7	0.0	59.9	1007.2	1.7
20220921	19.0	0.0	64.4	1011.9	1.6
20220922	18.9	0.0	71.5	1009.9	1.2
20220923	20.7	0.0	65.3	1007.4	1.7
20220924	18.8	0.0	58.5	1010.7	1.2
20220925	18.9	0.0	70.6	1011.1	1.1
20220926	18.9	0.0	78.1	1011.2	0.9
20220927	20.4	0.0	73.3	1010.1	1.0
20220928	20.4	0.0	72.9	1008.5	0.9
20220929	20.8	0.0	73.9	1009.0	1.1
20220930	20.8	0.0	71.0	1010.7	1.0
20221001	21.3	0.0	68.8	1012.3	0.9
20221002	21.7	0.0	75.8	1012.6	1.0
20221003	25.8	0.0	76.0	1010.1	1.6
20221004	23.0	8.4	79.1	1007.3	2.1
20221005	17.9	3.2	86.3	1013.6	1.1
20221006	17.6	4.8	80.0	1013.0	0.9
20221007	17.8	0.0	61.8	1013.0	1.6
20221008	17.1	0.0	63.5	1018.1	2.6
20221009	15.4	1.7	78.5	1012.4	1.9
20221010	14.5	0.0	57.4	1010.1	3.6
20221011	14.7	0.0	61.3	1014.9	2.1
20221012	15.4	0.0	69.0	1020.2	1.4
20221013	17.6	0.0	69.1	1018.1	2.0
20221014	16.8	0.0	75.6	1014.3	1.2
20221015	17.7	0.0	79.0	1013.5	1.0
20221016	18.5	0.0	76.6	1012.3	0.8
20221017	16.0	0.0	53.0	1011.4	2.4
20221018	11.3	0.0	48.9	1016.0	1.6
20221019	11.4	0.0	55.0	1019.5	1.4
20221020	12.9	0.0	55.8	1022.0	1.2
20221021	15.9	0.0	70.5	1019.2	0.9
20221022	18.2	0.0	67.9	1014.3	1.0
20221023	15.8	0.0	61.9	1012.0	1.2
20221024	12.8	0.0	48.6	1014.5	2.0
20221025	12.1	0.0	57.9	1021.6	1.5
20221026	13.0	0.0	65.8	1021.7	1.2
20221027	15.1	0.0	59.9	1019.1	1.0
20221028	14.8	0.0	68.1	1019.8	0.9
20221029	15.1	0.0	74.8	1020.7	1.2
20221030	14.4	0.0	75.6	1019.9	1.4
20221031	14.4	0.0	69.5	1018.4	1.5
20221101	14.7	0.0	64.6	1015.5	1.2
20221102	13.8	0.0	64.6	1014.5	1.2
20221103	13.7	0.0	59.4	1012.3	1.1
20221104	10.4	0.0	46.0	1015.1	1.5
20221105	9.0	0.0	44.8	1018.6	1.2
20221106	10.0	0.0	53.5	1018.9	1.2
20221107	10.9	0.0	64.4	1017.8	1.0
20221108	12.2	0.0	56.8	1019.2	0.9
20221109	12.5	0.0	64.1	1019.5	1.0
20221110	13.2	0.0	61.9	1018.9	0.8
20221111	14.8	0.0	70.9	1020.3	1.0
20221112	16.8	13.1	85.5	1013.3	0.9
20221113	15.7	7.8	71.1	1008.4	2.6
20221114	12.4	0.0	65.1	1012.2	1.4
20221115	9.9	0.0	62.0	1012.1	1.4
20221116	11.5	0.0	63.0	1014.9	1.5
20221117	10.7	0.0	59.5	1018.1	1.1
20221118	10.9	0.0	63.5	1020.0	1.3
20221119	13.1	0.0	69.4	1016.8	1.3
20221120	12.8	0.3	81.3	1014.4	0.9
20221121	11.9	0.0	78.3	1015.7	0.7
20221122	12.6	2.5	80.0	1014.1	0.9
20221123	13.0	0.6	77.3	1010.4	1.0
20221124	10.7	0.0	57.4	1015.1	1.0
20221125	10.8	0.0	73.4	1013.7	0.8
20221126	12.9	0.0	59.5	1011.1	1.2
20221127	10.0	0.0	57.1	1015.1	1.0
20221128	15.5	18.9	76.0	1010.6	1.8
20221129	14.8	13.7	76.1	1007.4	1.6
20221130	3.0	0.0	44.6	1022.0	2.1
20221201	1.1	0.0	46.6	1024.3	1.8
20221202	1.9	0.0	56.5	1024.0	1.1
20221203	5.8	0.0	71.9	1019.9	0.5
20221204	6.6	0.0	44.4	1021.6	1.5
20221205	2.9	0.0	38.8	1020.7	1.2
20221206	4.5	0.0	47.6	1018.7	1.9
20221207	6.5	0.0	53.8	1018.7	1.8
20221208	5.8	0.0	62.5	1019.8	0.8
20221209	7.1	0.0	63.8	1016.8	0.7
20221210	7.0	0.0	65.5	1013.6	0.8
20221211	6.5	0.0	49.9	1015.7	1.2
20221212	5.1	1.3	67.1	1014.6	1.1
20221213	6.8	0.0	49.3	1013.6	3.1
20221214	0.1	0.0	49.6	1020.2	3.1
20221215	0.8	0.0	64.9	1020.0	0.9
20221216	3.9	0.0	41.0	1021.4	1.6
20221217	0.8	0.0	43.3	1018.3	2.7
20221218	-2.6	0.0	55.4	1016.8	1.7
20221219	-0.7	0.0	63.6	1020.7	1.0
20221220	1.4	0.0	70.8	1020.2	0.9
20221221	3.1	6.5	85.6	1007.0	1.1
20221222	-0.1	0.0	60.6	1003.8	3.4
20221223	-2.8	0.0	58.6	1006.6	4.6
20221224	-1.7	0.0	62.6	1011.9	1.6
20221225	-0.7	0.0	63.8	1015.6	1.4
20221226	-0.2	0.0	62.6	1018.7	0.7
20221227	1.6	0.0	55.1	1021.7	1.1
20221228	2.0	0.0	55.8	1023.2	1.8
20221229	1.3	0.0	56.4	1026.0	1.3
20221230	2.0	0.0	62.0	1025.6	1.6
20221231	1.9	0.0	60.3	1024.5	1.5
20230101	4.3	0.0	56.0	1023.6	2.1
20230102	1.6	0.0	38.0	1023.6	1.1
20230103	0.6	0.0	49.0	1022.8	1.4
20230104	1.7	0.0	55.0	1024.2	1.4
20230105	2.6	0.0	70.3	1024.3	0.9
20230106	3.8	2.7	69.8	1017.1	0.8
20230107	5.3	0.7	52.6	1014.0	2.8
20230108	2.8	0.0	63.0	1019.3	0.7
20230109	6.0	0.0	74.4	1017.6	1.1
20230110	5.0	0.0	64.8	1022.4	1.1
20230111	5.7	0.0	76.5	1020.0	0.8
20230112	6.7	8.6	79.8	1017.3	0.6
20230113	16.4	89.0	87.1	1006.0	2.2
20230114	11.1	6.9	97.9	1006.6	0.7
20230115	4.4	0.6	80.6	1010.5	1.9
20230116	0.9	0.0	49.9	1016.4	1.6
20230117	0.1	0.0	56.1	1019.2	1.1
20230118	1.6	0.0	60.9	1019.9	1.3
20230119	1.6	0.0	67.8	1018.8	1.0
20230120	2.6	0.0	51.1	1020.3	2.6
20230121	-0.9	0.0	49.6	1023.5	1.1
20230122	1.7	0.0	48.9	1020.2	1.1
20230123	4.3	0.0	55.8	1015.4	1.5
20230124	-5.4	0.0	37.0	1019.4	4.8
20230125	-6.0	0.0	36.0	1023.2	1.4
20230126	-0.2	0.0	55.8	1018.0	1.0
20230127	-0.3	0.0	42.3	1014.7	3.3
20230128	-1.4	0.0	47.4	1016.6	2.4
20230129	3.0	0.0	52.0	1014.9	2.2
20230130	2.6	0.0	34.1	1017.0	2.1
20230131	3.6	0.0	54.8	1014.5	1.3
20230201	7.2	0.0	51.9	1011.8	1.9
20230202	2.8	0.0	39.4	1018.8	1.2
20230203	3.7	0.0	32.4	1015.9	1.2
20230204	1.6	0.0	44.6	1018.5	1.0
20230205	2.7	0.0	47.5	1019.1	1.1
20230206	3.9	0.0	44.4	1016.1	0.8
20230207	7.3	0.0	49.1	1014.1	1.1
20230208	6.5	0.0	49.0	1019.0	1.0
20230209	5.6	7.1	55.6	1020.8	2.0
20230210	4.8	22.7	83.3	1013.6	1.2
20230211	5.0	0.0	76.8	1017.6	0.9
20230212	5.7	0.5	79.0	1014.8	1.0
20230213	6.8	0.8	82.3	1011.2	0.8
20230214	6.1	0.0	68.0	1015.1	1.0
20230215	4.9	0.0	66.5	1022.7	2.2
20230216	4.9	0.0	72.4	1024.8	0.8
20230217	4.9	0.8	78.6	1021.7	0.6
20230218	7.4	0.6	86.1	1014.4	0.7
20230219	7.7	0.0	56.9	1012.2	3.3
20230220	2.9	0.0	44.4	1019.5	2.4
20230221	0.8	0.0	43.8	1027.4	1.3
20230222	4.4	0.3	60.9	1024.1	1.2
20230223	7.4	1.7	70.9	1016.9	1.0
20230224	8.8	0.0	39.1	1016.6	1.5
20230225	3.4	0.0	40.4	1024.2	1.5
20230226	3.3	0.0	41.3	1030.0	1.2
20230227	5.1	0.0	55.8	1028.4	1.1
20230228	9.3	0.0	60.6	1021.9	1.6
20230301	10.1	0.2	56.8	1015.5	1.8
20230302	5.1	0.0	30.3	1020.6	2.2
20230303	5.8	0.0	42.9	1021.6	1.1
20230304	8.5	0.0	49.1	1022.2	1.0
20230305	8.4	0.0	62.8	1021.8	1.1
20230306	10.2	0.0	60.8	1018.3	1.5
20230307	12.2	0.0	58.4	1016.7	1.3
20230308	13.8	0.0	60.3	1015.5	1.3
20230309	15.8	0.0	73.6	1010.5	1.6
20230310	11.9	0.0	69.8	1014.9	0.9
20230311	12.5	0.0	80.5	1017.6	0.6
20230312	9.7	4.9	76.3	1014.4	2.3
20230313	5.3	0.0	37.9	1017.1	2.1
20230314	8.4	0.0	63.9	1015.3	1.2
20230315	12.7	0.0	74.6	1015.6	1.2
20230316	11.4	0.0	47.3	1019.4	1.3
20230317	10.1	0.0	53.5	1016.8	1.4
20230318	11.2	0.0	50.4	1012.2	1.3
20230319	10.0	0.0	45.5	1013.9	1.4
20230320	10.6	0.0	60.1	1010.7	1.4
20230321	13.2	0.0	65.3	1006.9	0.9
20230322	14.6	7.9	86.4	1005.0	0.6
20230323	15.6	36.5	97.0	1000.4	0.5
20230324	12.6	11.1	97.9	1009.5	0.7
20230325	11.0	1.5	82.3	1013.2	1.5
20230326	11.6	0.3	72.6	1010.5	1.1
20230327	10.3	0.0	39.9	1014.9	1.5
20230328	11.3	0.0	49.5	1018.2	1.2
20230329	12.0	0.0	56.6	1016.7	1.1
20230330	13.7	0.0	48.8	1013.9	0.9
20230331	15.1	0.0	43.9	1012.3	1.0
20230401	15.2	0.0	46.9	1010.9	1.4
20230402	15.2	0.0	50.6	1013.2	2.4
20230403	14.4	0.0	52.0	1017.2	2.2
20230404	14.6	2.3	71.8	1015.1	1.6
20230405	15.4	91.4	87.9	1006.2	3.6
20230406	11.9	3.4	77.4	1006.0	2.1
20230407	12.3	1.1	55.4	1008.5	2.5
20230408	10.6	0.0	34.4	1014.4	3.0
20230409	11.9	0.0	46.0	1014.1	1.6
20230410	13.2	0.0	57.8	1012.3	1.5
20230411	17.4	0.2	74.0	1008.1	2.0
20230412	14.5	0.0	27.6	1011.0	1.8
20230413	14.0	0.0	33.4	1012.8	1.3
20230414	12.8	7.9	86.3	1008.6	0.6
20230415	14.0	1.6	80.9	999.0	1.3
20230416	12.3	0.0	70.9	1000.1	1.3
20230417	12.8	0.0	63.9	1011.1	1.3
20230418	17.6	0.0	84.1	1006.8	1.7
20230419	16.8	2.4	98.6	1005.3	0.4
20230420	19.1	0.0	77.3	1003.8	0.8
20230421	18.1	0.0	64.0	1005.4	1.8
20230422	15.2	0.0	46.1	1013.7	2.6
20230423	13.9	0.0	53.5	1017.5	2.1
20230424	13.5	0.0	59.1	1018.2	2.0
20230425	10.1	11.6	86.1	1009.7	1.9
20230426	12.2	0.0	61.9	1008.3	2.0
20230427	12.8	0.0	63.4	1015.3	1.5
20230428	15.8	0.8	81.1	1012.4	1.5
20230429	16.6	22.0	85.6	1002.5	2.1
20230430	15.1	0.0	56.0	1006.0	1.9
20230501	16.4	0.0	47.8	1011.5	1.9
20230502	15.7	0.0	51.1	1018.2	1.2
20230503	16.3	0.0	72.8	1017.3	1.1
20230504	16.7	45.8	86.3	1010.7	2.3
20230505	19.1	258.3	93.6	1000.1	4.2
20230506	16.3	10.7	96.4	999.9	1.8
20230507	11.5	7.1	87.4	1005.5	2.9
20230508	13.5	0.0	64.4	1011.0	1.4
20230509	16.4	0.0	63.4	1010.9	1.1
20230510	17.8	0.0	52.9	1010.8	1.0
20230511	17.1	0.0	61.6	1013.3	1.2
20230512	16.8	0.0	65.0	1012.3	1.3
20230513	14.8	1.4	89.8	1007.9	1.0
20230514	18.2	0.0	73.9	1004.0	1.0
20230515	18.7	0.0	71.4	1004.4	1.2
20230516	20.0	0.0	73.6	1007.1	0.8
20230517	20.3	0.0	82.9	1009.8	1.1
20230518	17.5	46.9	96.3	1005.1	0.8
20230519	18.6	0.2	83.5	1003.3	1.9
20230520	18.7	0.0	78.9	1006.0	1.1
20230521	20.9	0.0	71.1	1003.2	1.3
20230522	17.5	0.3	65.9	1002.7	1.0
20230523	16.5	1.2	74.9	1005.4	1.3
20230524	18.1	0.0	67.4	1009.8	0.9
20230525	18.7	0.0	63.6	1011.7	1.1
20230526	20.0	0.0	80.4	1013.7	1.2
20230527	21.8	0.0	77.3	1013.2	1.6
20230528	21.8	8.8	91.4	1008.9	1.9
20230529	22.3	18.3	92.4	1005.3	1.5
20230530	19.1	16.0	96.4	1005.5	0.7
20230531	20.0	0.5	65.3	1005.9	1.7
20230601	17.2	2.7	86.5	1001.9	0.6
20230602	23.3	0.3	71.4	995.9	1.2
20230603	22.2	0.0	64.3	1002.6	1.2
20230604	23.1	0.0	47.9	1005.6	1.1
20230605	22.3	0.0	56.8	1005.9	1.1
20230606	20.5	0.0	71.9	1002.2	1.1
20230607	21.7	0.0	69.5	1004.2	1.1
20230608	21.0	0.0	76.0	1000.7	0.9
20230609	21.5	0.0	79.8	999.8	1.2
20230610	22.1	0.0	81.1	1001.0	1.2
20230611	22.5	0.3	86.6	1000.5	0.9
20230612	23.3	0.1	80.5	1000.1	1.0
20230613	22.6	0.0	78.5	999.1	1.0
20230614	22.3	0.0	75.4	1000.5	1.2
20230615	21.0	0.9	83.3	1003.5	1.3
20230616	22.8	0.0	71.3	1007.8	1.1
20230617	23.6	0.0	67.3	1007.3	1.0
20230618	24.5	0.0	68.5	1002.0	0.9
20230619	24.1	0.0	71.4	1001.7	1.3
20230620	22.7	24.5	71.8	1000.3	1.7
20230621	21.4	13.6	94.3	996.7	0.9
20230622	24.3	0.0	66.4	998.5	2.0
20230623	23.1	0.0	72.5	1004.8	1.1
20230624	22.4	0.0	81.8	1009.7	1.1
20230625	21.0	61.6	93.0	1008.1	1.0
20230626	24.0	9.3	94.5	1004.3	1.9
20230627	24.4	129.3	90.8	1005.8	2.0
20230628	22.5	80.3	90.1	1005.0	0.8
20230629	24.6	8.8	93.5	999.3	1.8
20230630	24.2	33.2	91.8	996.4	1.6
20230701	23.5	0.2	93.1	1001.4	0.7
20230702	24.3	0.0	88.4	1003.8	0.7
20230703	25.0	0.4	90.1	1001.3	0.8
20230704	23.6	15.6	95.9	997.7	0.8
20230705	26.5	26.1	77.4	992.2	2.6
20230706	25.2	0.0	74.6	998.5	0.9
20230707	22.0	46.5	96.9	998.3	0.8
20230708	22.5	11.4	98.4	998.4	0.3
20230709	25.1	6.5	93.6	999.5	0.6
20230710	25.8	6.9	86.1	1000.8	1.3
20230711	26.2	5.5	88.3	1002.1	1.6
20230712	24.6	149.4	96.1	1001.7	0.8
20230713	25.9	0.0	91.3	1001.6	1.4
20230714	26.3	21.7	88.3	998.7	2.3
20230715	26.3	6.4	85.3	999.3	2.3
20230716	22.8	237.8	98.8	1004.1	0.5
20230717	25.5	5.2	94.5	1007.8	1.0
20230718	24.7	87.9	96.9	1004.6	1.2
20230719	24.9	0.4	91.9	1002.4	0.8
20230720	25.1	0.0	87.6	1004.3	0.6
20230721	24.9	0.0	84.1	1007.7	1.1
20230722	24.2	4.3	90.4	1009.0	1.0
20230723	27.0	13.4	87.4	1005.4	2.7
20230724	25.9	17.0	91.3	1005.2	1.7
20230725	25.9	4.7	89.5	1009.0	0.8
20230726	26.0	42.5	90.5	1010.5	0.8
20230727	27.1	0.0	82.4	1009.6	0.9
20230728	26.7	0.0	84.4	1009.5	0.8
20230729	27.7	0.0	74.8	1009.4	1.0
20230730	27.0	0.0	76.1	1008.6	1.0
20230731	27.9	0.0	73.6	1007.3	1.0
20230801	27.7	0.0	77.9	1005.7	1.3
20230802	28.1	0.0	71.8	1003.1	1.2
20230803	28.3	0.0	74.5	1001.5	1.0
20230804	28.3	0.0	74.9	999.6	0.9
20230805	29.1	0.0	73.3	995.2	0.9
20230806	28.6	0.0	77.9	992.9	1.3
20230807	29.3	0.0	76.5	993.7	1.2
20230808	29.1	0.0	74.9	995.9	1.7
20230809	25.2	73.3	93.3	994.5	2.1
20230810	24.8	130.2	84.9	987.6	3.1
20230811	26.9	0.0	77.9	997.3	1.9
20230812	26.9	0.0	78.3	998.8	1.0
20230813	26.5	0.0	82.0	999.8	1.0
20230814	26.9	0.0	80.8	1000.5	1.0
20230815	27.3	0.0	77.9	999.3	1.4
20230816	27.1	4.4	83.4	999.1	1.2
20230817	26.2	12.5	87.9	1000.2	0.9
20230818	26.3	0.0	85.3	1001.8	0.8
20230819	26.6	23.4	91.6	1004.7	0.8
20230820	27.7	0.0	83.3	1006.3	1.1
20230821	27.3	0.0	83.8	1004.2	
20230822	28.2	0.3	81.6	1001.1	
20230823	28.2	4.5	81.3	1000.7	
20230824	26.5	56.4	89.9	1001.1	
20230825	26.8	0.0	76.1	1003.0	
20230826	26.0	0.0	78.5	1003.9	
20230827	26.9	0.0	80.0	1003.0	
20230828	25.9	30.6	87.1	1002.5	
20230829	26.9	32.6	87.8	1002.0	
20230830	26.1	27.8	90.6	1003.3	
20230831	25.1	8.2	87.9	1004.4	
20230901	25.0	8.9	89.5	1005.8	1.0
20230902	23.8	10.4	93.1	1006.7	1.0
20230903	26.1	0.0	87.1	1007.3	1.0
20230904	26.6	0.0	84.3	1006.4	1.2
20230905	26.3	0.0	72.8	1005.7	1.5
20230906	25.6	0.0	71.8	1006.1	1.7
20230907	25.3	0.0	64.8	1008.5	2.0
20230908	23.7	0.0	69.9	1007.6	1.4
20230909	23.6	0.0	75.6	1006.3	1.3
20230910	23.8	0.0	80.9	1005.5	1.2
20230911	24.5	0.0	83.5	1004.5	1.2
20230912	24.8	0.0	80.6	1005.6	1.2
20230913	25.2	7.1	85.3	1005.2	1.1
20230914	23.5	36.2	96.4	1006.9	0.8
20230915	23.5	4.4	94.8	1008.3	1.5
20230916	23.7	102.2	97.9	1007.5	0.9
20230917	24.5	51.3	91.6	1005.8	1.3
20230918	25.0	0.0	87.5	1007.6	1.0
20230919	23.7	0.0	84.8	1008.9	0.9
20230920	24.2	42.8	91.5	1004.2	1.7
20230921	21.8	15.3	94.6	1004.4	2.0
20230922	21.4	0.0	85.9	1010.0	1.2
20230923	21.9	0.0	71.3	1013.6	1.9
20230924	22.0	0.0	66.1	1013.3	2.6
20230925	22.0	0.0	76.8	1010.7	1.4
20230926	23.5	0.1	85.1	1008.0	1.1
20230927	24.2	0.0	74.8	1006.6	1.9
20230928	23.9	0.0	71.4	1008.1	1.7
20230929	22.2	0.0	75.0	1008.6	1.4
20230930	19.7	2.2	81.6	1006.1	1.0
20231001	19.2	0.0	66.0	1008.6	1.3
20231002	18.7	0.0	59.4	1012.5	1.4
20231003	17.7	0.6	78.5	1012.4	1.4
20231004	19.4	0.0	66.1	1008.7	1.5
20231005	17.6	0.0	45.1	1009.4	1.8
20231006	16.3	0.0	56.1	1013.2	1.3
20231007	17.3	2.7	74.9	1016.4	1.2
20231008	18.3	1.0	74.5	1016.1	2.5
20231009	19.1	0.0	73.4	1013.7	1.4
20231010	18.5	0.0	65.3	1014.8	1.3
20231011	17.7	0.0	68.6	1018.6	1.7
20231012	17.1	0.0	65.8	1018.6	1.5
20231013	18.0	0.0	67.8	1012.5	1.2
20231014	18.7	0.0	64.5	1005.3	1.4
20231015	18.5	0.0	60.9	1005.8	2.5
20231016	17.8	0.0	58.3	1009.5	2.3
20231017	15.1	0.0	62.8	1013.4	1.2
20231018	16.0	0.0	73.6	1015.0	1.2
20231019	18.8	0.1	75.0	1011.1	1.3
20231020	15.0	0.1	53.5	1010.9	3.1
20231021	13.3	0.0	53.3	1016.0	2.3
20231022	13.5	0.0	63.4	1018.0	1.3
20231023	14.6	0.0	75.3	1017.7	1.1
20231024	14.8	0.0	72.1	1015.2	1.0
20231025	15.8	0.0	77.1	1012.7	0.9
20231026	17.5	0.0	75.9	1009.9	1.1
20231027	17.1	0.0	60.6	1008.8	1.9
20231028	14.8	0.0	72.6	1013.0	1.3
20231029	14.8	0.0	77.5	1016.5	1.2
20231030	15.5	0.0	78.5	1017.1	1.0
20231031	16.0	0.0	67.5	1016.9	1.1
20231101	17.9	0.0	73.8	1014.9	1.3
20231102	19.8	0.0	67.6	1013.3	1.2
20231103	19.2	0.0	77.0	1011.6	1.2
20231104	18.6	0.0	85.0	1015.1	0.8
20231105	20.3	19.4	86.1	1012.9	1.7
20231106	18.0	36.8	64.5	1005.3	4.1
20231107	12.1	0.0	55.4	1014.4	2.4
20231108	11.2	0.0	67.8	1017.1	1.3
20231109	15.0	0.6	81.6	1015.0	0.8
20231110	13.1	8.6	61.1	1015.2	1.7
20231111	8.0	0.0	44.3	1020.5	1.4
20231112	7.1	0.0	49.5	1019.9	2.3
20231113	5.8	0.0	53.6	1020.8	1.2
20231114	7.1	0.0	64.5	1020.6	1.1
20231115	8.7	0.0	73.3	1021.9	0.9
20231116	8.4	14.1	88.4	1015.0	1.0
20231117	7.2	0.0	63.6	1008.9	2.4
20231118	5.5	0.2	56.9	1012.3	3.7
20231119	10.6	0.0	61.1	1013.0	2.3
20231120	9.6	0.0	60.3	1017.4	1.2
20231121	9.2	0.0	76.5	1016.5	1.1
20231122	12.0	0.0	80.9	1012.1	1.0
20231123	15.6	0.0	63.8	1008.4	2.6
20231124	5.5	0.0	45.4	1020.4	3.0
20231125	2.3	0.0	46.0	1025.3	1.3
20231126	5.1	0.0	45.8	1019.3	1.0
20231127	9.7	0.0	66.4	1010.3	0.9
20231128	7.9	0.0	53.0	1015.4	2.5
20231129	6.9	0.0	61.0	1018.4	1.8
20231130	2.8	0.0	47.9	1020.6	2.5
20231201	2.7	0.0	57.6	1019.5	1.8
20231202	4.8	0.0	62.8	1020.8	1.2
20231203	7.4	0.0	53.6	1019.7	1.8
20231204	5.5	0.0	58.6	1016.0	0.8
20231205	7.2	0.0	54.0	1011.8	1.0
20231206	8.9	0.0	72.4	1006.6	1.6
20231207	8.5	0.0	50.4	1011.4	2.1
20231208	10.9	0.0	78.1	1012.0	1.0
20231209	14.8	0.0	78.3	1013.5	1.4
20231210	12.9	0.2	85.1	1016.9	0.6
20231211	12.2	33.6	95.4	1009.5	1.1
20231212	9.7	6.2	92.9	1013.8	1.4
20231213	9.3	0.0	82.0	1022.3	1.1
20231214	9.7	44.6	91.1	1017.7	1.0
20231215	13.3	1.8	87.0	1006.7	2.8
20231216	3.4	0.0	61.5	1015.6	3.9
20231217	-1.8	0.0	52.4	1025.9	2.6
20231218	-1.2	0.0	58.1	1027.6	1.1
20231219	2.3	0.0	57.8	1021.8	1.1
20231220	0.9	0.0	56.0	1019.5	2.9
20231221	-3.3	0.0	50.1	1023.0	2.5
20231222	-3.4	0.0	53.0	1028.3	2.0
20231223	-1.8	0.0	62.9	1030.3	1.1
20231224	1.3	0.2	64.5	1025.1	1.3
20231225	2.4	0.0	59.3	1023.8	1.9
20231226	4.7	0.0	62.4	1024.0	1.6
20231227	5.4	0.0	61.5	1024.5	0.9
20231228	5.2	0.0	68.6	1021.8	1.5
20231229	3.8	0.0	66.4	1020.7	1.2
20231230	4.9	0.9	81.5	1012.6	0.9
20231231	6.9	2.1	71.3	1012.0	2.6
20240101	5.2	0.0	71.8	1021.5	1.1
20240102	7.7	0.1	60.8	1015.9	1.8
20240103	5.7	0.2	63.8	1013.3	2.0
20240104	4.4	0.0	59.8	1017.1	1.3
20240105	8.1	0.0	68.5	1015.6	1.3
20240106	5.9	0.0	51.3	1015.3	1.4
20240107	2.2	0.0	47.5	1019.2	2.7
20240108	-0.5	0.0	51.3	1020.5	1.1
20240109	1.3	5.2	76.9	1014.6	0.7
20240110	3.3	0.0	79.8	1013.1	1.2
20240111	3.5	0.0	66.9	1012.8	2.0
20240112	7.3	0.0	51.8	1012.3	1.9
20240113	3.3	0.0	52.1	1018.6	0.8
20240114	7.3	0.0	72.3	1016.1	2.0
20240115	3.3	0.0	53.0	1019.2	1.3
20240116	2.7	0.0	51.1	1025.9	1.2
20240117	5.2	0.0	70.0	1020.7	0.5
20240118	10.6	12.8	89.3	1015.8	1.7
20240119	6.7	3.3	81.4	1021.3	2.5
20240120	5.6	28.0	89.9	1017.4	3.2
20240121	6.9	0.3	80.6	1017.6	1.3
20240122	-0.7	0.4	56.6	1019.4	3.2
20240123	-3.6	0.0	49.8	1018.8	3.9
20240124	-1.9	0.0	47.9	1018.4	3.8
20240125	-0.8	0.0	48.9	1021.5	1.5
20240126	1.5	0.0	54.8	1022.2	1.1
20240127	3.0	0.0	56.9	1020.5	1.2
20240128	2.9	0.0	53.3	1021.9	1.5
20240129	1.6	0.0	60.6	1024.4	1.1
20240130	3.7	0.1	60.0	1023.3	1.1
20240131	7.4	2.6	82.1	1017.6	0.8
20240201	7.1	3.4	85.8	1017.9	0.7
20240202	5.8	0.1	78.1	1021.3	1.4
20240203	6.4	4.5	83.9	1021.4	1.3
20240204	7.1	4.2	83.5	1019.0	1.9
20240205	5.3	12.1	94.4	1013.2	2.7
20240206	4.5	0.1	88.0	1018.4	1.0
20240207	2.8	0.0	66.6	1016.5	1.2
20240208	3.0	0.0	67.0	1015.0	1.1
20240209	3.9	0.0	59.0	1015.7	1.7
20240210	4.2	0.0	58.4	1018.1	1.2
20240211	5.6	0.0	45.9	1019.0	2.7
20240212	4.4	0.0	64.8	1024.6	1.2
20240213	8.8	0.0	73.5	1022.2	1.2
20240214	11.6	13.0	90.6	1017.3	0.9
20240215	9.5	0.5	76.0	1012.5	1.6
20240216	4.6	0.0	62.6	1019.0	1.4
20240217	5.9	0.0	71.5	1017.1	1.0
20240218	7.6	59.3	91.5	1014.6	1.0
20240219	16.6	38.6	84.3	1006.5	2.5
20240220	9.1	14.6	95.8	1015.5	1.7
20240221	6.1	25.8	97.6	1014.2	3.1
20240222	4.1	7.0	90.5	1019.0	3.7
20240223	4.2	0.3	76.5	1023.1	2.8
20240224	4.8	3.6	69.5	1022.1	2.9
20240225	5.0	1.0	87.1	1016.7	1.3
20240226	6.2	0.0	67.8	1020.9	1.4
20240227	5.5	0.0	61.4	1024.7	1.9
20240228	6.2	0.0	65.0	1022.9	1.5
20240229	5.2	8.4	85.6	1015.9	1.7
20240301	1.9	0.0	40.1	1015.9	3.4
20240302	0.7	0.0	49.6	1017.3	1.7
20240303	6.7	0.0	61.3	1014.5	1.6
20240304	8.2	1.0	65.9	1015.4	1.1
20240305	6.6	8.4	92.6	1007.4	3.0
20240306	9.3	0.0	66.4	1009.6	2.1
20240307	6.6	0.2	63.0	1011.4	1.6
20240308	5.5	0.0	40.3	1012.4	3.1
20240309	3.9	0.0	49.8	1018.2	1.6
20240310	6.2	0.0	54.6	1022.5	1.6
20240311	7.3	0.7	74.4	1015.6	1.0
20240312	7.9	0.0	75.3	1009.4	1.5
20240313	8.6	0.0	53.6	1015.3	1.8
20240314	9.9	0.0	44.3	1016.3	1.4
20240315	11.0	0.0	39.5	1018.0	1.6
20240316	12.6	0.0	38.4	1016.0	1.3
20240317	14.0	0.1	53.4	1009.4	2.0
20240318	9.5	0.0	50.1	1016.1	1.5
20240319	10.9	0.0	37.4	1011.7	3.2
20240320	6.9	0.0	34.8	1014.4	3.8
20240321	5.9	0.0	51.0	1013.5	1.4
20240322	11.0	8.3	75.3	1010.6	1.9
20240323	16.4	0.0	72.0	1008.8	1.5
20240324	11.7	4.4	85.6	1011.9	1.8
20240325	10.3	15.7	89.4	1009.5	2.0
20240326	8.9	18.1	81.9	1012.2	2.2
20240327	10.1	0.0	78.9	1018.1	1.2
20240328	10.4	93.0	93.8	1004.0	1.3
20240329	13.0	0.0	66.9	1003.9	2.5
20240330	13.3	0.0	63.8	1006.7	1.5
20240331	12.5	0.0	66.6	1006.0	1.1
20240401	13.9	0.0	58.9	1008.7	1.1
20240402	13.4	22.3	77.8	1008.8	1.1
20240403	13.3	53.8	99.3	1000.9	1.2
20240404	13.0	0.0	90.0	1009.9	0.7
20240405	12.8	0.0	67.3	1014.0	1.3
20240406	13.3	0.0	75.3	1013.2	0.9
20240407	15.6	0.0	61.4	1011.5	0.9
20240408	16.8	0.0	56.9	1010.0	0.9
20240409	13.5	0.0	66.1	1015.7	1.5
20240410	12.4	0.0	68.4	1020.3	1.0
20240411	12.8	0.0	80.9	1016.9	0.7
20240412	15.1	0.0	76.6	1012.9	1.0
20240413	16.8	0.0	61.9	1012.3	1.0
20240414	16.9	0.0	64.8	1013.0	1.1
20240415	15.7	41.5	90.9	1007.0	1.2
20240416	17.2	0.0	69.6	1006.5	1.4
20240417	15.8	0.0	52.6	1005.8	1.2
20240418	16.3	0.0	60.3	1004.6	1.4
20240419	17.3	0.0	61.9	1007.4	1.1
20240420	14.8	25.7	89.9	1004.2	1.3
20240421	14.8	12.1	98.9	1004.5	1.6
20240422	15.4	0.0	83.8	1007.9	1.1
20240423	14.6	3.2	79.0	1005.9	1.6
20240424	15.3	0.0	72.0	1002.9	1.8
20240425	16.2	0.0	68.6	1005.3	1.3
20240426	15.9	0.0	81.5	1004.8	0.9
20240427	18.5	0.0	71.1	1005.4	1.1
20240428	18.7	0.0	69.4	1008.0	1.0
20240429	14.8	92.8	97.8	1003.2	2.1
20240430	17.3	0.0	85.9	1001.2	1.1
20240501	13.8	3.5	82.9	1007.1	1.8
20240502	14.1	0.0	67.5	1013.1	1.6
20240503	16.6	0.0	63.8	1013.0	1.2
20240504	18.0	0.2	66.4	1012.1	1.1
20240505	18.0	242.1	94.8	1007.0	3.6
20240506	18.1	20.4	81.6	1003.5	1.9
20240507	16.0	5.7	76.8	1006.1	2.0
20240508	13.9	6.0	75.9	1011.8	2.3
20240509	17.0	0.0	65.8	1013.2	1.5
20240510	17.8	0.0	56.8	1013.7	1.5
20240511	19.1	14.9	80.8	1009.3	2.5
20240512	18.7	14.4	77.1	1003.8	1.5
20240513	17.2	0.0	59.8	1008.7	1.6
20240514	17.9	0.0	67.1	1010.4	1.3
20240515	17.5	0.0	60.4	1005.7	2.6
20240516	17.2	0.0	46.3	1005.0	3.8
20240517	18.9	0.0	51.8	1010.6	1.7
20240518	19.3	0.0	56.5	1012.0	1.1
20240519	20.9	0.0	49.9	1009.2	1.2
20240520	22.0	0.0	54.3	1009.1	1.2
20240521	19.5	0.0	71.5	1013.5	1.5
20240522	19.2	0.0	72.0	1010.6	1.0
20240523	22.0	0.0	70.4	1004.8	1.0
20240524	21.7	0.0	61.8	1006.6	1.5
20240525	19.4	0.0	53.9	1011.1	1.7
20240526	19.6	15.7	81.3	1003.1	2.0
20240527	21.5	0.0	54.6	997.9	2.4
20240528	19.6	0.0	60.9	1000.1	1.7
20240529	20.2	0.0	66.1	1007.5	1.3
20240530	19.2	0.2	69.8	1006.2	1.0
20240531	21.3	0.7	61.5	1004.4	1.6
20240601	21.8	0.0	51.6	1004.2	1.9
20240602	20.3	0.0	60.3	1004.7	1.4
20240603	19.0	0.0	77.3	1006.3	1.4
20240604	19.2	0.0	70.9	1010.9	1.6
20240605	19.9	0.0	67.5	1013.5	1.2
20240606	19.3	0.0	73.4	1012.0	1.0
20240607	21.2	0.0	63.9	1009.0	1.1
20240608	19.1	56.4	96.8	1005.0	1.3
20240609		0.6			1.5
20240610	23.5	0.0	75.8	1003.1	1.1
20240611	23.8	0.0	70.6	1002.3	1.0
20240612	24.2	0.0	69.3	1000.3	1.2
20240613	24.9	0.0	63.0	999.2	1.1
20240614	24.5	0.0	68.1	1000.5	1.3
20240615	25.5	0.0	73.9	998.1	1.4
20240616	25.4	0.0	57.9	1000.8	1.6
20240617	21.8	0.0	66.4	1002.8	0.9
20240618	25.0	0.0	61.3	1001.0	1.1
20240619	25.0	0.0	63.4	1003.7	1.2
20240620	21.4	0.6	79.5	1000.6	1.1
20240621	23.7	0.0	78.1	998.5	1.4
20240622	23.4	39.9	95.4	994.7	1.6
20240623	24.8	0.3	82.8	994.8	1.9
20240624	24.7	0.0	80.4	999.6	1.6
20240625	23.1	0.0	63.5	1005.8	1.3
20240626	22.3	0.0	60.1	1010.1	1.2
20240627	19.5	6.7	82.1	1007.3	0.9
20240628	23.0	0.0	79.5	1003.0	1.5
20240629	23.2	56.4	93.5	1000.9	1.7
20240630	24.9	45.7	92.5	995.5	2.1
20240701	25.7	3.6	85.9	999.0	1.1
20240702	25.0	37.0	95.0	1001.6	2.1
20240703	26.8	1.4	83.0	1004.9	2.1
20240704	26.8	0.5	81.5	1003.6	1.3
20240705	27.2	8.7	78.9	1000.8	2.0
20240706	26.9	0.0	81.9	1001.7	2.2
20240707	27.2	0.0	82.6	1001.5	2.9
20240708	26.9	0.0	85.3	1000.1	2.4
20240709	26.6	0.0	87.1	1000.6	2.2
20240710	25.7	32.8	86.6	996.0	2.4
20240711	23.5	0.0	92.4	997.1	0.9
20240712	24.5	0.0	83.1	997.7	1.1
20240713	23.5	0.7	89.3	1001.6	0.8
20240714	23.1	97.9	97.9	1004.7	1.0
20240715	23.9	1.3	93.8	1007.2	1.0
20240716	23.1	207.1	97.5	1007.2	0.8
20240717	26.1	0.0	90.3	1005.9	1.3
20240718	27.1	0.0	86.1	1001.2	2.2
20240719	25.3	22.0	90.1	1001.8	1.4
20240720	26.9	0.0	85.9	1004.3	1.6
20240721	27.8	13.0	81.4	1004.4	1.8
20240722	28.3	0.0	81.5	1003.7	1.7
20240723	28.7	2.0	82.6	1001.6	1.6
20240724	27.9	2.3	88.3	1000.9	1.4
20240725	27.7	11.3	87.1	1002.4	1.2
20240726	27.2	22.0	87.4	1006.5	2.0
20240727	28.1	9.3	86.1	1011.3	2.1
20240728	28.8	1.2	80.9	1009.8	1.3
20240729	29.1	0.0	76.1	1005.3	1.8
20240730	29.6	0.0	71.1	1002.9	2.0
20240731	29.3	0.0	73.0	1002.3	1.9
20240801	28.1	0.0	82.5	1000.9	1.2
20240802	29.3	0.0	81.4	1000.3	1.1
20240803	30.4	0.0	80.5	1002.0	1.0
20240804	29.3	0.0	84.0	1002.9	1.1
20240805	28.5	0.0	79.0	1003.3	1.2
20240806	28.4	0.0	80.0	1002.7	1.1
20240807	28.9	0.0	79.3	1001.2	1.0
20240808	29.3	0.0	78.0	999.5	1.0
20240809	28.3	0.0	74.1	999.2	1.2
20240810	27.7	0.0	79.9	999.1	1.1
20240811	28.0	0.0	77.6	998.8	1.1
20240812	27.8	0.0	76.4	1000.1	1.1
20240813	27.9	0.0	74.3	1003.0	1.3
20240814	28.5	0.0	74.6	1003.1	1.2
20240815	28.9	0.0	76.0	1002.8	1.3
20240816	28.3	0.0	77.0	1003.9	1.2
20240817	28.5	0.0	77.4	1005.5	1.2
20240818	28.1	0.0	75.0	1004.9	1.4
20240819	28.6	0.0	79.3	1003.6	1.1
20240820	28.2	17.9	87.8	1004.5	2.1
20240821	28.7	40.3	85.4	1004.7	1.9
20240822	28.3	10.1	85.3	1002.2	1.8
20240823	28.3	0.0	78.0	1004.0	1.1
20240824	27.9	0.0	78.8	1005.3	1.2
20240825	28.0	0.0	79.5	1004.0	1.2
20240826	27.9	0.0	81.0	1001.8	1.1
20240827	28.1	0.0	81.5	1000.2	1.7
20240828	27.0	0.0	75.9	1001.5	2.7
20240829	28.5	0.0	68.9	997.9	3.0
20240830	29.4	0.0	64.9	998.1	1.7
20240831	26.9	0.0	68.9	1001.6	1.1
20240901	26.6	0.0	75.8	1002.9	1.2
20240902	26.5	0.0	76.9	1004.1	1.0
20240903	26.4	0.0	73.4	1006.7	1.8
20240904	25.0	0.0	69.5	1005.2	1.8
20240905	26.3	0.0	74.0	1003.5	1.2
20240906	27.1	0.3	82.0	1006.1	0.9
20240907	26.6	4.4	86.5	1008.6	0.7
20240908	26.9	0.0	82.6	1008.5	0.9
20240909	27.6	0.0	79.3	1008.1	1.3
20240910	28.0	0.0	77.5	1008.5	1.4
20240911	26.8	1.3	90.0	1011.2	1.0
20240912	27.7	0.0	85.0	1009.9	1.0
20240913	27.8	0.0	82.0	1004.7	1.1
20240914	28.8	0.0	76.6	1001.2	1.1
20240915	29.4	0.0	75.9	1004.1	2.0
20240916	28.1	0.0	78.4	1009.9	2.0
20240917	29.1	0.0	78.4	1009.6	1.1
20240918	28.8	0.0	76.4	1009.1	1.1
20240919	29.0	0.0	73.9	1009.2	1.2
20240920	27.4	63.9	86.8	1005.9	2.1
20240921	25.4	228.6	89.4	1000.1	2.3
20240922	22.4	3.7	84.1	1005.9	1.8
20240923	21.0	0.0	70.4	1012.1	2.5
20240924	21.3	0.0	72.9	1010.9	1.6
20240925	22.7	0.0	79.1	1009.2	1.3
20240926	23.4	0.0	76.4	1007.9	1.1
20240927	23.9	0.0	81.5	1007.7	1.1
20240928	24.2	0.0	74.8	1011.9	2.3
20240929	23.5	0.0	68.3	1014.1	2.3
20240930	21.6	0.0	76.9	1010.7	1.3
20241001	22.3	0.0	73.4	1006.0	1.5
20241002	18.1	0.0	48.9	1011.4	2.1
20241003	17.6	12.8	68.0	1014.5	3.0
20241004	17.3	0.5	78.9	1018.1	1.6
20241005	18.9	0.0	76.8	1016.9	1.5
20241006	18.0	4.2	83.5	1014.5	1.2
20241007	16.7	2.4	84.4	1011.9	1.0
20241008	18.5	0.0	74.3	1010.7	1.2
20241009	19.2	0.0	72.0	1010.7	1.6
20241010	18.6	0.9	71.8	1010.0	1.5
20241011	18.7	0.0	74.5	1012.9	1.2
20241012	18.7	0.0	75.1	1017.3	1.1
20241013	19.7	0.0	74.1	1017.6	1.8
20241014	19.6	28.1	84.5	1014.2	1.1
20241015	20.9	0.1	90.4	1012.1	0.8
20241016	20.9	0.0	82.5	1016.3	1.2
20241017	19.6	0.0	84.4	1016.7	1.3
20241018	22.4	16.5	85.1	1009.6	1.5
20241019	21.6	11.1	78.0	1011.3	2.7
20241020	15.3	0.0	64.3	1023.3	2.9
20241021	16.9	6.4	76.0	1018.2	1.8
20241022	18.5	132.8	96.0	1009.2	1.5
20241023	16.6	0.0	64.0	1011.1	2.5
20241024	13.9	0.0	67.8	1015.7	1.4
20241025	16.6	0.0	76.6	1018.9	2.2
20241026	17.5	0.0	80.8	1015.6	1.5
20241027	15.7	2.2	85.9	1009.5	0.9
20241028	16.7	0.0	80.6	1009.3	1.3
20241029	16.5	0.0	73.9	1013.1	2.3
20241030	16.2	0.0	75.4	1016.5	1.2
20241031	16.5	0.0	80.1	1017.5	1.6
20241101	14.9	56.6	94.8	1013.5	1.4
20241102	17.1	18.9	84.8	1011.2	1.9
20241103	16.0	0.0	79.4	1017.4	1.2
20241104	15.6	0.0	77.9	1015.1	1.2
20241105	13.0	0.0	60.1	1014.6	1.6
20241106	10.2	0.0	52.3	1019.6	1.5
20241107	11.4	0.0	65.3	1023.8	1.4
20241108	13.3	0.0	79.3	1022.6	1.2
20241109	14.4	0.0	81.1	1020.6	1.3
20241110	14.4	0.0	82.8	1016.8	1.3
20241111	14.7	0.0	76.6	1014.6	1.1
20241112	14.9	0.0	79.5	1013.5	1.0
20241113	14.5	0.0	72.5	1017.2	1.4
20241114	14.7	0.0	79.1	1015.5	1.4
20241115	15.6	0.5	82.9	1013.6	1.2
20241116	17.7	0.0	77.0	1011.5	1.3
20241117	14.5	0.0	57.3	1014.2	1.8
20241118	7.4	0.0	37.4	1023.9	1.9
20241119	8.6	0.0	64.1	1023.8	1.5
20241120	10.0	0.0	67.3	1018.0	1.1
20241121	11.2	0.0	64.0	1015.6	1.5
20241122	11.1	0.0	53.1	1016.4	2.0
20241123	9.1	0.0	59.0	1021.2	1.2
20241124	9.8	0.0	72.3	1023.7	1.2
20241125	11.3	0.8	75.1	1019.8	1.4
20241126	10.2	56.0	64.6	1008.7	3.2
20241127	6.2	0.0	57.4	1009.1	2.9
20241128	7.1	0.0	60.6	1007.9	2.8
20241129	7.1	0.0	64.3	1007.8	
20241130	8.7	0.0	58.1	1011.1	1.5
20241201	9.2	0.0	74.4	1011.6	0.9
20241202	11.3	0.0	74.0	1011.7	1.1
20241203	7.5	0.0	48.6	1015.8	1.3
20241204	5.9	0.0	56.9	1015.7	2.0
20241205	8.6	0.0	48.8	1012.5	2.7
20241206	7.9	0.0	52.3	1014.7	2.3
20241207	5.0	0.0	62.4	1018.0	1.9
20241208	4.0	0.0	52.5	1019.2	2.1
20241209	3.8	0.0	61.5	1018.6	1.3
20241210	4.5	0.0	69.0	1017.0	1.0
20241211	5.3	0.0	56.3	1015.7	1.1
20241212	4.0	0.0	53.9	1017.4	1.0
20241213	3.7	0.0	51.3	1015.3	1.6
20241214	3.5	0.0	53.8	1018.8	2.8
20241215	5.2	0.0	58.1	1016.3	2.8
20241216	5.0	0.0	56.9	1016.7	2.1
20241217	5.4	0.0	53.9	1018.7	1.7
20241218	2.1	0.0	55.9	1018.6	2.4
20241219	1.4	0.0	46.4	1022.5	1.3
20241220	3.9	0.0	62.9	1017.3	1.1
20241221	4.3	0.0	57.3	1013.5	3.6
20241222	0.9	0.0	45.6	1019.7	2.4
20241223	3.4	0.0	52.6	1020.7	2.0
20241224	4.6	0.0	54.5	1021.4	1.8
20241225	4.7	0.0	62.9	1020.1	1.5
20241226	5.6	0.0	53.1	1017.8	3.0
20241227	3.4	0.0	51.4	1019.2	2.5
20241228	2.2	0.0	57.0	1018.1	3.2
20241229	4.5	0.0	57.1	1020.3	2.1
20241230	6.7	0.0	66.3	1015.3	1.4
20241231	5.5	0.0	43.3	1013.6	1.7
