Date	TEMP	RAIN	HUMID	HPA	WIND
20050101	-1.6	0.0	39.8	1005.7	4.4
20050102	0.0	0.0	63.3	1005.3	2.4
20050103	2.5	0.0	61.5	1000.7	2.0
20050104	-0.9	0.0	30.3	1006.8	4.9
20050105	-3.8	0.0	50.3	1011.0	0.5
20050106	2.3	0.0	45.6	1005.8	2.5
20050107	1.5	0.0	43.1	1007.6	5.5
20050108	-2.4	0.0	49.4	1009.3	2.9
20050109	-4.4	0.0	33.0	1009.6	4.6
20050110	-1.6	0.0	45.0	1008.0	4.5
20050111	-0.8	0.0	51.1	1006.4	6.0
20050112	-1.6	0.0	46.4	1007.1	5.6
20050113	-1.5	0.0	51.9	1007.1	3.8
20050114	-1.2	0.0	53.3	1004.8	1.8
20050115	0.1	0.0	43.1	1000.9	4.8
20050116	0.2	0.0	53.6	1000.2	5.1
20050117	0.1	0.0	58.6	1005.1	1.6
20050118	0.0	0.0	66.0	1003.8	1.2
20050119	0.4	0.0	45.1	1005.6	4.8
20050120	-2.0	0.0	44.6	1010.2	6.5
20050121	-2.3	0.0	41.3	1014.0	2.3
20050122	-0.6	0.0	43.5	1009.6	0.4
20050123	0.8	3.8	91.9	1005.4	0.4
20050124	1.5	0.0	74.9	1001.1	1.9
20050125	-1.5	12.2	93.6	998.4	0.2
20050126	0.9	1.3	89.1	1001.2	0.6
20050127	1.0	0.0	66.9	999.8	0.4
20050128	-0.1	0.0	67.6	997.9	0.1
20050129	-1.0	0.0	67.3	995.5	2.8
20050130	-3.1	0.0	40.5	1001.7	3.8
20050131	-3.0	2.8	52.1	996.1	5.6
20050201	-6.9	0.0	49.9	994.9	7.9
20050202	-3.6	0.0	52.4	1001.7	5.4
20050203	-1.2	0.0	54.5	1005.5	3.1
20050204	0.7	0.0	48.1	1004.2	0.8
20050205	0.4	0.0	52.9	1006.0	1.3
20050206	-0.3	0.0	67.1	1009.5	0.3
20050207	3.8	0.0	73.8	1007.6	0.1
20050208	3.6	0.0	78.0	1007.4	1.2
20050209	1.1	0.4	70.0	1006.7	1.8
20050210	-1.7	0.0	36.9	1010.5	4.0
20050211	-2.8	0.0	36.5	1014.4	4.2
20050212	-3.2	0.0	43.5	1012.7	1.1
20050213	-0.2	0.0	36.6	1012.8	3.3
20050214	-0.1	0.5	66.0	1011.4	0.2
20050215	2.4	21.5	98.3	1003.7	0.1
20050216	4.0	12.5	97.0	998.1	0.1
20050217	5.3	0.0	77.5	1006.1	0.5
20050218	2.4	6.5	82.6	1006.0	0.3
20050219	-0.5	0.0	68.8	1002.4	4.0
20050220	-4.4	0.0	45.4	1007.1	4.3
20050221	-3.7	0.0	47.1	1008.8	2.6
20050222	-0.2	0.0	63.3	1002.1	1.9
20050223	3.1	0.0	45.6	1000.1	3.3
20050224	1.7	0.0	58.4	996.7	0.2
20050225	-0.7	0.0	30.5	1002.7	3.9
20050226	-2.6	0.0	31.4	1008.5	3.5
20050227	0.0	0.0	36.4	1008.5	2.4
20050228	2.1	0.0	38.9	1006.7	2.6
20050301	2.4	0.0	27.8	1009.1	2.1
20050302	1.8	0.0	61.6	1009.5	1.4
20050303	1.1	0.0	44.0	1008.3	3.8
20050304	0.9	0.0	33.1	1006.1	2.8
20050305	-0.7	0.4	55.0	1005.6	2.8
20050306	1.8	0.0	47.9	1008.9	2.7
20050307	4.5	0.0	46.9	1006.3	1.1
20050308	7.8	0.0	55.9	1004.3	0.7
20050309	8.8	0.0	75.6	1002.9	1.4
20050310	10.9	0.0	79.0	995.8	1.1
20050311	3.7	2.0	66.9	995.0	4.4
20050312	-2.7	0.0	37.9	1002.0	6.6
20050313	-0.9	0.0	36.0	1002.1	5.7
20050314	3.5	0.0	38.4	1003.1	2.9
20050315	2.9	0.0	70.0	1004.5	0.4
20050316	7.0	1.5	71.0	1004.8	1.2
20050317	7.2	27.5	73.4	995.4	2.3
20050318	4.8	0.0	43.8	1004.3	5.6
20050319	5.5	0.0	37.5	1008.2	1.1
20050320	7.1	0.0	43.8	1004.5	2.6
20050321	6.7	3.0	64.9	1002.7	1.6
20050322	7.9	31.0	79.0	992.3	1.1
20050323	8.4	0.0	53.8	995.7	1.8
20050324	1.9	0.5	56.8	996.7	5.5
20050325	4.9	0.0	37.3	1001.6	5.7
20050326	8.9	0.0	53.4	1004.3	0.9
20050327	5.1	8.0	91.0	1000.7	0.0
20050328	10.0	0.0	62.5	993.4	3.3
20050329	5.3	0.0	40.0	996.9	4.5
20050330	8.1	0.0	27.0	997.2	3.8
20050331	10.4	0.0	35.8	1000.1	1.1
20050401	10.6	0.0	47.9	1002.1	0.8
20050402	11.2	0.0	45.8	998.3	1.3
20050403	6.3	1.0	74.3	999.2	1.9
20050404	8.7	0.0	51.0	1002.9	1.6
20050405	12.3	0.0	47.8	1001.4	1.3
20050406	10.7	8.0	84.4	996.2	1.6
20050407	17.0	0.0	72.3	993.1	1.7
20050408	16.0	0.0	66.1	999.4	2.5
20050409	11.4	4.0	76.3	998.9	2.6
20050410	14.2	30.5	78.4	993.1	2.5
20050411	10.5	0.0	58.0	999.9	1.7
20050412	10.6	0.0	57.3	997.1	1.9
20050413	10.9	0.0	43.5	998.2	3.3
20050414	11.5	0.0	42.9	1001.4	2.4
20050415	12.5	0.0	35.6	1003.6	3.1
20050416	11.1	0.0	41.8	1004.5	1.5
20050417	13.2	0.0	44.9	1005.2	1.4
20050418	15.6	0.0	56.9	1006.6	1.4
20050419	14.5	14.5	71.6	1003.2	2.4
20050420	13.0	12.5	38.0	993.3	4.3
20050421	11.9	0.0	35.9	992.3	4.0
20050422	12.9	0.0	26.0	998.4	4.9
20050423	12.2	0.0	43.5	1002.1	2.0
20050424	12.4	0.0	54.6	1001.2	2.0
20050425	14.6	0.0	50.1	996.2	1.9
20050426	14.5	0.0	49.0	995.6	1.6
20050427	15.3	0.0	59.5	991.3	3.0
20050428	19.5	0.0	66.9	988.2	2.8
20050429	19.9	0.0	75.3	990.2	2.2
20050430	19.0	3.0	85.8	989.6	2.8
20050501	20.7	0.5	77.9	985.6	1.8
20050502	18.6	1.0	66.8	993.6	1.5
20050503	17.2	0.0	52.8	995.7	1.4
20050504	17.9	0.0	50.9	994.9	1.5
20050505	14.5	19.5	85.0	989.2	1.8
20050506	14.9	2.0	88.0	982.6	2.0
20050507	13.1	0.0	78.6	991.6	2.3
20050508	14.3	0.0	73.5	989.3	2.0
20050509	14.3	0.0	40.8	990.2	2.9
20050510	13.7	0.0	51.6	994.9	1.5
20050511	14.9	4.5	60.4	993.0	1.9
20050512	15.8	0.0	67.9	992.0	1.9
20050513	15.0	0.0	69.0	997.6	1.6
20050514	16.6	0.0	69.1	997.5	1.4
20050515	17.7	0.0	65.1	999.9	1.7
20050516	17.3	0.0	64.6	1001.0	1.9
20050517	17.7	20.0	65.0	994.8	3.1
20050518	17.0	13.5	74.9	988.5	4.4
20050519	19.2	0.0	49.6	996.8	3.2
20050520	17.9	0.0	52.6	997.2	2.2
20050521	16.6	0.0	62.6	994.8	0.9
20050522	19.0	0.0	56.6	989.2	1.5
20050523	17.9	0.0	48.3	992.7	4.3
20050524	16.5	0.0	56.0	997.8	2.4
20050525	17.0	0.0	67.5	999.0	1.8
20050526	20.2	0.0	47.8	997.8	1.6
20050527	20.0	0.0	54.4	997.8	1.1
20050528	19.7	0.0	60.8	1000.6	1.2
20050529	19.3	0.0	60.0	1002.0	1.5
20050530	20.0	0.0	65.1	996.6	1.0
20050531	21.3	0.0	51.3	991.5	1.3
20050601	17.4	29.5	79.0	989.6	1.8
20050602	18.6	25.5	84.4	986.0	2.3
20050603	20.3	0.0	65.3	987.2	2.1
20050604	19.2	0.0	67.6	991.2	2.2
20050605	20.5	0.0	63.4	995.8	1.5
20050606	20.8	0.0	65.3	997.0	1.2
20050607	21.2	0.0	70.1	997.4	1.5
20050608	22.9	0.0	64.5	996.8	0.9
20050609	23.4	0.0	64.9	992.6	1.4
20050610	17.7	29.0	91.3	984.6	1.1
20050611	22.6	0.0	71.3	983.3	1.8
20050612	22.4	0.0	64.0	987.2	1.5
20050613	21.8	0.0	67.9	991.2	1.5
20050614	22.1	0.0	62.6	990.9	1.1
20050615	19.8	0.0	73.9	990.2	1.2
20050616	21.1	9.5	73.4	992.1	1.7
20050617	21.8	0.0	72.9	991.7	1.8
20050618	22.1	0.0	75.1	989.6	1.4
20050619	21.6	0.0	76.1	987.6	0.9
20050620	22.9	0.0	69.9	988.1	1.2
20050621	24.0	0.0	67.8	987.5	1.4
20050622	24.9	0.0	68.8	988.1	1.5
20050623	26.0	0.0	56.1	989.2	1.4
20050624	26.2	0.0	61.4	989.8	1.2
20050625	25.3	0.0	69.3	990.7	1.9
20050626	22.4	7.0	88.1	988.8	1.9
20050627	25.5	0.0	79.0	985.8	3.1
20050628	23.2	29.0	92.3	989.9	0.7
20050629	24.9	0.0	83.5	991.5	1.9
20050630	23.4	1.5	82.9	993.1	1.9
20050701	21.7	81.0	93.6	990.0	1.0
20050702	23.4	79.5	91.5	987.3	1.1
20050703	21.5	24.0	91.9	984.7	0.8
20050704	23.8	0.5	79.4	982.8	2.0
20050705	21.2	3.0	87.9	984.9	0.6
20050706	24.4	0.0	68.4	986.1	1.2
20050707	22.1	0.0	84.0	991.4	1.7
20050708	21.3	5.0	85.9	992.2	1.7
20050709	22.3	12.0	88.0	984.9	1.7
20050710	22.9	0.5	83.5	990.0	1.6
20050711	20.1	35.5	93.0	987.3	2.6
20050712	22.2	0.0	79.8	992.2	1.9
20050713	22.7	7.0	82.9	994.3	1.1
20050714	23.2	0.0	81.1	998.0	1.6
20050715	23.9	4.5	85.6	999.0	1.2
20050716	24.9	0.5	81.6	999.5	0.4
20050717	25.2	2.5	81.5	997.9	0.7
20050718	27.2	0.0	70.4	996.9	1.7
20050719	27.4	0.0	68.3	994.5	1.7
20050720	27.4	0.0	76.3	991.8	1.0
20050721	29.0	0.0	70.5	991.4	0.8
20050722	29.2	0.0	70.5	992.8	1.1
20050723	28.5	0.0	74.9	992.6	1.1
20050724	27.9	0.0	73.9	992.0	1.0
20050725	27.1	0.0	73.0	989.6	0.8
20050726	27.0	28.5	77.9	987.3	1.1
20050727	27.5	0.0	76.5	989.0	1.3
20050728	25.2	37.5	83.3	986.4	1.7
20050729	24.7	2.0	84.6	988.7	0.7
20050730	25.5	0.0	75.8	991.3	1.1
20050731	27.3	0.0	74.0	990.9	1.2
20050801	26.1	18.5	84.9	987.7	1.6
20050802	25.7	29.0	89.0	987.5	1.3
20050803	28.0	0.5	78.8	988.9	2.4
20050804	28.3	0.0	75.6	993.2	2.7
20050805	27.6	0.0	74.1	995.0	0.8
20050806	26.0	41.0	82.3	994.4	0.9
20050807	26.6	0.0	79.9	994.4	1.2
20050808	25.1	48.5	88.6	994.3	1.8
20050809	27.4	4.5	80.9	992.7	1.7
20050810	25.7	33.5	88.9	993.3	0.5
20050811	26.3	4.0	85.1	993.7	0.5
20050812	27.8	0.0	76.9	996.0	0.7
20050813	29.0	0.0	70.1	996.8	1.8
20050814	29.3	0.0	64.8	994.5	3.4
20050815	28.3	0.0	71.4	992.1	2.5
20050816	28.5	0.0	74.5	991.1	0.6
20050817	26.5	57.5	84.5	992.2	1.2
20050818	24.5	26.5	87.3	992.8	0.9
20050819	24.4	3.5	90.0	990.9	0.9
20050820	21.6	150.0	91.9	989.4	0.5
20050821	23.7	17.5	83.4	990.7	0.6
20050822	21.1	10.0	92.4	995.4	0.7
20050823	22.0	0.0	76.0	997.1	0.9
20050824	20.7	44.0	83.1	993.0	1.1
20050825	24.2	9.0	83.5	987.9	2.0
20050826	23.0	0.0	67.6	994.7	3.1
20050827	23.0	0.0	73.4	996.3	0.9
20050828	23.2	0.0	73.9	995.8	1.1
20050829	23.3	0.0	75.9	995.1	0.8
20050830	21.1	0.4	86.1	994.2	0.7
20050831	22.4	0.0	80.3	996.3	0.8
20050901	25.4	0.0	82.8	998.2	0.7
20050902	26.9	0.0	76.9	998.4	1.0
20050903	25.0	0.0	80.9	997.4	0.9
20050904	22.1	0.0	81.1	998.3	1.0
20050905	21.9	0.0	67.4	995.7	1.6
20050906	22.3	13.5	73.1	984.0	3.9
20050907	25.2	0.0	62.9	988.9	2.8
20050908	24.0	0.0	76.9	996.4	1.0
20050909	22.6	0.5	81.3	998.6	0.9
20050910	23.8	5.0	84.6	999.1	0.7
20050911	24.9	0.5	84.5	1000.5	0.9
20050912	26.2	0.0	80.1	1001.0	0.9
20050913	25.7	7.0	81.4	995.3	2.6
20050914	24.2	0.0	70.1	997.6	2.7
20050915	22.0	0.0	70.1	1001.6	1.3
20050916	21.3	0.0	72.8	1000.3	1.4
20050917	24.1	0.0	77.3	1000.4	1.4
20050918	23.7	0.5	88.8	1002.4	0.6
20050919	22.9	0.0	69.9	1000.9	0.9
20050920	21.7	12.5	83.4	998.1	1.1
20050921	18.4	17.5	92.9	997.7	1.0
20050922	21.3	17.0	85.0	996.4	1.5
20050923	19.9	1.0	89.6	999.6	0.4
20050924	19.9	0.0	81.4	1000.0	0.7
20050925	18.1	0.0	79.1	1001.7	0.7
20050926	18.8	0.0	73.0	1004.0	0.7
20050927	17.2	0.0	83.5	1005.9	0.7
20050928	17.4	0.0	82.6	1004.7	0.8
20050929	17.7	0.0	78.6	1003.2	0.8
20050930	19.1	1.0	87.9	1000.8	0.4
20051001	23.0	0.5	86.8	998.3	0.3
20051002	20.7	0.0	74.8	999.9	1.6
20051003	19.6	0.0	72.5	1001.1	0.7
20051004	15.0	1.5	73.4	1002.4	1.8
20051005	12.2	0.0	86.1	1003.3	0.6
20051006	14.8	0.0	78.3	1002.8	0.8
20051007	15.6	2.0	88.9	997.6	1.1
20051008	16.7	0.0	76.9	1000.9	1.4
20051009	15.4	0.0	83.0	1006.5	0.7
20051010	15.2	0.0	78.6	1007.5	0.8
20051011	14.7	0.0	77.9	1006.4	0.8
20051012	17.3	0.0	73.6	1004.2	0.7
20051013	17.6	0.0	77.5	1001.2	0.6
20051014	16.7	0.0	70.6	998.8	1.8
20051015	14.9	0.0	54.1	998.2	3.2
20051016	13.2	0.0	67.9	1000.2	1.0
20051017	12.6	0.0	70.5	1003.9	0.8
20051018	13.4	0.0	72.3	1007.2	0.6
20051019	13.5	0.0	80.9	1009.8	0.6
20051020	14.0	0.0	77.8	1007.9	0.7
20051021	13.2	0.0	73.9	1001.4	2.5
20051022	10.5	0.0	48.5	1001.9	3.5
20051023	9.8	0.0	59.8	1001.9	2.0
20051024	12.6	0.0	65.9	1002.4	2.5
20051025	11.6	0.0	75.1	1006.7	0.6
20051026	12.8	0.0	81.1	1008.0	0.5
20051027	13.1	0.0	80.6	1007.7	0.5
20051028	12.8	0.0	71.4	1002.5	1.9
20051029	13.0	0.0	47.3	1000.4	4.5
20051030	11.2	0.0	53.1	1002.4	3.2
20051031	9.3	0.0	61.4	1006.7	1.5
20051101	8.9	0.0	70.5	1007.8	0.6
20051102	10.0	0.0	74.5	1006.8	0.5
20051103	13.9	0.0	72.9	1004.3	0.6
20051104	14.5	0.0	78.0	1002.2	0.5
20051105	15.8	8.5	86.8	998.1	1.6
20051106	17.6	6.0	71.6	990.3	3.4
20051107	11.9	0.0	55.5	997.8	2.4
20051108	12.5	0.0	38.6	1001.7	3.1
20051109	10.8	0.0	54.9	1002.7	1.7
20051110	9.5	0.0	78.0	1000.9	0.5
20051111	11.5	7.0	94.0	998.4	0.7
20051112	9.3	0.0	66.8	1005.1	0.7
20051113	8.7	0.0	73.6	1005.7	0.2
20051114	9.8	0.0	50.6	1003.2	1.7
20051115	6.5	0.0	32.8	1004.8	3.9
20051116	3.0	0.0	48.8	1007.2	1.4
20051117	4.1	0.0	41.1	1008.8	2.7
20051118	5.9	0.0	35.3	1012.5	3.4
20051119	3.2	0.0	48.8	1013.1	0.8
20051120	2.8	0.0	50.6	1011.1	0.7
20051121	5.5	0.0	57.4	1008.6	2.1
20051122	6.6	0.0	51.9	1009.5	2.7
20051123	4.8	0.0	70.4	1006.7	0.9
20051124	7.4	0.4	67.9	1003.0	1.5
20051125	6.2	0.0	73.0	1001.8	1.4
20051126	6.2	0.0	74.5	999.1	0.7
20051127	8.3	1.0	71.6	1001.0	1.9
20051128	7.7	2.0	71.4	998.1	2.7
20051129	6.8	0.0	43.4	999.0	4.5
20051130	6.5	0.0	50.6	1001.1	1.9
20051201	5.4	0.0	64.6	1002.3	1.1
20051202	6.8	0.0	37.8	1005.4	3.4
20051203	2.6	0.0	34.8	1004.7	2.1
20051204	-0.6	1.0	64.4	995.6	3.1
20051205	-0.9	0.0	50.8	1001.2	4.9
20051206	1.9	0.0	53.4	1006.8	3.9
20051207	0.5	0.0	63.5	1007.2	1.7
20051208	0.9	0.0	59.9	1008.9	2.3
20051209	1.2	0.0	59.8	1010.6	1.5
20051210	0.9	0.0	66.3	1008.5	1.6
20051211	-1.2	0.0	37.5	1007.4	3.7
20051212	-2.0	0.0	51.4	1003.8	5.5
20051213	-2.5	0.0	48.3	1003.9	4.8
20051214	-1.9	0.0	47.1	1006.3	3.3
20051215	-0.4	0.0	60.5	1005.1	2.9
20051216	-0.1	0.1	73.5	1005.0	1.9
20051217	-4.5	0.0	44.6	1007.2	5.3
20051218	-2.9	0.0	48.3	1010.5	3.5
20051219	0.9	0.0	54.0	1010.1	2.5
20051220	-1.3	0.0	50.8	1010.0	1.2
20051221	-2.7	1.9	69.0	998.6	3.0
20051222	-2.3	0.0	54.3	998.7	4.7
20051223	1.8	0.0	63.8	998.9	3.8
20051224	-1.0	0.0	37.5	1005.5	3.1
20051225	0.1	0.0	55.4	1001.4	4.2
20051226	-1.0	0.0	26.4	1007.4	4.5
20051227	-0.8	0.0	28.9	1012.0	4.6
20051228	-2.1	0.0	38.3	1013.4	1.1
20051229	-2.2	0.0	51.0	1013.1	0.8
20051230	0.6	0.0	65.5	1012.3	1.8
20051231	0.6	0.0	73.8	1012.2	0.6
20060101	1.7	0.0	69.8	1006.5	1.3
20060102	4.6	0.0	47.8	1002.7	4.7
20060103	1.9	0.0	25.3	1005.9	4.0
20060104	0.0	0.0	24.0	1007.0	3.0
20060105	-3.6	0.0	34.9	1008.0	3.9
20060106	-2.5	0.0	40.6	1005.2	4.8
20060107	-2.1	0.0	34.0	1007.7	4.4
20060108	0.2	0.0	44.4	1009.0	2.4
20060109	-0.4	0.0	58.4	1006.7	1.4
20060110	2.4	0.0	50.0	1006.8	2.5
20060111	-1.0	0.0	58.1	1012.2	0.4
20060112	1.4	0.0	58.0	1011.8	1.0
20060113	6.4	18.5	94.8	999.8	0.9
20060114	6.8	0.0	84.5	999.1	1.3
20060115	4.2	0.2	78.6	1003.8	0.7
20060116	1.2	0.0	88.8	1004.5	0.7
20060117	3.1	0.0	64.0	1008.5	0.6
20060118	3.9	0.0	58.3	1007.9	0.7
20060119	2.5	0.0	71.1	1009.3	0.8
20060120	2.0	0.0	70.0	1006.3	0.5
20060121	1.9	0.0	57.9	1001.0	0.9
20060122	1.3	0.0	31.6	1003.0	5.1
20060123	-0.5	0.0	38.3	1010.5	3.0
20060124	-0.8	0.0	39.3	1012.5	1.9
20060125	0.6	0.0	42.8	1011.9	1.5
20060126	2.0	0.0	54.6	1007.7	1.9
20060127	3.4	0.0	50.9	1004.8	4.3
20060128	1.5	0.0	61.4	1007.9	1.1
20060129	3.7	0.0	64.0	1008.6	0.9
20060130	6.8	0.0	71.3	1009.1	0.8
20060131	6.4	7.5	93.1	1006.7	0.8
20060201	3.8	2.5	69.4	1004.6	3.6
20060202	2.0	0.0	49.1	1009.8	3.7
20060203	-4.3	0.0	33.4	1015.2	5.1
20060204	-5.0	0.0	43.9	1017.3	3.0
20060205	-1.4	0.0	40.0	1014.5	1.8
20060206	-0.2	1.4	87.6	1004.3	0.5
20060207	1.4	8.0	75.1	997.8	3.4
20060208	-3.5	0.0	50.3	1010.9	6.7
20060209	-2.0	0.0	42.4	1013.6	4.2
20060210	2.7	0.0	53.8	1002.7	4.3
20060211	3.6	0.0	54.5	1001.0	2.9
20060212	1.1	0.0	36.3	1009.4	3.9
20060213	3.7	0.0	59.0	1004.0	1.5
20060214	7.4	7.0	85.0	996.8	1.8
20060215	3.3	4.5	91.4	1001.2	0.9
20060216	4.7	0.0	66.1	1003.4	2.8
20060217	-0.7	0.0	31.0	1011.8	4.8
20060218	2.3	0.0	43.9	1010.6	2.9
20060219	2.6	0.0	50.3	1008.6	0.9
20060220	5.2	0.0	50.0	1005.7	0.7
20060221	6.3	0.0	53.3	1004.1	0.8
20060222	6.1	0.0	54.6	1004.3	3.1
20060223	4.4	0.0	41.1	1009.7	1.3
20060224	6.5	0.0	37.6	1012.0	1.4
20060225	5.0	13.5	75.5	1007.9	1.0
20060226	6.0	0.0	54.0	1004.0	3.6
20060227	2.7	0.0	36.1	1013.2	1.5
20060228	2.4	2.5	74.8	1009.6	0.7
20060301	2.2	2.5	67.6	1000.4	3.6
20060302	1.4	0.0	51.3	999.8	5.6
20060303	1.8	0.0	45.0	1004.7	3.4
20060304	4.1	0.0	50.8	1006.2	1.9
20060305	9.7	0.0	64.1	1003.0	1.1
20060306	10.0	0.0	71.3	1002.1	1.5
20060307	10.6	0.0	63.0	1002.5	1.9
20060308	10.6	0.0	53.4	1005.9	1.6
20060309	8.0	0.0	67.3	1005.0	0.8
20060310	10.0	0.0	64.5	1000.0	1.0
20060311	9.7	0.0	65.6	997.4	2.2
20060312	0.5	0.0	30.9	1001.4	5.9
20060313	-0.8	0.0	47.6	1003.2	4.7
20060314	3.3	0.0	36.9	1002.7	6.2
20060315	8.4	0.0	31.9	999.9	2.1
20060316	5.7	3.5	70.6	990.7	2.6
20060317	10.3	0.0	53.8	997.7	1.9
20060318	8.4	2.0	73.4	992.2	2.0
20060319	6.2	0.0	32.4	999.5	4.1
20060320	6.6	0.0	36.5	1002.1	1.3
20060321	10.6	0.0	46.8	1000.0	1.5
20060322	11.4	0.0	51.4	994.4	1.3
20060323	9.0	0.0	37.1	994.8	4.3
20060324	5.9	0.0	38.5	999.6	1.3
20060325	9.4	0.0	40.0	1000.3	1.2
20060326	12.0	0.0	47.6	998.4	2.1
20060327	9.6	0.0	41.0	993.7	1.2
20060328	4.0	0.5	44.0	992.4	5.6
20060329	6.7	0.0	33.3	995.2	4.4
20060330	7.0	0.0	35.5	997.8	5.5
20060331	7.1	0.0	54.8	1001.7	1.7
20060401	9.5	28.5	85.9	993.1	1.9
20060402	11.0	1.0	60.5	987.4	4.5
20060403	13.3	0.0	51.3	996.4	2.0
20060404	10.3	18.0	85.0	992.1	1.6
20060405	13.1	0.5	71.9	993.7	2.0
20060406	10.4	0.0	71.9	999.5	1.9
20060407	12.7	0.0	63.1	995.7	2.1
20060408	14.8	0.0	25.4	999.4	4.1
20060409	12.3	13.0	65.8	1000.9	2.6
20060410	12.9	27.5	92.0	991.6	2.4
20060411	13.3	22.0	90.0	986.7	1.4
20060412	16.7	0.0	69.4	991.7	2.5
20060413	10.6	0.0	83.3	998.9	1.9
20060414	10.2	0.0	51.0	1005.2	1.8
20060415	9.1	0.0	56.4	1000.2	1.1
20060416	10.1	0.0	28.5	998.8	4.6
20060417	10.6	0.0	49.9	999.8	1.4
20060418	14.5	0.0	59.3	1000.0	2.3
20060419	12.5	15.0	73.0	992.4	4.9
20060420	8.2	0.0	50.9	990.3	10.3
20060421	13.1	0.0	43.1	991.8	4.0
20060422	10.0	3.5	79.6	990.1	0.8
20060423	12.3	0.0	54.3	990.6	3.4
20060424	12.0	0.0	31.5	995.5	3.6
20060425	14.9	0.0	26.9	996.9	3.0
20060426	11.5	1.0	70.6	996.4	0.7
20060427	12.7	0.0	66.5	997.0	1.9
20060428	13.5	0.0	62.4	995.3	1.7
20060429	11.2	1.5	83.9	989.5	0.7
20060430	18.8	0.0	63.3	986.3	1.7
20060501	19.8	0.0	70.6	987.1	2.2
20060502	17.1	0.0	42.5	996.2	2.6
20060503	14.7	0.0	55.9	1002.0	1.6
20060504	17.0	0.0	64.9	1002.7	1.9
20060505	18.1	0.0	75.8	1000.7	2.7
20060506	17.7	58.5	90.5	988.7	4.0
20060507	19.2	0.5	83.3	994.4	1.0
20060508	15.7	0.0	78.3	1001.4	0.9
20060509	16.4	4.5	80.3	999.0	0.8
20060510	18.4	27.5	80.6	993.8	1.7
20060511	16.7	0.0	68.0	1003.4	1.3
20060512	13.9	2.0	60.8	1004.4	0.9
20060513	15.1	0.0	57.8	998.0	3.2
20060514	17.0	0.0	44.8	998.5	3.4
20060515	15.9	0.0	60.3	1002.2	1.2
20060516	18.9	0.0	54.9	1003.3	1.1
20060517	18.0	0.0	65.4	1001.5	0.7
20060518	16.6	4.0	78.5	997.5	0.5
20060519	15.0	83.5	88.5	988.3	1.6
20060520	20.1	0.5	62.4	992.2	1.5
20060521	20.8	0.0	68.6	996.6	1.8
20060522	19.7	4.0	80.5	991.9	2.5
20060523	20.6	0.0	55.9	992.5	3.0
20060524	19.7	0.0	59.4	997.5	1.9
20060525	17.8	0.0	60.8	1001.7	1.7
20060526	16.3	9.0	83.4	996.3	1.1
20060527	16.6	11.0	91.0	985.0	1.1
20060528	18.1	0.0	73.3	984.9	2.1
20060529	18.8	0.0	69.3	988.6	1.3
20060530	20.6	0.0	59.9	994.0	1.1
20060531	21.3	0.0	59.6	998.4	0.9
20060601	22.2	0.0	64.4	997.7	0.9
20060602	22.3	0.0	60.8	994.7	1.0
20060603	20.9	0.0	60.1	996.0	1.2
20060604	20.3	0.0	70.4	993.2	0.8
20060605	22.2	0.0	66.5	990.9	1.0
20060606	23.6	0.0	66.1	990.2	1.3
20060607	21.4	0.0	74.6	991.2	1.9
20060608	17.3	5.0	86.8	984.7	1.3
20060609	21.4	0.0	64.1	981.2	1.8
20060610	20.0	40.5	76.6	984.3	2.4
20060611	21.3	0.0	66.1	989.6	2.0
20060612	21.1	0.0	64.0	997.2	1.2
20060613	21.5	0.0	59.0	998.6	1.3
20060614	19.2	94.5	81.3	988.9	3.1
20060615	21.3	0.5	65.6	984.8	3.1
20060616	20.1	0.0	68.4	992.2	1.0
20060617	21.4	0.0	60.8	991.5	1.4
20060618	23.7	0.0	60.4	992.2	1.6
20060619	23.3	0.0	61.1	996.6	0.9
20060620	23.7	0.0	66.3	996.1	1.4
20060621	24.2	12.0	76.0	993.7	1.2
20060622	21.6	38.0	89.5	990.6	0.7
20060623	22.7	0.0	79.9	991.8	1.5
20060624	23.0	0.0	71.5	994.4	1.8
20060625	19.4	34.5	85.0	992.4	1.5
20060626	22.5	0.5	82.0	989.8	1.3
20060627	23.0	0.0	79.9	990.3	0.6
20060628	25.0	0.0	74.4	991.9	1.4
20060629	24.4	7.0	80.1	992.8	2.6
20060630	24.0	1.0	84.8	991.3	1.7
20060701	22.8	42.5	88.4	988.6	1.3
20060702	23.5	0.5	81.3	989.3	1.4
20060703	22.6	1.5	85.1	989.7	2.0
20060704	20.9	43.0	91.3	984.3	1.8
20060705	21.4	1.0	87.4	982.9	1.6
20060706	19.4	0.5	86.0	986.5	2.1
20060707	21.9	0.0	83.8	988.8	1.1
20060708	22.6	12.5	87.9	991.8	0.9
20060709	22.6	124.0	91.0	992.6	0.6
20060710	23.0	229.5	85.0	983.9	3.6
20060711	23.4	26.0	87.0	991.9	1.3
20060712	26.1	1.0	85.4	991.5	1.5
20060713	27.4	0.0	79.5	992.9	1.5
20060714	27.7	0.0	76.9	995.1	2.1
20060715	27.2	4.5	81.3	994.6	1.5
20060716	26.8	6.0	82.5	991.8	1.2
20060717	22.0	15.0	89.9	991.1	0.9
20060718	22.3	47.0	92.4	986.1	0.7
20060719	20.0	33.0	91.3	988.8	0.7
20060720	19.4	11.0	90.0	987.4	0.7
20060721	22.5	0.5	84.9	986.2	1.4
20060722	24.3	0.0	74.1	986.7	1.4
20060723	20.4	0.0	82.3	988.9	0.4
20060724	21.1	0.0	84.1	991.7	0.2
20060725	24.0	4.0	78.5	996.5	1.0
20060726	22.0	50.5	90.4	999.5	0.7
20060727	25.3	0.0	81.5	996.2	1.7
20060728	26.5	0.0	76.8	994.3	0.7
20060729	27.3	0.0	77.3	996.4	0.6
20060730	28.3	0.0	71.3	997.1	1.1
20060731	27.4	0.0	71.9	995.3	0.8
20060801	27.3	0.0	75.4	995.1	0.9
20060802	27.8	0.0	75.0	997.7	1.1
20060803	28.7	0.0	70.3	999.8	0.7
20060804	28.2	0.0	72.1	998.8	0.7
20060805	27.6	0.0	70.5	996.6	0.7
20060806	27.1	3.5	76.3	994.8	0.9
20060807	27.8	0.0	72.4	993.0	0.7
20060808	28.4	0.0	72.1	992.6	0.7
20060809	28.7	0.0	67.6	993.0	0.5
20060810	27.9	1.0	75.8	993.5	0.6
20060811	28.5	0.0	71.8	993.2	0.8
20060812	27.8	1.0	76.9	991.5	0.7
20060813	28.3	0.0	76.6	989.7	0.8
20060814	27.7	32.0	81.5	988.1	0.9
20060815	29.2	0.0	75.3	986.8	0.7
20060816	29.6	0.0	70.9	986.1	1.1
20060817	28.5	0.0	63.9	984.9	1.3
20060818	26.2	0.0	64.3	985.3	1.8
20060819	21.8	20.0	83.0	986.4	2.2
20060820	24.3	0.0	83.9	990.2	1.1
20060821	25.6	0.0	84.6	993.2	0.6
20060822	25.8	51.0	87.9	994.6	0.9
20060823	26.1	5.5	84.9	995.3	0.8
20060824	26.4	8.5	82.4	996.7	1.0
20060825	24.4	49.5	87.4	998.5	0.6
20060826	26.3	1.5	78.3	996.2	1.4
20060827	23.8	57.5	88.6	992.6	1.4
20060828	25.9	0.0	75.3	992.7	1.1
20060829	24.9	0.0	78.9	993.1	0.7
20060830	21.6	3.5	89.8	992.6	0.5
20060831	23.7	0.5	76.3	989.7	0.6
20060901	23.0	0.0	72.4	990.9	0.7
20060902	22.5	0.0	75.0	992.8	0.6
20060903	22.4	0.0	75.6	993.3	0.7
20060904	23.5	0.0	73.0	990.7	1.0
20060905	19.6	2.5	83.4	991.8	0.7
20060906	19.2	3.0	80.3	991.6	1.2
20060907	19.5	0.0	71.1	997.3	1.1
20060908	19.1	0.0	85.5	998.5	0.4
20060909	21.6	0.0	70.8	996.8	2.7
20060910	17.7	0.0	54.1	1001.6	3.2
20060911	15.0	0.5	80.1	1004.3	0.9
20060912	18.0	1.0	82.0	1005.5	0.8
20060913	19.4	0.0	82.8	1004.5	0.8
20060914	19.6	0.0	70.6	1002.8	0.9
20060915	18.2	18.0	83.3	1000.1	0.5
20060916	18.2	3.5	88.3	997.1	0.7
20060917	17.8	51.0	86.5	989.5	2.4
20060918	18.3	4.0	80.9	990.8	2.0
20060919	19.7	0.0	73.0	997.5	0.9
20060920	18.0	0.0	80.1	999.9	0.7
20060921	19.6	0.0	74.3	1001.2	0.6
20060922	19.1	0.0	74.3	1003.9	0.6
20060923	17.0	0.0	72.1	1003.7	0.8
20060924	16.0	0.0	75.9	1002.3	0.7
20060925	16.4	0.0	76.9	1001.4	0.7
20060926	17.7	0.0	74.4	999.5	0.6
20060927	17.8	0.0	75.1	999.7	0.6
20060928	17.8	0.0	82.1	1000.6	0.5
20060929	18.0	0.0	79.3	1001.3	0.5
20060930	18.3	0.0	75.4	1003.1	0.5
20061001	18.5	0.0	75.5	1001.0	0.7
20061002	18.8	0.0	74.5	999.5	0.6
20061003	17.4	0.0	73.9	998.8	0.7
20061004	17.4	0.0	73.1	996.8	0.5
20061005	16.2	0.0	71.0	995.8	1.1
20061006	16.8	0.0	66.8	994.8	1.4
20061007	16.6	0.0	66.8	995.6	0.7
20061008	17.3	0.0	75.6	999.1	0.5
20061009	18.3	0.0	82.4	1001.1	0.4
20061010	18.2	0.0	79.5	1002.2	0.4
20061011	18.8	0.0	70.4	1001.8	0.8
20061012	18.4	0.0	65.3	1004.0	0.9
20061013	15.2	0.0	64.9	1005.2	0.7
20061014	16.0	0.0	72.6	1003.2	0.3
20061015	16.7	0.0	74.3	1002.6	0.3
20061016	16.5	0.0	79.8	1003.8	0.5
20061017	16.6	0.0	77.4	1004.5	0.4
20061018	16.6	0.0	77.8	1005.4	0.5
20061019	17.3	0.0	74.9	1004.4	0.3
20061020	18.8	0.0	64.6	1005.6	0.6
20061021	17.2	0.0	75.3	1007.4	1.0
20061022	16.7	19.0	88.4	998.8	1.7
20061023	15.6	0.5	62.1	997.8	3.8
20061024	12.9	0.0	71.0	1007.8	1.0
20061025	14.1	0.0	73.6	1007.7	0.6
20061026	14.7	2.5	84.5	1007.0	0.4
20061027	14.7	0.0	75.6	1006.1	0.5
20061028	11.9	0.0	74.3	1003.5	0.5
20061029	13.6	0.0	70.8	1003.5	0.9
20061030	12.4	0.0	78.0	1005.5	0.4
20061031	11.8	0.0	73.6	1003.4	0.5
20061101	12.5	0.0	73.1	1001.8	0.3
20061102	12.6	0.0	67.0	1000.5	1.7
20061103	12.3	0.0	72.5	1001.1	0.6
20061104	12.4	0.0	78.9	999.9	0.6
20061105	12.6	0.0	72.0	996.5	2.2
20061106	8.6	1.0	64.6	996.4	3.2
20061107	5.6	0.5	63.1	1003.7	3.7
20061108	9.3	0.0	73.3	1003.8	1.0
20061109	13.8	0.0	77.0	1002.2	0.7
20061110	11.7	0.0	61.5	1003.6	0.6
20061111	10.1	0.0	41.5	999.6	3.4
20061112	7.6	0.0	46.9	1003.6	2.5
20061113	7.3	0.0	71.4	1000.1	0.9
20061114	10.5	0.0	40.3	1000.5	4.0
20061115	9.2	0.0	50.5	1002.0	3.7
20061116	7.3	0.0	35.8	1006.5	3.4
20061117	5.8	0.0	55.4	1009.3	1.0
20061118	4.3	0.0	77.9	1007.6	0.3
20061119	9.6	0.0	68.6	1002.5	0.5
20061120	9.9	0.0	50.1	1001.7	1.5
20061121	7.5	0.0	62.8	1003.2	0.6
20061122	7.9	0.0	69.3	1006.9	0.3
20061123	8.6	0.0	62.5	1007.7	1.6
20061124	7.8	0.0	62.0	1012.7	1.2
20061125	7.4	0.0	71.8	1007.5	0.6
20061126	8.7	2.0	88.8	998.3	0.3
20061127	9.8	23.5	92.4	995.0	0.7
20061128	8.2	0.5	76.3	1001.2	1.4
20061129	6.8	0.0	47.0	1005.9	3.5
20061130	4.9	0.0	53.8	1006.1	2.0
20061201	3.4	0.0	70.5	1002.6	1.0
20061202	2.6	0.0	55.3	1004.8	4.4
20061203	0.3	0.0	44.5	1011.3	4.0
20061204	0.0	0.0	58.1	1013.7	1.6
20061205	1.0	0.0	70.5	1013.7	0.9
20061206	2.4	0.0	76.6	1013.7	0.4
20061207	5.2	3.5	90.1	1007.6	0.3
20061208	6.1	9.5	92.3	1008.3	0.4
20061209	5.4	3.0	70.9	1005.9	3.4
20061210	2.9	0.0	48.9	1009.0	3.1
20061211	2.7	0.0	67.1	1009.1	0.8
20061212	5.4	0.0	64.6	1007.9	0.9
20061213	6.1	3.5	76.8	1005.5	1.5
20061214	5.6	0.0	63.1	1003.4	1.9
20061215	3.9	0.0	69.3	1005.1	1.0
20061216	2.7	0.0	78.0	1003.5	1.4
20061217	1.4	0.0	58.3	1004.4	3.8
20061218	0.7	0.0	57.6	1015.0	3.2
20061219	-0.6	0.0	66.4	1018.2	0.3
20061220	0.5	0.0	70.9	1015.6	0.2
20061221	2.3	0.0	70.8	1010.4	0.6
20061222	2.9	0.0	65.3	1008.4	1.8
20061223	5.7	0.0	54.0	1007.6	2.9
20061224	1.1	0.0	72.9	1009.2	0.3
20061225	4.5	0.0	72.8	1008.3	0.5
20061226	5.9	0.0	73.8	1001.9	0.5
20061227	5.6	0.0	53.5	999.0	3.9
20061228	-2.4	0.0	44.0	1004.6	8.6
20061229	-2.6	0.0	28.1	1012.6	4.1
20061230	-1.1	0.0	33.9	1014.7	0.7
20061231	0.9	0.0	46.1	1014.3	0.5
20070101	1.3	0.0	70.4	1009.9	0.2
20070102	5.0	0.0	80.0	1006.5	0.6
20070103	2.9	0.0	83.0	1009.4	0.2
20070104	3.5	0.0	70.4	1010.5	0.7
20070105	2.6	0.0	72.8	1007.6	0.5
20070106	0.7	1.9	71.3	997.6	4.5
20070107	1.6	0.0	52.4	1002.9	6.8
20070108	1.8	0.0	45.4	1008.3	5.0
20070109	0.7	0.0	53.3	1010.8	2.1
20070110	0.8	0.0	58.9	1012.7	2.1
20070111	-0.5	0.0	61.3	1013.7	1.0
20070112	1.5	0.0	46.3	1010.4	4.0
20070113	-0.1	0.0	43.4	1010.1	4.1
20070114	0.4	0.0	38.9	1011.7	2.8
20070115	1.2	0.0	48.4	1009.9	0.4
20070116	3.4	0.0	62.4	1006.6	0.6
20070117	4.0	0.0	49.9	1006.0	2.8
20070118	4.4	0.0	40.6	1008.3	3.9
20070119	0.3	0.0	45.1	1010.9	0.7
20070120	2.3	0.0	49.3	1010.2	0.4
20070121	2.4	0.0	63.9	1010.1	0.4
20070122	3.0	0.0	51.4	1010.3	2.1
20070123	1.7	0.0	59.9	1009.6	0.4
20070124	3.2	0.0	51.6	1007.2	1.6
20070125	1.0	0.0	57.4	1007.7	0.9
20070126	0.3	1.5	73.9	1002.3	1.7
20070127	2.4	0.0	61.3	1006.1	3.3
20070128	1.4	0.0	61.8	1007.0	2.7
20070129	0.5	0.0	62.8	1007.9	1.0
20070130	-0.6	0.0	63.9	1006.5	2.4
20070131	1.7	0.0	41.3	1008.0	4.2
20070201	-0.8	0.0	43.5	1005.6	5.0
20070202	-1.6	0.0	45.3	1007.6	3.6
20070203	3.1	0.0	51.1	1004.5	4.1
20070204	4.4	0.0	46.5	1006.7	1.9
20070205	3.3	0.0	56.0	1005.0	0.8
20070206	6.6	0.0	58.5	1005.6	0.6
20070207	8.5	0.0	62.9	1008.2	1.5
20070208	8.8	9.5	89.3	1002.7	0.9
20070209	7.2	0.0	71.4	998.5	3.2
20070210	5.0	0.0	53.3	997.9	4.8
20070211	4.1	0.0	40.8	1002.7	3.7
20070212	2.7	0.0	51.3	1004.3	0.9
20070213	3.3	32.5	75.9	1000.7	0.9
20070214	4.1	5.0	55.6	996.0	6.5
20070215	2.3	0.0	39.1	1004.6	4.9
20070216	2.2	0.0	58.0	1005.3	0.7
20070217	3.5	9.0	87.1	1000.0	0.5
20070218	6.4	0.0	75.3	997.2	0.9
20070219	4.9	0.0	58.5	1000.4	0.6
20070220	5.7	0.0	59.6	1002.9	0.6
20070221	5.8	0.0	52.3	1004.8	0.7
20070222	5.6	0.0	62.5	999.3	0.9
20070223	8.6	0.0	33.0	1000.5	3.8
20070224	5.2	0.0	46.6	1005.5	1.2
20070225	6.5	0.0	66.6	1006.5	0.7
20070226	5.9	0.0	63.6	1008.5	0.6
20070227	7.2	0.0	57.1	1008.3	1.0
20070228	6.9	0.0	56.3	1012.3	1.2
20070301	7.5	0.0	58.1	1010.1	1.5
20070302	8.6	5.0	84.3	1005.8	0.7
20070303	13.2	0.5	86.0	1003.5	1.0
20070304	13.5	79.0	85.9	993.8	4.2
20070305	2.3	0.0	57.8	994.1	7.2
20070306	-1.5	0.0	39.0	1003.5	6.3
20070307	0.2	0.0	46.1	1002.6	4.3
20070308	3.3	0.0	44.0	1004.8	3.9
20070309	4.3	0.0	53.5	1006.8	1.7
20070310	4.8	0.0	50.4	1000.6	3.3
20070311	1.6	0.0	39.6	1003.8	6.7
20070312	5.5	0.0	32.9	1004.9	4.0
20070313	6.1	0.0	36.8	1003.4	2.7
20070314	6.9	0.0	41.8	1004.2	1.1
20070315	6.8	0.0	61.6	1002.1	1.1
20070316	8.3	0.0	62.5	1003.8	1.2
20070317	7.0	0.0	70.1	1006.4	1.6
20070318	7.1	0.0	61.5	1006.3	1.1
20070319	6.0	0.0	61.9	1006.2	1.1
20070320	7.4	0.0	56.8	1007.9	1.7
20070321	8.4	0.0	48.4	1007.7	1.0
20070322	9.9	0.0	50.4	1006.9	2.1
20070323	10.6	0.0	55.0	1003.6	2.0
20070324	11.4	17.5	83.9	988.3	2.2
20070325	13.3	0.0	38.0	992.7	4.2
20070326	12.4	0.0	42.9	997.6	2.0
20070327	13.2	0.0	48.9	995.0	2.9
20070328	13.5	0.0	49.0	993.2	2.6
20070329	12.6	26.5	74.6	990.6	2.8
20070330	13.3	0.0	66.4	995.7	2.7
20070331	13.1	0.5	63.4	989.7	4.2
20070401	11.9	0.0	36.5	994.4	2.6
20070402	8.7	0.0	40.5	998.7	4.6
20070403	6.8	0.0	35.5	1001.5	5.0
20070404	7.7	0.0	39.8	1004.7	3.3
20070405	8.0	0.0	57.9	1009.0	1.5
20070406	11.6	0.0	52.4	1005.1	1.3
20070407	11.7	0.0	47.1	1002.3	2.0
20070408	10.7	0.0	52.0	1001.5	1.7
20070409	10.7	0.0	43.5	1004.2	1.3
20070410	11.3	0.0	44.9	1003.9	1.2
20070411	12.1	0.0	56.1	1003.4	1.5
20070412	13.9	0.0	61.5	1000.0	2.0
20070413	13.8	3.5	66.5	992.8	4.2
20070414	13.0	0.0	47.3	995.9	1.6
20070415	12.9	1.0	54.5	992.8	1.8
20070416	7.9	19.0	85.8	991.4	1.3
20070417	9.4	0.0	65.1	997.4	1.5
20070418	11.0	0.0	69.1	997.9	0.9
20070419	11.8	0.0	65.1	999.9	1.1
20070420	14.6	0.0	66.3	996.9	2.6
20070421	17.8	0.0	76.3	996.1	2.2
20070422	17.3	1.0	63.0	993.4	1.8
20070423	14.2	0.0	49.1	997.9	1.8
20070424	13.4	0.0	54.6	995.4	1.2
20070425	15.2	0.0	40.8	995.0	3.9
20070426	16.0	0.0	43.6	1001.2	1.5
20070427	15.9	0.0	48.1	1002.6	2.5
20070428	16.5	0.0	25.0	1004.3	2.7
20070429	17.6	0.0	27.5	1002.9	1.6
20070430	14.5	4.0	51.9	998.0	1.6
20070501	14.3	8.5	79.9	988.4	1.9
20070502	17.4	0.0	43.4	993.8	4.1
20070503	16.9	0.0	57.8	995.4	1.9
20070504	18.5	0.0	70.0	992.0	1.4
20070505	19.1	0.0	62.4	991.3	1.5
20070506	17.1	1.5	78.4	986.9	1.1
20070507	19.8	0.0	49.6	990.1	2.0
20070508	22.4	0.0	32.0	995.1	3.4
20070509	16.2	11.0	64.3	994.4	1.7
20070510	17.3	0.0	53.0	997.9	2.8
20070511	17.2	0.0	53.5	1000.3	2.0
20070512	15.2	8.5	71.3	993.4	1.8
20070513	17.5	0.0	44.3	996.5	2.9
20070514	18.6	0.0	49.8	994.7	2.1
20070515	18.5	0.0	57.3	996.3	1.5
20070516	15.6	23.0	83.0	985.6	2.3
20070517	18.9	0.0	47.9	981.0	5.8
20070518	17.6	0.0	50.9	983.9	4.2
20070519	17.7	0.0	51.9	991.2	2.7
20070520	16.6	0.0	67.3	996.2	1.8
20070521	17.2	0.0	62.4	997.0	0.7
20070522	18.7	0.0	53.4	996.2	1.3
20070523	19.5	0.0	63.3	994.6	1.8
20070524	19.9	11.5	75.9	987.6	2.9
20070525	21.9	0.5	53.5	983.0	3.0
20070526	24.0	0.0	30.8	988.5	2.8
20070527	24.1	0.0	43.3	991.8	2.7
20070528	18.5	0.0	64.6	997.2	1.6
20070529	19.2	2.5	75.8	993.5	1.3
20070530	20.0	0.0	55.4	992.8	2.9
20070531	19.1	0.0	69.6	995.9	1.8
20070601	18.1	0.0	69.1	995.6	1.5
20070602	16.6	0.0	79.3	995.0	0.5
20070603	21.1	0.0	66.8	995.8	0.9
20070604	21.8	0.0	65.8	995.1	1.1
20070605	23.6	0.0	63.5	992.5	1.4
20070606	25.0	0.0	50.3	992.6	2.7
20070607	23.4	0.0	52.4	992.5	2.1
20070608	24.3	0.0	50.4	992.0	2.2
20070609	19.9	0.0	62.0	994.3	1.6
20070610	20.4	0.0	62.3	995.1	1.6
20070611	22.3	0.0	66.3	995.0	1.5
20070612	22.9	0.0	64.4	994.9	2.2
20070613	20.2	5.0	79.9	991.3	0.6
20070614	18.7	9.0	88.3	990.3	0.9
20070615	19.8	0.0	74.0	993.8	0.8
20070616	22.0	0.0	37.0	995.6	2.0
20070617	20.8	0.0	62.3	996.0	0.6
20070618	24.5	0.0	62.8	995.9	1.5
20070619	24.2	0.0	60.9	997.1	1.3
20070620	23.8	0.0	69.1	995.8	1.8
20070621	23.5	11.5	79.3	990.6	1.9
20070622	21.9	3.0	89.1	988.2	0.7
20070623	20.6	21.0	82.1	991.6	1.2
20070624	22.7	5.0	79.4	984.5	2.1
20070625	22.8	0.0	78.3	986.2	2.2
20070626	24.8	0.0	74.6	989.1	1.5
20070627	25.2	0.0	71.1	991.9	1.6
20070628	25.4	0.0	80.1	989.4	2.8
20070629	26.1	1.0	67.4	988.9	2.2
20070630	24.1	1.5	70.9	991.9	2.0
20070701	20.4	93.5	89.6	990.3	1.6
20070702	22.5	1.5	86.3	987.3	1.5
20070703	25.0	0.0	73.4	987.4	1.5
20070704	21.3	30.0	86.5	985.2	0.7
20070705	24.2	0.0	75.4	988.8	1.2
20070706	23.6	0.0	78.6	987.2	1.0
20070707	24.7	0.0	70.8	988.0	1.1
20070708	23.5	0.0	75.5	988.4	1.9
20070709	20.7	39.0	84.9	987.1	1.3
20070710	21.8	14.0	88.8	982.4	0.5
20070711	22.0	2.5	85.3	987.3	2.2
20070712	25.1	0.0	73.0	991.1	1.3
20070713	21.7	11.5	87.3	991.5	0.7
20070714	22.7	0.0	70.1	984.3	2.6
20070715	22.9	0.0	69.8	985.9	2.3
20070716	20.4	0.5	84.0	984.6	2.8
20070717	24.1	0.0	66.1	986.5	2.7
20070718	24.5	0.0	74.3	987.6	1.3
20070719	24.9	8.5	85.1	984.6	2.1
20070720	25.9	0.0	82.5	985.6	1.7
20070721	22.5	3.0	87.8	988.6	1.0
20070722	24.2	0.0	76.4	990.0	0.8
20070723	25.4	0.0	76.0	993.4	1.1
20070724	25.8	0.0	78.6	993.9	1.6
20070725	27.9	0.0	73.5	993.8	1.5
20070726	29.0	0.0	68.0	994.4	1.4
20070727	28.8	0.0	67.3	993.8	1.5
20070728	28.8	0.0	63.3	993.3	2.3
20070729	27.2	4.0	70.1	993.8	2.0
20070730	25.5	0.5	76.4	994.0	1.4
20070731	26.3	0.0	72.6	991.6	1.2
20070801	27.8	0.0	72.1	989.7	1.5
20070802	28.5	0.0	72.6	988.7	0.8
20070803	28.9	0.0	71.4	988.1	1.2
20070804	28.6	0.0	68.5	990.7	1.5
20070805	24.6	13.0	84.9	994.6	0.9
20070806	23.6	8.5	87.3	997.9	0.9
20070807	23.7	77.0	90.3	996.3	1.6
20070808	25.9	107.0	88.4	994.6	2.5
20070809	26.5	5.5	81.3	995.5	2.3
20070810	26.9	0.0	79.9	994.0	2.8
20070811	27.8	0.0	66.4	990.9	3.1
20070812	24.8	109.5	88.0	985.6	4.2
20070813	25.0	71.0	86.9	986.0	3.9
20070814	25.9	42.5	83.6	987.7	4.0
20070815	26.8	0.0	79.1	995.6	1.9
20070816	27.3	0.0	78.0	997.6	0.8
20070817	28.8	0.0	74.8	995.7	0.6
20070818	27.7	0.0	75.5	993.7	0.7
20070819	27.0	0.0	76.1	994.5	0.9
20070820	27.1	0.0	76.1	994.6	0.8
20070821	28.3	0.0	72.3	992.8	1.0
20070822	26.5	0.0	78.8	992.7	0.7
20070823	27.0	0.0	74.6	995.8	1.3
20070824	27.5	0.0	74.1	999.6	1.0
20070825	27.6	0.0	70.9	1000.4	0.9
20070826	26.4	2.5	80.8	999.5	0.9
20070827	26.8	0.0	79.1	996.7	0.8
20070828	24.7	8.0	89.3	994.4	0.4
20070829	24.0	65.5	89.8	991.2	1.4
20070830	20.5	9.0	91.6	991.0	0.9
20070831	21.3	5.0	85.8	993.9	0.6
20070901	18.2	103.0	93.6	991.0	0.5
20070902	20.1	1.5	91.3	989.2	0.4
20070903	23.0	2.5	81.8	993.2	1.2
20070904	20.2	58.0	92.3	995.3	0.7
20070905	19.1	100.0	94.6	992.8	0.6
20070906	19.0	68.0	95.1	989.5	0.6
20070907	20.6	0.0	86.9	989.0	0.5
20070908	22.0	0.0	69.5	991.6	1.7
20070909	21.7	0.0	68.4	994.1	1.6
20070910	22.3	0.0	67.5	996.7	0.8
20070911	21.5	0.0	71.1	996.3	0.9
20070912	21.4	0.0	78.8	996.9	0.6
20070913	21.1	0.0	81.3	997.9	0.5
20070914	19.4	58.5	93.6	995.3	0.9
20070915	21.9	47.0	93.4	991.2	1.3
20070916	20.8	140.0	92.4	989.2	1.4
20070917	22.7	5.0	81.8	996.7	1.2
20070918	21.0	1.0	88.9	999.0	0.5
20070919	25.5	1.0	81.4	996.7	2.6
20070920	26.4	2.5	76.9	996.9	3.2
20070921	25.9	1.5	79.1	998.5	1.8
20070922	23.0	2.0	83.1	1002.5	0.7
20070923	19.4	11.0	90.8	1003.5	0.7
20070924	20.3	17.0	87.6	1000.7	0.5
20070925	22.6	0.0	73.6	999.8	0.9
20070926	21.5	0.0	73.9	1000.3	0.7
20070927	22.4	0.0	76.6	997.1	0.8
20070928	20.0	0.0	77.5	999.6	1.5
20070929	18.4	0.0	81.6	1004.9	0.6
20070930	18.0	0.0	80.9	1003.0	0.7
20071001	18.9	0.0	77.3	1000.1	0.5
20071002	20.3	0.0	76.5	1000.8	0.9
20071003	21.2	0.0	78.4	1002.2	0.6
20071004	20.1	0.0	84.8	1001.2	0.8
20071005	19.2	0.0	78.9	1001.2	0.5
20071006	17.5	0.0	78.1	1000.5	0.8
20071007	17.0	18.5	87.6	997.0	0.4
20071008	19.6	2.0	76.1	996.1	1.0
20071009	16.4	0.0	64.1	998.2	1.1
20071010	17.1	0.0	79.6	1000.4	0.8
20071011	17.3	0.0	64.0	1001.8	1.7
20071012	15.4	0.0	74.1	1005.4	0.7
20071013	14.4	0.0	74.1	1006.3	0.6
20071014	14.4	0.0	70.9	1004.2	1.3
20071015	14.1	0.0	78.8	1006.0	0.5
20071016	14.0	0.0	75.1	1005.2	0.8
20071017	12.6	0.0	74.9	1005.0	0.9
20071018	12.5	0.0	78.0	1004.6	0.7
20071019	12.2	0.0	66.5	999.6	2.8
20071020	9.9	0.0	44.5	1002.2	5.1
20071021	12.4	0.0	53.8	1003.4	2.2
20071022	11.5	0.0	73.6	1003.9	0.6
20071023	12.3	0.0	79.1	1008.2	0.4
20071024	13.5	0.0	82.4	1009.4	0.5
20071025	13.9	16.5	91.8	1005.3	0.5
20071026	16.1	16.5	81.9	1000.9	1.3
20071027	12.8	0.0	77.1	1000.8	1.0
20071028	13.1	0.0	81.9	999.8	0.8
20071029	12.4	0.0	60.0	1004.4	3.5
20071030	11.0	0.0	72.9	1007.7	0.7
20071031	10.5	0.0	72.8	1006.3	0.8
20071101	12.0	0.0	47.9	1004.0	3.8
20071102	9.7	0.0	59.1	1005.1	2.8
20071103	8.6	0.0	70.6	1008.4	1.0
20071104	8.7	0.0	77.5	1011.7	0.5
20071105	9.7	0.0	83.5	1009.4	0.4
20071106	10.1	0.0	78.1	1007.2	0.5
20071107	8.9	0.0	74.0	1005.3	0.4
20071108	9.6	0.0	71.3	1004.5	0.4
20071109	10.0	0.0	79.0	1004.5	0.4
20071110	11.5	0.0	53.8	1003.1	3.7
20071111	10.7	0.0	50.1	1002.7	4.0
20071112	8.1	0.0	61.3	1003.6	1.7
20071113	7.2	0.0	65.5	1004.2	0.5
20071114	8.0	0.0	68.3	1005.6	0.4
20071115	10.0	0.0	73.4	1007.4	1.2
20071116	7.8	0.0	47.0	1005.7	2.9
20071117	6.9	0.0	56.4	1000.3	3.6
20071118	3.7	0.0	31.4	1007.3	5.9
20071119	1.4	0.0	49.4	1008.5	1.1
20071120	4.7	0.0	50.4	1007.1	3.5
20071121	3.7	0.0	55.1	1011.2	2.2
20071122	3.3	0.0	54.3	1013.8	1.0
20071123	5.3	0.0	68.3	1009.7	0.4
20071124	6.5	0.0	64.9	1009.1	1.4
20071125	4.6	0.0	66.8	1009.7	0.4
20071126	7.8	0.0	65.0	1004.4	2.3
20071127	6.0	0.0	39.1	1000.7	3.7
20071128	2.6	0.0	60.9	1002.1	0.7
20071129	6.3	0.0	61.8	1003.7	1.3
20071130	4.8	0.0	42.0	1007.3	3.4
20071201	4.9	0.0	52.4	1007.6	3.0
20071202	4.1	12.0	79.9	1003.2	1.1
20071203	4.9	0.0	54.8	1006.3	4.6
20071204	2.0	0.0	44.9	1013.5	4.5
20071205	1.6	0.0	40.6	1013.3	3.4
20071206	0.7	0.0	62.5	1006.8	1.1
20071207	5.0	0.0	58.4	1004.1	3.2
20071208	4.6	0.0	47.0	1007.4	4.0
20071209	4.5	0.0	52.6	1008.7	3.1
20071210	3.3	0.0	64.8	1006.0	0.7
20071211	7.6	0.0	81.6	1000.4	1.1
20071212	6.1	1.0	80.0	997.7	0.7
20071213	5.0	0.0	52.1	995.4	4.7
20071214	2.2	0.0	54.3	999.8	3.6
20071215	2.6	0.0	60.0	1002.7	3.4
20071216	2.1	0.0	54.8	1008.6	2.1
20071217	3.8	0.0	56.8	1005.6	1.9
20071218	3.6	0.0	48.5	1004.9	2.1
20071219	2.1	0.0	58.4	1004.2	1.7
20071220	2.5	0.0	69.8	1007.5	0.7
20071221	3.2	1.5	86.6	1010.0	0.2
20071222	6.1	0.0	81.3	1004.7	0.6
20071223	4.3	0.0	65.8	1004.6	2.4
20071224	1.9	0.0	70.6	1010.3	0.6
20071225	5.9	0.0	66.5	1010.3	0.3
20071226	5.3	0.0	75.6	1011.8	0.5
20071227	4.4	7.5	89.0	1006.7	0.4
20071228	7.7	8.0	85.1	997.1	1.9
20071229	4.5	0.5	53.6	994.1	5.4
20071230	-1.0	0.0	54.0	994.6	7.1
20071231	-1.4	0.0	55.0	997.7	7.2
20080101	-2.1	0.0	51.4	1002.0	5.0
20080102	0.3	0.0	44.4	1007.0	4.0
20080103	3.8	0.0	53.9	1007.0	3.0
20080104	1.5	0.0	60.1	1007.4	1.0
20080105	1.9	0.0	60.8	1005.6	1.9
20080106	1.4	0.0	71.1	1005.7	0.9
20080107	3.9	0.0	66.5	1001.1	1.5
20080108	5.6	0.0	53.3	1001.8	1.7
20080109	1.6	0.0	65.1	1003.8	0.6
20080110	3.9	0.0	58.0	1005.9	0.6
20080111	4.7	20.0	84.8	1000.8	0.4
20080112	4.1	12.0	91.0	1003.9	1.0
20080113	2.8	0.0	58.9	1010.1	2.1
20080114	1.9	0.0	66.5	1011.5	1.0
20080115	0.6	0.0	52.1	1012.7	1.8
20080116	-1.4	0.0	29.9	1014.8	4.1
20080117	-3.8	0.0	44.6	1015.6	1.3
20080118	-1.5	0.0	39.3	1014.3	1.6
20080119	-0.1	0.0	48.5	1013.8	0.6
20080120	1.7	4.5	80.9	1007.2	0.5
20080121	2.0	8.5	93.1	1007.1	1.0
20080122	1.3	1.3	94.9	1006.0	0.5
20080123	1.1	2.5	61.8	1004.5	4.1
20080124	-3.1	0.0	38.6	1011.0	4.3
20080125	-1.6	0.0	44.3	1012.2	2.1
20080126	-0.4	0.0	52.5	1010.6	1.0
20080127	-1.7	0.0	61.6	1009.3	0.7
20080128	-0.4	0.0	69.8	1001.7	1.1
20080129	1.6	0.0	41.3	999.1	2.8
20080130	0.2	0.0	52.5	1004.1	3.9
20080131	-1.2	0.0	45.3	1008.2	3.9
20080201	-0.8	0.0	42.4	1008.8	1.5
20080202	-0.1	0.0	49.6	1004.2	0.6
20080203	0.7	0.0	48.9	1001.5	3.3
20080204	0.4	0.0	46.0	1005.9	3.7
20080205	-0.8	0.0	40.1	1007.2	2.1
20080206	-0.5	0.0	43.3	1004.9	3.5
20080207	-0.6	0.0	46.0	1005.4	3.7
20080208	-0.2	0.0	46.0	1007.0	1.9
20080209	-0.4	0.0	51.5	1006.5	3.4
20080210	0.2	0.0	50.1	1008.1	1.0
20080211	2.0	0.0	43.4	1005.1	1.9
20080212	-2.3	0.0	30.0	1005.2	5.2
20080213	-3.4	0.0	29.0	1008.2	4.4
20080214	0.4	0.0	44.1	1007.4	3.4
20080215	0.3	0.0	33.4	1008.2	4.8
20080216	-0.4	0.0	33.9	1011.6	4.7
20080217	-1.4	0.0	48.4	1015.6	1.8
20080218	-1.4	0.0	46.0	1016.8	0.7
20080219	2.1	0.0	39.0	1011.6	3.4
20080220	5.3	0.0	39.6	1009.2	3.1
20080221	2.1	0.0	51.9	1007.3	0.8
20080222	4.8	0.0	52.8	1000.7	1.2
20080223	1.1	0.0	34.0	1004.2	5.2
20080224	-1.7	0.0	44.4	1012.7	1.0
20080225	0.5	0.2	67.1	1008.9	1.1
20080226	1.6	3.5	65.8	1000.8	3.8
20080227	2.5	0.0	38.8	1004.8	4.3
20080228	3.5	0.0	45.5	1001.9	1.7
20080229	5.1	0.0	47.9	992.5	2.6
20080301	5.0	0.0	38.1	1000.0	3.1
20080302	5.3	0.0	44.0	998.2	1.3
20080303	4.8	0.0	50.9	997.8	3.3
20080304	2.3	0.0	51.9	1002.2	2.4
20080305	3.0	0.0	51.8	1007.7	1.7
20080306	3.5	0.0	53.4	1006.9	2.3
20080307	5.3	0.0	42.9	1008.5	3.1
20080308	4.2	0.0	49.9	1009.3	1.0
20080309	6.7	0.0	42.3	1003.3	1.4
20080310	9.1	0.0	36.9	1001.7	3.1
20080311	10.0	0.0	54.9	1003.9	0.9
20080312	9.9	0.0	60.6	1006.3	1.0
20080313	9.5	0.5	68.8	1001.5	0.8
20080314	11.1	0.5	54.9	1001.6	2.6
20080315	10.0	0.0	60.8	1002.2	1.6
20080316	10.7	0.0	35.8	1000.9	2.6
20080317	9.2	0.0	44.6	1000.9	1.3
20080318	9.4	0.0	52.5	1000.1	0.9
20080319	12.0	0.0	50.6	999.2	2.0
20080320	9.0	0.0	44.8	1005.1	1.3
20080321	9.2	0.0	44.6	1005.4	1.0
20080322	9.5	5.0	63.8	1000.4	1.8
20080323	10.0	31.5	81.9	991.4	2.5
20080324	11.2	0.1	52.0	994.9	3.3
20080325	8.1	0.0	37.4	994.2	3.4
20080326	6.3	0.0	54.5	995.7	2.9
20080327	6.1	0.0	58.6	995.8	1.9
20080328	8.4	0.0	49.3	1002.5	2.3
20080329	8.0	8.0	71.4	1005.4	1.5
20080330	8.0	7.5	73.6	997.9	1.4
20080331	8.4	0.0	55.3	998.5	3.7
20080401	9.4	0.0	49.0	1001.3	2.6
20080402	10.7	0.0	42.0	996.5	2.7
20080403	11.4	0.0	33.0	997.6	3.5
20080404	11.1	0.0	33.5	1001.4	1.5
20080405	12.7	0.0	38.4	1003.8	1.2
20080406	12.4	7.5	49.3	999.2	1.6
20080407	12.3	12.0	74.9	993.8	1.8
20080408	12.8	0.0	61.9	998.3	1.5
20080409	10.0	25.5	81.3	990.7	1.4
20080410	11.3	14.0	77.0	991.1	1.7
20080411	12.5	0.1	68.8	998.6	1.4
20080412	11.8	0.0	72.1	1001.9	1.9
20080413	13.2	0.0	67.8	998.9	1.2
20080414	13.2	0.0	66.3	1000.1	1.3
20080415	15.0	0.0	59.0	1000.0	1.4
20080416	13.1	4.0	85.3	999.0	0.7
20080417	14.1	2.5	83.8	997.8	0.9
20080418	16.3	0.0	59.4	1001.1	1.4
20080419	16.1	0.0	59.5	1003.9	1.3
20080420	15.1	0.0	50.9	1004.9	1.6
20080421	16.2	0.0	43.9	1003.6	1.5
20080422	17.2	1.0	51.5	1000.3	1.8
20080423	12.6	5.5	70.9	995.8	2.6
20080424	10.9	0.0	38.3	998.4	4.1
20080425	12.6	0.0	46.8	996.8	2.1
20080426	11.1	2.0	59.3	993.8	3.6
20080427	11.1	0.0	53.8	998.6	1.5
20080428	12.4	0.0	65.4	1000.1	1.7
20080429	16.3	0.0	73.0	1000.0	1.3
20080430	19.2	0.0	65.8	998.4	1.4
20080501	18.1	0.0	67.6	995.9	1.3
20080502	20.4	0.0	60.0	994.3	1.0
20080503	22.0	0.0	57.1	994.5	1.0
20080504	16.8	5.5	81.1	988.5	1.3
20080505	17.6	0.0	42.4	990.3	3.6
20080506	16.2	0.0	42.1	995.4	1.3
20080507	18.2	0.0	48.3	994.1	1.2
20080508	19.0	0.0	53.1	993.9	1.1
20080509	16.7	0.0	50.4	997.9	1.5
20080510	14.2	0.0	47.5	1000.2	2.3
20080511	13.5	0.0	55.4	1001.2	1.5
20080512	13.9	0.0	54.6	998.5	1.7
20080513	11.0	9.0	84.4	996.5	1.3
20080514	13.7	0.0	67.4	999.0	1.3
20080515	14.8	0.0	64.4	999.8	1.2
20080516	16.6	0.0	60.5	996.6	0.9
20080517	17.6	0.0	57.5	994.6	1.2
20080518	17.9	19.0	72.5	991.3	2.1
20080519	16.9	2.5	51.5	989.3	2.9
20080520	16.5	0.0	49.9	992.1	2.7
20080521	17.5	0.0	59.1	994.8	1.4
20080522	18.8	0.0	70.4	997.5	1.4
20080523	20.1	1.5	75.1	996.2	1.6
20080524	17.5	0.5	88.8	990.1	0.7
20080525	22.4	0.0	62.6	989.8	1.7
20080526	23.6	0.0	48.9	992.8	1.9
20080527	21.3	0.0	61.3	991.2	2.0
20080528	18.3	37.5	92.8	985.4	1.1
20080529	20.4	0.0	79.4	988.5	1.0
20080530	18.1	0.0	70.8	990.5	1.4
20080531	18.7	0.0	48.4	992.9	1.6
20080601	18.3	0.0	55.6	996.0	1.3
20080602	17.6	1.5	75.1	997.3	1.2
20080603	18.4	0.0	75.5	997.1	0.9
20080604	16.7	3.5	81.6	994.5	1.5
20080605	16.8	19.5	84.1	989.1	1.2
20080606	20.3	0.0	61.3	994.2	2.4
20080607	19.9	0.0	67.4	994.9	0.9
20080608	19.4	21.5	76.9	994.4	1.3
20080609	21.6	0.0	74.0	994.6	1.4
20080610	22.5	0.0	74.5	992.4	1.4
20080611	20.5	0.0	68.5	992.1	1.0
20080612	20.3	0.0	54.9	992.9	0.9
20080613	22.5	0.0	54.4	995.0	1.1
20080614	20.9	0.0	66.9	998.2	1.3
20080615	18.4	0.0	64.4	998.4	1.6
20080616	18.8	0.0	67.1	997.9	1.3
20080617	18.9	25.0	89.5	998.5	0.9
20080618	21.7	112.5	90.5	992.8	2.1
20080619	23.6	0.0	74.0	992.6	1.7
20080620	23.2	10.5	87.5	988.8	1.1
20080621	21.4	21.0	92.1	985.4	1.1
20080622	21.3	6.5	87.4	986.1	0.9
20080623	21.1	0.0	75.5	989.1	1.7
20080624	19.6	0.0	75.4	990.5	1.0
20080625	19.9	0.0	76.8	991.6	1.0
20080626	21.3	0.0	75.8	992.9	1.4
20080627	22.4	0.0	76.9	994.2	1.3
20080628	18.0	75.0	92.6	991.3	0.9
20080629	19.3	4.0	91.4	990.1	0.4
20080630	22.1	0.0	80.3	996.0	1.1
20080701	20.9	0.4	82.9	994.8	1.9
20080702	20.7	29.0	91.4	989.7	0.9
20080703	24.7	4.5	75.4	988.7	1.3
20080704	24.8	0.0	81.3	990.8	1.5
20080705	25.2	0.0	83.4	990.6	1.7
20080706	26.8	0.0	79.8	991.6	1.9
20080707	28.5	0.0	74.1	994.6	1.4
20080708	28.1	0.0	71.8	996.3	0.9
20080709	28.3	0.0	71.1	994.6	1.2
20080710	28.5	0.0	70.3	991.3	1.2
20080711	26.3	0.0	77.5	989.6	1.3
20080712	25.2	5.0	83.8	990.2	1.4
20080713	25.6	8.5	86.5	991.2	0.9
20080714	27.5	0.5	79.5	993.8	1.0
20080715	27.2	0.1	79.9	992.4	1.3
20080716	26.2	0.0	77.0	989.1	1.4
20080717	26.2	0.0	78.8	988.5	0.6
20080718	26.8	0.0	75.8	991.2	0.9
20080719	27.5	0.5	80.8	991.1	1.9
20080720	26.7	5.5	80.1	988.6	2.9
20080721	26.8	0.2	75.0	987.6	1.6
20080722	25.8	0.0	78.4	989.5	0.7
20080723	26.1	0.5	80.8	991.0	1.4
20080724	28.5	0.0	71.5	988.9	2.1
20080725	26.6	6.0	85.0	987.4	2.0
20080726	26.6	0.0	76.8	990.4	1.9
20080727	27.0	0.0	75.0	994.8	0.9
20080728	27.7	0.0	79.0	996.0	1.0
20080729	28.3	0.3	71.6	995.6	1.1
20080730	25.0	3.5	83.8	996.8	0.8
20080731	27.2	0.1	78.3	997.9	0.8
20080801	28.3	0.0	70.6	994.1	1.4
20080802	27.4	0.0	72.9	989.0	1.6
20080803	26.7	5.0	74.5	989.0	1.7
20080804	25.8	0.0	72.6	993.7	1.0
20080805	26.0	0.0	68.3	994.7	1.1
20080806	26.7	0.0	68.4	994.2	1.3
20080807	26.7	0.0	66.1	994.0	1.0
20080808	26.0	0.0	70.9	993.1	1.2
20080809	26.7	0.1	78.1	992.2	1.0
20080810	27.4	1.0	72.3	992.8	1.5
20080811	26.7	11.0	82.0	994.0	1.0
20080812	25.7	15.5	88.3	992.4	0.9
20080813	26.9	0.1	81.9	990.5	1.0
20080814	26.4	2.0	81.4	988.5	0.7
20080815	25.7	39.5	85.3	984.5	0.9
20080816	22.5	8.5	89.0	987.1	1.5
20080817	22.0	1.0	85.1	993.7	0.7
20080818	25.8	0.5	76.5	989.5	1.8
20080819	25.1	0.0	62.3	989.9	3.3
20080820	25.1	0.0	62.4	991.0	2.0
20080821	22.7	0.0	72.9	993.8	1.8
20080822	19.5	27.5	86.8	986.9	1.3
20080823	23.4	0.0	73.4	986.8	2.4
20080824	23.8	0.0	72.9	995.1	1.3
20080825	21.9	0.0	75.6	997.4	1.2
20080826	21.2	0.0	74.0	995.9	0.9
20080827	21.5	0.0	73.4	994.3	0.9
20080828	22.5	0.0	71.3	995.0	1.0
20080829	22.1	0.0	77.0	996.1	0.8
20080830	22.3	0.0	73.1	995.8	1.1
20080831	22.4	0.0	75.4	993.1	1.2
20080901	24.1	7.5	82.1	988.0	1.7
20080902	24.4	0.0	77.8	988.4	1.0
20080903	23.6	0.0	70.5	993.8	1.1
20080904	22.6	0.0	69.5	996.1	0.9
20080905	21.4	0.0	72.6	998.3	0.9
20080906	20.3	2.0	85.1	1001.3	0.8
20080907	21.8	0.0	68.0	1001.3	1.0
20080908	22.0	0.0	70.0	1000.6	0.7
20080909	22.3	0.0	71.0	1001.0	0.9
20080910	22.0	0.0	73.5	999.1	0.9
20080911	22.7	0.0	78.4	996.0	0.9
20080912	24.2	0.5	75.4	994.4	0.9
20080913	24.5	0.0	70.3	997.6	1.2
20080914	24.9	0.0	71.9	999.6	1.2
20080915	22.7	0.0	78.5	996.3	0.8
20080916	22.1	0.0	72.4	994.7	0.8
20080917	23.1	0.0	67.8	995.5	0.8
20080918	24.5	0.0	66.3	994.8	1.0
20080919	24.2	0.0	66.1	995.6	1.0
20080920	23.2	0.0	78.6	994.7	1.2
20080921	23.4	1.0	79.0	993.5	1.1
20080922	22.6	0.0	76.5	994.5	1.2
20080923	23.0	0.0	81.3	995.9	0.6
20080924	20.7	1.0	89.1	998.9	1.0
20080925	21.0	0.0	78.4	993.8	2.1
20080926	17.3	0.0	46.5	998.4	3.2
20080927	11.9	0.0	62.0	1004.3	0.8
20080928	15.0	0.0	69.8	1003.6	0.7
20080929	14.4	2.0	85.9	1002.1	1.0
20080930	15.8	0.0	83.3	998.4	0.8
20081001	17.6	0.0	72.6	998.1	1.1
20081002	18.2	0.0	71.3	1001.0	0.7
20081003	18.3	0.0	73.5	999.4	0.7
20081004	18.2	0.0	70.9	998.6	0.7
20081005	18.1	0.0	84.3	996.4	0.4
20081006	19.3	0.0	63.4	996.8	1.4
20081007	17.1	0.0	67.1	1000.5	0.9
20081008	17.2	0.0	72.6	1003.6	0.7
20081009	18.7	0.0	69.4	1005.4	0.9
20081010	17.7	0.0	77.6	1002.0	1.1
20081011	15.7	0.0	46.5	1002.9	2.1
20081012	12.6	0.0	64.8	1002.2	0.7
20081013	13.6	0.0	60.4	1001.9	0.8
20081014	14.9	0.0	58.1	1003.6	1.2
20081015	14.9	0.0	62.3	1007.1	0.7
20081016	15.0	0.0	62.3	1007.9	0.6
20081017	16.1	0.0	61.9	1007.8	0.5
20081018	15.4	0.0	59.6	1007.6	0.6
20081019	15.1	0.0	61.3	1004.8	0.4
20081020	16.3	0.0	58.3	1003.7	0.7
20081021	16.1	0.0	64.1	1004.1	0.7
20081022	15.7	25.0	88.8	1000.0	0.9
20081023	18.3	0.5	83.9	996.0	1.0
20081024	14.7	0.0	50.0	1003.5	4.0
20081025	10.4	0.0	70.0	1004.4	1.0
20081026	14.5	0.0	55.1	999.8	3.0
20081027	13.5	0.0	47.9	1001.8	3.8
20081028	14.5	0.0	46.5	999.9	3.6
20081029	13.8	0.0	56.8	1001.0	1.7
20081030	11.8	0.0	62.5	1004.6	1.7
20081031	10.8	0.0	72.4	1001.8	1.3
20081101	11.8	0.0	60.0	1001.5	1.3
20081102	14.9	0.0	55.4	999.0	2.0
20081103	14.7	0.0	49.1	1000.3	2.2
20081104	10.4	0.0	47.4	1005.0	1.2
20081105	9.0	0.0	60.0	1004.5	0.6
20081106	12.2	0.0	79.3	1000.6	0.9
20081107	14.5	0.0	71.9	1000.7	0.5
20081108	12.7	0.0	73.9	1003.1	0.8
20081109	10.4	1.5	83.4	1005.1	0.7
20081110	7.9	0.0	75.1	1009.3	0.7
20081111	7.0	0.0	73.0	1009.8	0.6
20081112	7.6	0.0	70.8	1007.6	0.7
20081113	8.8	0.0	73.8	1007.3	0.6
20081114	9.8	0.0	71.9	1005.8	0.5
20081115	10.3	0.0	66.0	1000.5	0.6
20081116	11.8	0.0	54.8	999.3	2.3
20081117	8.6	0.0	38.3	1001.7	3.5
20081118	2.7	0.0	41.5	1005.2	3.8
20081119	0.1	0.0	43.0	1008.8	3.1
20081120	1.8	0.0	61.3	1008.1	1.8
20081121	5.9	0.0	53.3	1008.2	2.4
20081122	3.3	0.0	54.3	1010.5	0.7
20081123	9.4	0.0	52.1	1007.7	0.7
20081124	5.0	8.0	85.0	1005.2	0.7
20081125	4.7	0.0	80.9	1007.8	0.9
20081126	4.1	0.0	77.5	1008.9	0.7
20081127	2.4	1.5	90.5	1000.7	0.6
20081128	5.6	0.0	70.8	1001.0	2.4
20081129	5.5	0.0	52.1	1001.8	4.9
20081130	4.0	0.0	48.9	1010.5	2.1
20081201	2.2	0.0	67.1	1007.9	0.6
20081202	5.2	0.0	72.9	1003.7	0.5
20081203	5.6	0.0	69.8	1005.5	0.7
20081204	8.2	1.5	67.6	1002.2	2.5
20081205	-1.5	0.0	53.8	1006.3	4.3
20081206	-4.6	0.0	48.0	1012.2	2.3
20081207	-3.6	0.0	66.1	1011.9	0.6
20081208	2.2	0.0	66.8	1004.7	0.7
20081209	3.2	0.0	71.0	1003.7	0.6
20081210	5.0	0.0	76.3	1002.9	0.4
20081211	5.7	0.0	61.5	1000.7	3.0
20081212	2.4	0.0	59.5	1005.7	0.7
20081213	4.2	0.0	53.1	1005.0	1.8
20081214	1.9	0.0	25.8	1004.9	3.6
20081215	2.7	0.0	59.6	1006.7	1.8
20081216	0.2	0.0	65.1	1007.5	0.5
20081217	3.9	0.0	60.3	1003.2	1.2
20081218	4.0	0.0	35.9	1004.8	3.2
20081219	-0.2	0.0	53.4	1005.3	0.6
20081220	3.1	0.5	75.9	1003.5	0.9
20081221	3.8	2.0	71.0	1004.8	1.7
20081222	-0.5	0.0	40.5	1010.3	4.3
20081223	1.7	0.0	54.5	1010.0	2.9
20081224	-0.5	0.0	76.8	1004.3	0.7
20081225	2.8	0.0	39.1	1003.0	6.2
20081226	-1.0	0.0	26.9	1010.4	3.3
20081227	-1.3	0.0	36.8	1008.8	0.7
20081228	0.7	0.0	56.1	1006.2	0.6
20081229	4.9	0.0	51.6	1002.9	3.4
20081230	1.1	0.0	50.0	1005.2	4.9
20081231	-1.4	0.0	45.1	1005.9	4.4
20090101	-2.4	0.0	39.5	1006.8	3.7
20090102	-0.5	0.0	41.1	1010.2	2.6
20090103	-0.8	0.0	45.3	1010.3	0.7
20090104	-0.4	0.0	46.8	1008.3	0.9
20090105	1.1	0.0	52.0	1008.5	2.8
20090106	-0.2	0.0	47.9	1009.9	0.8
20090107	0.5	0.0	37.6	1010.1	1.1
20090108	-0.8	0.0	43.3	1009.0	1.5
20090109	0.2	0.0	37.0	1004.0	3.7
20090110	-2.1	0.0	41.9	1003.4	5.1
20090111	-2.8	0.0	52.1	1004.0	3.2
20090112	-2.9	0.0	45.6	1008.0	6.4
20090113	-1.6	0.0	42.1	1010.9	4.4
20090114	-1.6	0.0	44.9	1010.4	4.0
20090115	-4.1	0.0	38.1	1013.3	2.6
20090116	-1.7	0.0	59.5	1011.7	1.6
20090117	-0.5	0.0	64.6	1009.2	0.7
20090118	3.3	3.5	66.3	1000.8	2.3
20090119	3.4	0.0	41.0	1005.1	3.5
20090120	3.0	0.0	46.1	1006.1	0.6
20090121	1.0	0.0	62.6	1003.7	0.5
20090122	1.8	0.0	61.3	999.3	0.9
20090123	-3.3	0.0	46.6	1003.1	5.5
20090124	-5.6	0.0	50.9	1004.3	3.7
20090125	-2.1	0.0	56.4	1004.0	2.2
20090126	0.0	0.0	52.9	1007.1	2.6
20090127	-1.1	0.0	46.4	1011.8	0.9
20090128	-1.2	0.0	58.8	1010.8	0.3
20090129	0.9	0.0	67.9	1006.6	0.1
20090130	5.5	4.5	85.3	1000.7	0.3
20090131	5.8	0.0	66.0	1005.9	0.9
20090201	4.1	0.0	64.3	1012.2	0.9
20090202	6.2	0.0	62.4	1008.5	0.8
20090203	7.4	0.0	67.3	1004.5	0.5
20090204	5.7	0.0	72.4	1004.5	0.4
20090205	4.5	0.0	64.6	1004.7	1.4
20090206	3.2	0.0	69.3	1007.0	0.7
20090207	5.1	0.0	61.0	1004.9	1.7
20090208	4.9	0.0	54.3	1006.1	1.1
20090209	4.9	0.0	49.9	999.6	2.4
20090210	4.5	0.0	56.3	998.3	2.5
20090211	5.5	0.0	48.6	995.3	2.1
20090212	7.1	0.5	55.4	996.3	1.7
20090213	15.4	35.0	80.4	984.0	3.4
20090214	10.0	0.0	48.0	994.8	2.9
20090215	4.1	0.0	50.8	1001.9	2.5
20090216	-0.7	0.0	22.9	1009.7	4.3
20090217	-0.9	0.0	28.8	1011.6	2.5
20090218	1.5	0.0	36.8	1009.3	2.1
20090219	0.0	7.0	76.8	1003.2	0.4
20090220	1.3	0.0	58.5	998.6	4.6
20090221	-0.6	0.0	53.9	1003.8	1.6
20090222	0.2	15.5	89.3	997.8	0.6
20090223	7.2	0.0	72.9	1000.5	1.1
20090224	9.8	0.5	66.8	998.8	1.1
20090225	8.8	3.0	67.3	1000.2	1.8
20090226	7.3	0.0	39.8	1004.4	1.3
20090227	7.5	0.0	36.6	1003.0	1.3
20090228	5.3	0.0	45.6	1006.3	0.8
20090301	5.4	0.0	38.9	1009.2	2.2
20090302	3.4	0.0	63.0	1009.9	1.7
20090303	2.9	3.5	81.1	1003.5	1.6
20090304	4.7	0.0	69.9	1003.5	0.7
20090305	5.7	9.0	85.1	999.4	0.9
20090306	5.3	0.0	46.1	1000.0	4.9
20090307	4.9	0.0	34.5	1006.4	2.2
20090308	7.1	0.0	44.4	1003.1	1.1
20090309	8.6	0.0	43.0	1001.2	0.9
20090310	8.8	0.0	28.9	1003.4	2.8
20090311	6.5	0.0	28.6	1007.8	1.6
20090312	6.5	0.0	46.4	1008.7	1.7
20090313	6.4	18.5	70.8	994.5	4.8
20090314	1.7	0.0	38.6	1002.3	5.5
20090315	5.4	0.0	50.3	1000.7	1.6
20090316	10.6	0.0	52.0	997.0	1.8
20090317	12.5	0.0	54.3	997.8	2.5
20090318	14.4	0.0	76.0	997.8	1.7
20090319	15.2	0.0	83.8	994.7	1.1
20090320	13.2	0.0	62.8	1000.9	2.0
20090321	10.4	23.0	75.4	995.3	2.0
20090322	12.5	4.5	71.1	986.8	3.5
20090323	8.4	0.0	47.4	999.8	2.4
20090324	7.2	0.0	31.8	1000.6	2.5
20090325	4.3	0.0	35.9	1000.6	4.0
20090326	6.2	0.0	44.5	1001.8	3.3
20090327	7.1	0.0	25.3	1005.7	3.9
20090328	7.7	0.0	29.4	1004.3	2.5
20090329	7.2	0.0	50.3	1006.5	1.4
20090330	9.0	0.0	52.8	1008.2	1.8
20090331	8.5	0.0	48.4	1005.1	2.9
20090401	5.8	0.0	46.0	1005.6	4.4
20090402	8.6	0.0	42.8	1008.0	2.2
20090403	10.1	0.0	42.4	1004.6	1.4
20090404	12.5	0.0	30.4	1001.2	3.1
20090405	12.6	0.0	43.9	999.8	2.2
20090406	12.9	0.0	34.3	997.8	3.1
20090407	15.9	0.0	28.6	1000.0	2.0
20090408	15.6	0.0	42.0	1003.2	1.5
20090409	15.9	0.0	45.6	1005.4	1.2
20090410	16.7	0.0	39.5	1004.1	1.1
20090411	16.9	0.0	38.0	1002.3	1.3
20090412	17.0	0.0	37.8	997.7	1.6
20090413	15.7	0.5	56.5	991.9	1.1
20090414	15.3	1.5	76.6	989.1	1.3
20090415	13.9	0.5	69.0	990.9	1.7
20090416	11.6	0.0	76.6	995.2	1.8
20090417	13.8	0.0	61.3	998.0	1.4
20090418	16.4	0.0	52.0	998.7	1.4
20090419	17.7	0.0	43.4	997.8	2.1
20090420	14.4	56.5	81.8	985.6	3.3
20090421	13.3	0.0	54.1	987.5	4.5
20090422	14.1	0.0	35.9	995.7	5.6
20090423	12.5	0.0	55.9	1002.1	2.3
20090424	12.1	3.5	74.1	999.3	1.9
20090425	10.5	2.0	69.6	990.4	3.8
20090426	11.2	0.0	54.3	993.7	3.8
20090427	11.2	0.0	55.9	997.0	3.0
20090428	13.0	0.0	47.3	1002.6	1.6
20090429	14.4	0.0	46.4	1006.5	1.1
20090430	14.6	0.0	42.3	1007.1	1.4
20090501	15.4	0.0	54.0	1006.7	1.5
20090502	15.5	6.0	79.4	1003.3	1.2
20090503	16.8	6.0	78.9	1002.4	0.9
20090504	17.5	0.0	59.0	999.9	1.4
20090505	18.1	0.0	55.9	998.3	1.2
20090506	17.8	1.0	62.5	997.6	1.1
20090507	19.8	0.0	45.1	993.1	2.6
20090508	23.0	0.0	32.9	993.1	2.0
20090509	20.8	0.0	46.0	994.6	1.0
20090510	19.4	0.0	50.6	996.4	1.8
20090511	18.2	0.0	70.5	995.6	2.0
20090512	18.0	15.5	81.8	991.9	1.4
20090513	20.5	0.0	36.0	995.2	2.4
20090514	20.5	0.0	29.8	998.0	2.4
20090515	16.2	2.5	56.6	1002.1	1.1
20090516	13.5	23.5	92.0	994.3	1.3
20090517	16.3	2.0	63.3	989.8	3.9
20090518	17.7	0.0	43.9	994.9	2.1
20090519	20.0	0.0	45.4	994.8	1.4
20090520	19.8	0.1	49.8	997.5	1.2
20090521	15.1	67.0	89.3	990.4	1.7
20090522	20.4	0.1	60.8	993.7	2.2
20090523	18.0	0.2	65.6	993.4	1.7
20090524	17.9	0.0	64.6	995.4	1.3
20090525	20.1	0.0	62.8	999.0	0.8
20090526	21.1	0.0	61.4	997.7	1.0
20090527	20.5	0.0	54.5	997.3	1.4
20090528	20.4	0.0	48.3	997.3	1.6
20090529	19.5	0.0	52.4	994.5	1.2
20090530	19.5	0.0	64.6	990.1	1.6
20090531	19.1	0.0	41.1	988.8	2.1
20090601	19.9	0.0	57.1	989.0	1.5
20090602	19.9	0.0	71.6	988.7	2.1
20090603	18.5	0.0	76.9	986.3	2.3
20090604	21.4	0.0	63.3	986.3	1.4
20090605	21.3	0.0	66.5	986.1	1.4
20090606	20.8	0.1	67.3	989.9	1.4
20090607	19.6	0.0	75.3	994.3	1.8
20090608	20.5	0.0	71.1	997.8	1.9
20090609	19.4	1.5	74.8	994.3	2.2
20090610	21.4	6.0	68.3	983.1	2.1
20090611	22.9	0.0	42.8	985.1	3.1
20090612	20.8	0.0	66.6	984.4	1.2
20090613	22.3	0.0	51.5	987.4	2.3
20090614	21.4	0.0	60.8	991.7	1.8
20090615	21.5	0.0	67.9	995.5	1.6
20090616	22.4	0.0	67.9	996.8	1.4
20090617	22.3	0.0	66.0	997.7	1.6
20090618	24.7	0.0	54.4	995.4	1.7
20090619	24.9	0.0	61.9	992.6	1.9
20090620	23.8	0.0	73.6	987.9	3.0
20090621	25.2	1.5	79.9	984.8	1.7
20090622	22.0	81.0	83.1	982.7	1.5
20090623	23.7	0.0	60.5	986.0	1.1
20090624	24.5	0.0	55.5	989.1	1.1
20090625	24.2	0.0	56.8	991.8	1.3
20090626	23.6	0.0	65.8	994.1	1.7
20090627	23.7	0.0	77.8	992.1	1.6
20090628	24.3	0.0	78.0	989.3	1.4
20090629	23.7	49.5	85.9	986.0	0.9
20090630	21.3	9.5	88.9	988.7	0.7
20090701	22.4	0.5	73.5	987.6	1.2
20090702	21.3	17.5	82.4	987.5	1.3
20090703	21.8	0.5	75.4	987.9	1.1
20090704	22.2	23.0	77.0	992.4	1.2
20090705	24.1	0.0	72.6	996.3	1.0
20090706	24.1	0.0	72.0	995.9	1.4
20090707	18.9	93.5	92.9	991.2	0.8
20090708	24.2	5.5	86.9	989.7	1.5
20090709	26.5	12.0	72.9	984.2	2.3
20090710	25.1	0.0	64.9	989.8	1.6
20090711	21.3	44.5	82.1	994.5	1.0
20090712	24.0	13.0	87.1	990.2	1.6
20090713	25.4	9.0	89.3	994.9	1.3
20090714	26.6	3.0	78.9	990.5	2.5
20090715	21.0	55.5	89.0	991.8	1.6
20090716	22.4	72.0	89.1	991.2	0.9
20090717	26.0	0.0	83.4	990.5	1.2
20090718	27.5	0.0	71.5	989.0	1.4
20090719	25.9	31.5	89.1	989.2	0.8
20090720	27.5	1.5	82.9	988.6	0.7
20090721	25.6	33.5	75.6	983.9	2.3
20090722	24.3	0.0	69.4	985.4	1.6
20090723	22.7	0.1	81.4	988.6	1.4
20090724	20.1	21.0	91.0	986.5	0.8
20090725	21.4	1.5	88.8	989.4	1.9
20090726	23.3	0.5	77.5	990.3	0.6
20090727	23.5	8.5	75.8	990.6	1.0
20090728	21.4	22.5	83.5	990.1	0.4
20090729	22.5	33.0	82.1	990.5	0.6
20090730	24.3	0.0	76.4	993.9	1.1
20090731	22.8	0.0	78.0	993.8	0.9
20090801	23.1	0.0	80.4	991.4	0.8
20090802	23.6	0.0	77.0	991.2	0.8
20090803	21.5	0.0	80.1	992.9	0.3
20090804	23.5	0.0	75.5	992.7	0.6
20090805	23.8	0.0	71.5	993.2	0.6
20090806	22.6	1.0	85.6	994.5	0.2
20090807	23.5	16.0	92.4	994.4	0.5
20090808	26.4	0.5	76.5	992.8	1.3
20090809	25.1	0.0	74.8	991.0	1.1
20090810	24.8	0.5	81.9	991.7	0.8
20090811	23.7	24.5	92.5	990.5	1.0
20090812	26.2	5.5	87.9	983.9	2.0
20090813	26.1	0.5	83.9	988.3	1.1
20090814	24.1	0.0	79.1	993.3	0.9
20090815	25.4	0.0	73.6	994.6	0.8
20090816	23.5	0.1	85.6	998.2	0.5
20090817	24.0	0.5	87.0	999.1	0.5
20090818	25.8	0.0	80.4	997.8	0.9
20090819	26.4	5.0	79.6	996.1	1.2
20090820	26.5	4.0	82.1	991.1	0.9
20090821	26.2	0.5	69.3	990.8	1.0
20090822	24.5	0.0	61.1	991.7	1.6
20090823	24.2	0.0	58.1	993.8	1.6
20090824	23.5	0.0	65.9	996.3	1.4
20090825	23.6	0.0	70.3	996.3	1.2
20090826	23.9	0.0	75.6	993.5	1.2
20090827	23.8	0.4	83.0	989.4	1.2
20090828	26.3	23.5	67.3	990.9	1.9
20090829	22.4	0.0	67.1	996.3	1.3
20090830	20.1	1.5	85.4	999.2	0.8
20090831	20.7	0.1	76.3	1000.1	0.8
20090901	20.3	0.0	72.8	1001.7	0.9
20090902	20.6	0.0	72.3	1001.3	0.9
20090903	21.1	0.0	72.8	999.6	0.8
20090904	23.0	0.0	74.8	996.0	1.2
20090905	24.4	0.0	72.1	993.0	0.8
20090906	24.4	0.0	72.4	991.5	0.8
20090907	25.1	0.0	70.0	990.4	1.4
20090908	23.6	0.0	70.6	990.4	1.4
20090909	23.5	0.0	61.5	992.5	1.4
20090910	21.5	0.0	70.9	994.1	0.9
20090911	20.8	0.5	72.0	993.8	1.0
20090912	20.1	0.1	65.6	991.4	2.1
20090913	20.0	0.0	66.4	998.5	0.9
20090914	18.7	0.5	83.8	998.3	0.6
20090915	20.4	0.0	68.0	995.9	1.3
20090916	20.0	0.0	65.5	997.8	1.0
20090917	20.2	0.0	69.3	998.4	0.9
20090918	20.9	0.0	61.4	997.7	1.2
20090919	18.7	0.0	67.3	998.6	1.0
20090920	18.9	0.0	68.6	998.8	0.8
20090921	18.4	1.0	84.8	998.5	0.5
20090922	20.4	0.0	77.1	1000.9	1.2
20090923	21.7	8.0	83.3	1001.6	0.8
20090924	22.8	0.0	75.6	1001.8	0.8
20090925	21.4	0.5	84.4	1000.4	0.6
20090926	22.6	0.0	72.5	1001.0	0.9
20090927	19.0	23.5	90.5	1000.3	0.6
20090928	20.0	1.5	83.8	998.9	0.9
20090929	19.9	0.0	82.9	1003.4	0.6
20090930	19.3	0.0	85.4	1004.2	0.6
20091001	20.1	4.0	81.6	1000.0	0.8
20091002	21.4	16.5	64.8	992.6	2.6
20091003	18.1	0.0	48.5	998.1	2.0
20091004	16.0	0.0	70.5	1000.6	1.4
20091005	14.6	0.0	65.6	1002.2	0.8
20091006	15.0	0.0	72.4	1002.6	0.9
20091007	15.9	0.0	68.3	998.7	1.6
20091008	15.0	0.0	62.4	996.4	1.5
20091009	13.8	0.0	70.8	999.0	0.7
20091010	14.2	0.0	70.0	1002.8	0.8
20091011	14.2	0.0	72.5	1005.3	0.7
20091012	13.5	0.0	76.8	1001.8	0.8
20091013	16.4	1.0	58.4	999.4	1.7
20091014	14.0	1.0	73.8	1000.4	1.8
20091015	12.8	0.0	71.8	1002.7	1.0
20091016	13.4	0.0	72.4	997.4	0.8
20091017	15.7	5.0	60.5	990.4	2.8
20091018	16.1	0.0	47.9	992.7	2.7
20091019	13.7	0.0	56.1	992.4	3.2
20091020	13.0	0.0	52.3	1001.1	2.5
20091021	11.9	0.0	64.3	1004.6	1.2
20091022	12.1	0.0	59.0	1004.4	0.6
20091023	13.0	0.0	60.6	1002.9	0.9
20091024	13.4	0.0	74.0	1003.7	0.7
20091025	13.1	0.0	72.6	1003.5	0.9
20091026	14.4	0.0	64.4	999.6	1.1
20091027	14.7	0.0	68.8	1001.9	0.9
20091028	12.7	0.0	74.8	1007.1	0.8
20091029	12.6	0.1	81.9	1006.3	0.6
20091030	15.0	0.0	76.8	1007.3	0.6
20091031	16.1	0.0	77.1	1001.6	1.1
20091101	14.6	0.0	54.3	1000.5	3.1
20091102	5.9	0.0	39.0	1009.1	4.5
20091103	6.2	0.0	44.6	1014.8	2.5
20091104	9.8	0.0	62.1	1011.9	1.5
20091105	12.5	0.0	70.8	1007.0	0.9
20091106	13.5	0.0	76.9	1002.6	0.8
20091107	15.0	0.0	80.3	1002.1	0.7
20091108	16.5	10.0	87.3	999.4	1.0
20091109	17.8	0.0	78.6	998.0	1.1
20091110	14.8	4.5	76.4	996.2	1.3
20091111	11.2	0.0	62.9	1003.8	1.8
20091112	10.0	0.0	60.3	1010.0	1.3
20091113	9.9	13.0	92.9	999.6	0.8
20091114	9.5	0.0	56.8	997.7	4.6
20091115	4.9	0.0	47.3	1005.5	5.4
20091116	4.1	0.0	40.6	1010.5	3.5
20091117	2.6	0.0	32.0	1008.3	3.4
20091118	2.9	0.0	40.8	1011.0	2.4
20091119	4.6	0.0	48.4	1013.1	2.1
20091120	4.8	0.0	51.6	1011.3	2.6
20091121	4.2	0.0	46.5	1010.7	2.2
20091122	2.1	0.0	53.6	1008.6	1.2
20091123	4.1	0.0	66.6	1009.4	0.6
20091124	4.7	0.0	66.9	1005.0	0.6
20091125	5.0	0.0	72.3	1003.4	0.6
20091126	5.9	0.0	80.1	1006.6	0.5
20091127	7.4	0.0	72.5	1006.3	1.4
20091128	5.8	0.0	74.3	1007.5	0.7
20091129	6.0	13.0	86.6	1005.9	1.2
20091130	6.7	0.0	62.5	1006.1	2.2
20091201	4.4	0.0	70.0	1008.3	1.5
20091202	3.0	0.0	77.8	1007.3	0.6
20091203	5.1	0.0	66.1	1003.0	2.1
20091204	4.7	0.0	67.0	1003.7	1.2
20091205	3.9	3.0	56.6	998.5	5.0
20091206	1.9	0.0	32.8	1007.1	4.5
20091207	1.2	0.0	39.6	1011.3	1.1
20091208	1.1	0.0	61.1	1009.8	0.5
20091209	4.1	2.0	79.0	1006.8	0.4
20091210	7.3	17.5	94.9	1001.4	0.3
20091211	10.8	4.5	80.4	1000.0	1.7
20091212	8.4	0.0	58.0	1003.5	2.3
20091213	5.8	0.0	51.3	1003.3	1.3
20091214	3.9	0.0	30.4	1008.2	2.2
20091215	1.5	0.0	22.0	1009.1	3.1
20091216	-1.9	0.0	32.8	1008.4	3.9
20091217	-1.1	0.0	50.5	1005.6	2.9
20091218	-2.8	0.0	45.4	1006.6	4.8
20091219	-0.9	0.0	49.8	1006.5	5.8
20091220	0.9	0.0	54.5	1003.0	4.6
20091221	-0.1	0.0	40.6	1008.0	3.3
20091222	1.0	0.0	63.6	1006.1	1.0
20091223	4.1	0.0	67.6	1003.5	1.5
20091224	2.8	0.0	76.8	1003.4	0.6
20091225	3.0	0.0	70.3	999.0	1.9
20091226	-0.4	0.0	41.3	1003.3	3.4
20091227	-2.6	0.0	49.6	1002.3	2.1
20091228	-2.4	0.0	49.5	1003.4	1.9
20091229	-2.9	0.0	59.9	1001.5	0.7
20091230	1.0	0.0	49.3	997.6	4.4
20091231	-4.5	0.1	46.3	1002.9	4.6
20100101	-3.1	0.0	52.5	1003.7	1.9
20100102	0.5	0.0	60.3	999.7	2.1
20100103	-0.3	0.0	30.5	1002.1	2.7
20100104	-0.8	6.5	62.4	995.5	2.9
20100105	-3.0	0.0	48.9	1002.6	5.0
20100106	-3.8	0.0	49.8	1005.5	3.9
20100107	-3.2	0.0	50.0	1006.7	3.5
20100108	-4.1	0.0	60.0	1005.9	1.8
20100109	-0.9	0.0	59.9	1007.0	1.6
20100110	1.5	0.0	58.9	1007.9	1.3
20100111	1.1	0.0	52.6	1004.4	3.8
20100112	-3.2	0.0	43.9	1001.6	3.5
20100113	-5.6	0.1	49.1	1004.6	4.2
20100114	-3.8	0.0	53.4	1010.1	1.7
20100115	-0.9	0.0	63.8	1011.8	1.5
20100116	-1.8	0.0	47.0	1014.3	1.3
20100117	-2.7	0.0	48.0	1014.7	0.6
20100118	-0.4	0.0	49.6	1013.2	0.8
20100119	2.1	0.0	56.6	1011.7	0.6
20100120	6.7	12.0	87.4	1001.1	0.8
20100121	4.0	0.2	50.6	1002.8	3.9
20100122	-1.3	0.0	39.0	1008.4	4.8
20100123	-1.6	0.0	50.8	1008.2	3.0
20100124	-0.1	0.0	55.9	1006.0	2.0
20100125	1.6	0.0	44.6	1005.8	4.2
20100126	-0.8	0.0	39.8	1012.3	2.9
20100127	-1.2	7.5	77.0	1002.5	0.7
20100128	5.5	0.0	47.1	1000.9	3.5
20100129	2.4	0.0	37.5	1006.2	4.5
20100130	3.1	0.0	45.9	1005.5	1.6
20100131	4.2	0.0	55.3	1002.9	0.7
20100201	2.6	0.0	60.4	999.2	1.6
20100202	0.1	0.0	23.6	1004.4	3.4
20100203	-2.6	0.0	24.0	1008.0	3.5
20100204	-1.0	0.0	37.9	1007.5	3.5
20100205	1.0	0.0	31.6	1007.0	5.1
20100206	-0.5	0.0	24.3	1010.9	2.3
20100207	0.1	0.0	51.4	1010.1	0.9
20100208	4.3	1.0	85.9	1002.3	0.5
20100209	7.1	5.0	93.0	998.9	0.6
20100210	7.0	6.5	93.6	999.0	0.7
20100211	2.7	25.5	89.4	1001.2	1.1
20100212	1.1	0.5	89.8	1007.0	0.5
20100213	-0.1	0.0	60.8	1008.8	3.3
20100214	-0.6	0.0	65.3	1009.6	1.0
20100215	1.0	0.0	55.5	1006.5	2.2
20100216	0.0	0.0	36.5	1009.0	2.8
20100217	0.3	0.0	39.3	1006.9	1.4
20100218	0.1	0.0	41.6	1005.0	4.0
20100219	-0.2	0.0	46.4	1004.2	2.5
20100220	2.0	0.0	49.3	1004.9	1.0
20100221	2.8	0.0	66.1	1004.4	1.4
20100222	4.4	0.0	75.1	1002.0	1.2
20100223	6.1	0.0	60.5	1000.9	1.3
20100224	9.9	1.5	74.0	999.3	2.2
20100225	15.5	73.0	88.9	992.9	2.8
20100226	11.2	11.5	91.3	995.0	0.9
20100227	6.1	2.0	79.0	1000.1	1.0
20100228	8.0	0.0	79.0	1002.0	1.2
20100301	6.9	9.0	87.6	996.5	1.5
20100302	5.5	0.0	80.4	1000.0	1.2
20100303	6.1	0.5	60.9	1005.3	1.6
20100304	5.3	7.0	90.4	998.5	0.8
20100305	8.2	5.0	90.0	1000.1	0.9
20100306	6.3	4.5	86.0	1004.1	1.2
20100307	3.5	1.0	78.5	1009.6	1.1
20100308	2.8	0.0	68.4	1013.2	1.2
20100309	2.7	7.0	73.1	1004.8	1.3
20100310	-0.1	0.0	59.0	1002.7	4.2
20100311	2.8	0.0	56.0	1007.2	1.8
20100312	7.8	0.0	65.9	1001.6	2.0
20100313	10.0	0.0	32.6	1007.7	1.6
20100314	7.6	0.0	65.3	1008.0	1.7
20100315	11.3	23.0	68.4	994.2	4.6
20100316	3.7	0.0	37.6	1004.2	5.4
20100317	4.1	0.0	43.3	1007.5	2.0
20100318	3.2	2.0	61.9	1001.7	2.8
20100319	5.4	0.0	58.3	996.3	1.7
20100320	10.9	0.0	63.4	985.8	3.5
20100321	5.1	0.0	34.9	998.5	5.3
20100322	4.6	0.0	48.0	1001.5	1.0
20100323	7.2	1.0	72.1	999.9	1.1
20100324	8.8	0.0	58.1	1000.8	1.2
20100325	6.2	2.0	58.3	999.4	2.5
20100326	3.8	0.0	28.4	1007.3	3.7
20100327	6.1	0.0	47.6	1008.5	2.1
20100328	8.3	0.0	34.6	1007.0	3.5
20100329	7.8	0.0	38.5	1010.9	2.5
20100330	7.7	0.0	58.1	1012.1	2.1
20100331	8.6	26.5	86.8	1001.8	1.2
20100401	10.1	22.5	85.1	994.6	1.8
20100402	8.5	0.0	29.1	1001.7	3.7
20100403	7.7	0.0	31.9	1007.0	2.7
20100404	8.3	0.0	51.1	1003.4	1.7
20100405	13.7	0.0	57.5	998.1	1.3
20100406	12.3	0.0	56.1	999.5	2.7
20100407	8.0	0.0	47.5	1006.3	1.9
20100408	8.6	0.0	58.0	1006.1	1.6
20100409	11.6	0.0	58.5	1001.5	1.5
20100410	13.0	0.0	68.8	997.9	1.0
20100411	12.0	2.5	73.3	998.9	1.1
20100412	11.2	4.0	80.8	994.7	0.8
20100413	7.4	0.0	44.0	1000.5	5.8
20100414	4.2	1.0	44.4	1008.9	3.1
20100415	6.4	0.0	51.6	1007.1	1.9
20100416	7.8	0.0	53.4	1005.7	1.0
20100417	9.7	0.0	47.4	1008.6	1.6
20100418	8.7	0.0	63.1	1008.9	1.3
20100419	11.7	9.0	78.8	1002.4	2.1
20100420	17.0	0.5	74.4	996.8	1.4
20100421	12.6	10.5	79.6	999.5	1.4
20100422	9.4	26.5	83.4	996.8	1.1
20100423	10.8	0.5	66.8	998.7	2.0
20100424	11.7	0.0	55.1	1005.0	1.7
20100425	12.7	0.0	52.9	1008.0	1.3
20100426	11.5	59.0	75.3	1001.8	1.9
20100427	10.9	2.5	56.6	993.1	3.2
20100428	5.6	21.0	73.4	994.4	2.3
20100429	10.5	0.1	37.1	997.0	4.6
20100430	11.6	0.0	43.5	998.5	3.0
20100501	13.3	0.0	43.6	1000.6	2.3
20100502	15.0	0.0	64.0	999.9	1.8
20100503	19.1	0.0	72.5	999.2	1.5
20100504	20.0	0.0	70.0	997.9	1.4
20100505	19.3	0.1	72.3	994.3	2.3
20100506	19.8	4.0	66.8	988.6	3.1
20100507	18.3	0.0	36.3	992.1	3.4
20100508	18.8	0.0	40.9	993.2	1.7
20100509	18.9	0.0	48.1	993.0	1.4
20100510	18.5	0.0	52.3	991.3	1.7
20100511	16.8	0.0	40.0	994.7	2.3
20100512	15.6	0.0	53.8	997.8	1.8
20100513	15.5	0.0	60.8	999.8	1.7
20100514	16.9	0.0	54.5	1002.7	1.8
20100515	16.0	0.0	56.1	1002.5	1.0
20100516	18.6	0.0	57.3	1001.9	1.2
20100517	18.2	1.5	71.3	1000.6	1.8
20100518	18.2	44.5	89.8	992.5	2.9
20100519	21.3	0.5	67.0	990.3	1.8
20100520	21.3	0.0	56.5	995.5	1.0
20100521	21.5	0.0	50.4	996.2	0.9
20100522	15.4	40.0	83.9	991.0	0.8
20100523	15.4	18.0	92.3	979.4	0.8
20100524	16.9	0.5	71.4	979.5	2.9
20100525	15.9	1.0	77.4	985.4	1.8
20100526	17.3	0.0	73.4	994.2	1.1
20100527	16.6	0.0	62.8	1000.5	1.4
20100528	15.3	0.0	74.1	999.6	0.6
20100529	17.8	0.0	61.4	995.4	1.4
20100530	17.1	0.0	56.0	995.9	1.3
20100531	16.2	0.0	54.6	998.0	1.4
20100601	15.8	0.0	61.9	999.2	1.0
20100602	19.3	0.0	61.8	1000.9	1.4
20100603	20.8	0.0	62.9	1001.7	1.2
20100604	22.2	0.0	59.8	999.3	1.0
20100605	22.1	7.0	64.8	997.0	1.0
20100606	22.6	0.0	64.0	996.6	1.1
20100607	21.5	11.5	64.0	998.5	1.2
20100608	20.0	0.0	65.9	999.4	0.9
20100609	21.6	0.0	56.1	998.8	1.2
20100610	21.9	0.0	56.6	998.5	1.0
20100611	22.1	0.0	56.0	997.3	1.6
20100612	21.0	0.5	69.0	994.2	1.2
20100613	22.8	0.1	71.9	992.4	1.0
20100614	23.9	0.0	68.6	991.7	1.3
20100615	23.7	3.0	71.9	989.3	1.3
20100616	25.1	0.0	70.4	990.2	1.3
20100617	26.1	0.0	61.1	990.2	1.3
20100618	22.8	0.4	75.0	987.7	1.1
20100619	23.8	0.0	76.9	988.6	1.4
20100620	24.6	0.0	73.6	987.5	1.4
20100621	24.6	0.0	63.8	988.5	1.4
20100622	24.4	0.0	55.4	990.7	1.2
20100623	23.2	0.0	66.5	992.2	1.6
20100624	23.2	0.0	66.5	993.6	1.4
20100625	21.7	0.5	74.8	993.8	0.6
20100626	21.6	13.5	90.3	990.8	1.3
20100627	23.9	0.5	82.4	992.1	1.7
20100628	22.1	19.5	89.3	991.6	0.9
20100629	25.4	0.0	77.1	990.9	1.3
20100630	26.0	0.0	75.8	989.3	1.3
20100701	25.8	0.0	79.3	988.4	1.4
20100702	24.0	7.0	88.9	986.1	2.1
20100703	26.8	1.0	81.5	982.7	1.0
20100704	24.2	0.5	86.8	984.1	1.6
20100705	26.0	0.0	78.6	982.8	0.9
20100706	26.7	0.0	59.9	985.1	1.6
20100707	26.0	0.0	60.4	988.7	1.5
20100708	24.6	2.5	72.4	993.2	1.5
20100709	24.5	0.5	73.5	992.0	1.2
20100710	24.2	4.0	77.1	992.6	1.2
20100711	21.0	160.5	93.5	986.8	0.5
20100712	22.2	0.1	86.6	993.7	1.2
20100713	21.5	4.0	88.4	993.0	0.9
20100714	24.6	0.0	75.5	993.9	0.9
20100715	24.0	2.5	78.8	996.7	1.6
20100716	22.6	169.0	92.8	997.1	1.1
20100717	25.3	50.5	87.0	998.8	1.6
20100718	26.3	0.2	74.8	998.6	2.7
20100719	26.0	0.0	77.0	999.0	1.8
20100720	26.5	0.0	75.3	999.2	2.2
20100721	26.8	11.5	78.3	998.5	2.7
20100722	27.0	0.0	77.9	998.2	1.3
20100723	26.9	0.3	79.4	997.5	0.9
20100724	25.9	33.0	80.0	998.8	1.1
20100725	24.0	50.5	85.8	999.6	0.9
20100726	25.2	0.5	82.0	999.0	1.0
20100727	25.6	0.0	76.4	996.5	1.2
20100728	24.2	82.5	88.1	987.9	2.8
20100729	25.7	1.5	83.4	985.2	1.3
20100730	27.6	0.0	77.4	988.5	0.8
20100731	27.8	0.0	78.4	990.5	0.9
20100801	28.1	0.0	77.4	991.8	1.2
20100802	28.8	2.0	78.5	990.5	1.2
20100803	27.1	0.0	83.8	990.6	2.0
20100804	28.1	0.0	78.1	993.3	1.6
20100805	27.3	2.0	82.1	997.3	1.6
20100806	27.6	1.5	81.5	1000.1	1.8
20100807	26.1	13.5	83.9	998.7	0.8
20100808	26.3	0.0	78.6	995.4	1.0
20100809	27.3	0.5	76.3	993.5	1.3
20100810	25.6	80.5	89.9	991.6	2.0
20100811	26.7	145.5	81.8	983.2	3.2
20100812	27.8	0.0	70.0	989.6	1.4
20100813	26.5	20.0	87.6	988.6	1.2
20100814	27.1	1.0	87.8	990.3	2.0
20100815	27.5	30.5	85.9	990.9	1.7
20100816	26.6	21.0	84.6	993.5	1.4
20100817	24.5	45.5	91.0	995.8	0.8
20100818	27.1	0.0	81.0	1000.0	1.1
20100819	27.5	0.0	80.6	1003.2	0.9
20100820	27.8	0.0	77.9	1002.5	1.0
20100821	28.4	0.0	76.9	1000.3	0.9
20100822	27.9	0.0	76.8	998.5	0.9
20100823	27.7	0.0	78.1	997.5	0.8
20100824	27.2	0.0	77.1	997.4	1.0
20100825	24.3	40.0	90.5	997.5	0.9
20100826	26.7	3.0	81.6	997.8	1.7
20100827	25.7	10.5	89.0	998.6	0.8
20100828	25.3	48.0	85.6	995.7	2.6
20100829	25.4	48.5	88.9	994.7	2.2
20100830	25.7	0.5	86.8	994.5	0.7
20100831	25.2	19.0	89.8	996.5	0.8
20100901	25.8	44.9	86.9	997.2	1.3
20100902	26.7	96.5	83.5	997.6	2.1
20100903	26.9	0.0	81.6	999.0	1.3
20100904	26.8	0.0	78.9	998.3	0.9
20100905	26.5	0.0	80.4	996.9	1.1
20100906	24.3	83.0	93.6	992.0	0.5
20100907	23.2	85.0	91.3	991.2	1.0
20100908	22.4	0.5	77.4	998.7	0.9
20100909	22.4	0.0	82.8	998.5	0.9
20100910	24.7	0.0	83.3	995.2	0.9
20100911	24.5	15.5	93.0	993.6	0.7
20100912	25.2	62.5	74.3	991.6	2.5
20100913	22.8	0.0	75.9	996.0	0.9
20100914	22.8	0.0	81.0	998.8	1.0
20100915	22.6	1.5	75.3	997.8	1.0
20100916	21.9	0.0	75.1	996.6	0.9
20100917	22.4	0.0	73.4	997.0	0.8
20100918	22.2	0.0	76.1	996.9	0.9
20100919	22.8	0.0	78.3	996.4	0.7
20100920	24.9	0.0	77.9	996.5	1.0
20100921	26.3	0.0	78.6	995.7	0.7
20100922	20.9	17.0	89.3	995.0	1.1
20100923	18.3	0.0	76.6	998.7	1.0
20100924	16.6	0.0	78.5	1001.2	1.0
20100925	16.3	0.0	75.3	1001.9	1.0
20100926	16.0	0.0	80.9	1003.2	0.7
20100927	16.1	0.0	83.3	999.6	0.6
20100928	15.8	0.0	66.3	1000.3	1.8
20100929	14.4	0.0	75.5	1003.9	0.8
20100930	15.4	0.0	76.9	1003.3	0.8
20101001	15.5	0.0	78.5	1005.0	0.6
20101002	18.1	21.5	82.8	1000.4	0.9
20101003	19.4	8.0	70.5	993.9	2.2
20101004	16.5	0.3	64.3	994.4	2.5
20101005	15.8	0.1	72.3	998.1	1.3
20101006	15.5	0.0	80.5	1002.7	0.8
20101007	16.4	0.0	78.4	1004.2	0.7
20101008	16.8	14.5	85.0	1000.9	0.7
20101009	18.9	0.5	80.4	995.2	0.8
20101010	17.7	0.0	79.0	998.1	0.8
20101011	15.8	0.5	83.8	1000.0	0.7
20101012	16.9	0.0	76.9	999.7	0.9
20101013	16.4	0.0	82.3	997.7	0.9
20101014	15.9	0.0	68.5	997.3	1.7
20101015	14.8	0.0	48.9	999.9	2.5
20101016	12.8	0.0	72.0	1003.9	0.7
20101017	13.1	0.0	79.4	1006.8	0.6
20101018	14.2	0.0	78.8	1008.4	0.7
20101019	14.2	0.0	83.6	1007.5	0.4
20101020	15.6	0.0	80.9	1004.3	0.7
20101021	16.1	0.0	76.1	1002.8	0.8
20101022	14.3	0.0	75.3	1005.8	0.9
20101023	14.3	0.2	80.6	1003.9	0.5
20101024	16.0	22.0	94.0	997.2	0.4
20101025	14.9	0.0	61.1	997.2	3.1
20101026	5.4	0.0	38.6	1008.9	3.1
20101027	6.3	0.0	66.4	1011.2	0.8
20101028	7.6	0.0	62.3	1006.5	0.8
20101029	8.2	0.0	69.4	1008.9	0.8
20101030	10.4	0.0	74.3	1009.0	0.6
20101031	10.6	0.0	69.8	1005.6	0.8
20101101	11.9	0.0	56.5	1002.5	2.6
20101102	9.9	0.0	38.8	1003.9	3.3
20101103	7.9	0.0	50.9	1008.4	2.1
20101104	8.5	0.0	63.9	1007.9	1.0
20101105	8.6	0.0	69.4	1007.1	0.5
20101106	8.2	0.0	67.8	1005.5	0.3
20101107	9.0	0.0	67.5	1000.9	0.3
20101108	10.2	0.1	54.4	997.1	3.9
20101109	6.9	0.1	50.0	1000.4	5.5
20101110	7.9	0.0	55.4	1003.9	1.7
20101111	9.3	7.0	68.5	1000.3	1.9
20101112	10.9	0.0	43.5	1004.8	3.2
20101113	5.6	0.0	72.4	1009.9	0.3
20101114	10.5	0.0	52.1	1009.2	2.0
20101115	5.3	0.0	27.4	1011.1	3.1
20101116	2.9	0.0	53.3	1008.5	0.6
20101117	5.5	0.0	60.6	1008.2	0.7
20101118	4.3	0.0	68.0	1008.3	0.5
20101119	3.3	0.0	72.0	1004.1	0.4
20101120	5.4	0.0	67.5	1001.8	0.5
20101121	7.5	0.0	74.1	998.6	0.3
20101122	8.9	0.2	55.4	996.4	2.4
20101123	5.0	0.0	58.4	1004.3	0.7
20101124	7.9	0.0	66.5	1004.8	0.5
20101125	6.5	0.0	51.6	1003.3	3.7
20101126	3.1	0.0	40.0	1003.7	3.3
20101127	3.3	0.0	54.6	1001.2	2.9
20101128	2.6	0.0	41.1	1007.1	2.6
20101129	4.5	0.0	66.1	1007.0	0.8
20101130	6.3	0.5	78.8	1003.4	0.6
20101201	4.7	0.0	82.0	1003.9	
20101202	4.5	0.0	82.9	1000.1	0.4
20101203	5.1	0.1	40.6	1000.1	6.3
20101204	4.8	0.0	43.6	1004.1	2.0
20101205	5.1	0.0	71.5	1001.5	0.4
20101206	6.0	0.0	58.9	999.1	3.0
20101207	2.1	0.0	36.5	999.0	3.1
20101208	1.0	1.0	58.6	994.4	1.6
20101209	1.0	0.0	47.1	999.8	3.6
20101210	3.6	0.0	63.1	996.8	1.1
20101211	3.1	0.0	39.8	1001.7	4.0
20101212	-2.0	0.0	45.5	1007.8	0.3
20101213	3.3	19.5	90.3	999.1	0.2
20101214	2.3	0.0	55.5	1002.4	4.5
20101215	-3.3	0.0	39.5	1005.0	5.1
20101216	-2.6	0.0	46.5	1000.9	3.4
20101217	1.5	0.2	57.5	998.2	1.9
20101218	2.1	0.0	55.4	1005.0	1.0
20101219	4.3	0.0	69.9	1002.5	0.6
20101220	6.8	0.0	54.6	1000.7	1.3
20101221	1.9	0.0	71.9	996.5	0.0
20101222	3.2	0.0	64.4	998.1	1.0
20101223	2.1	0.0	57.3	1003.6	2.3
20101224	-4.6	0.0	28.5	1006.1	5.5
20101225	-4.5	0.0	39.8	1001.6	5.8
20101226	-2.0	0.0	48.8	994.8	3.9
20101227	0.7	0.0	56.8	995.9	3.4
20101228	0.4	5.0	71.6	993.5	2.8
20101229	-0.6	0.0	59.8	1000.9	3.3
20101230	-1.4	1.2	60.5	993.6	3.7
20101231	-3.9	0.0	47.3	995.7	4.7
20110101	-2.2	0.0	45.8	1003.0	3.9
20110102	-2.7	0.0	61.8	1008.3	1.7
20110103	-2.2	0.0	61.1	1004.1	2.0
20110104	0.0	0.0	53.1	1004.0	3.5
20110105	0.9	0.0	51.1	1003.1	5.0
20110106	-1.7	0.0	44.9	1006.7	4.4
20110107	-3.7	0.0	39.3	1009.5	3.4
20110108	-1.9	0.0	55.0	1007.3	2.3
20110109	-0.6	0.0	41.1	1006.1	4.4
20110110	-5.1	0.0	37.1	1006.8	3.1
20110111	-2.0	0.0	45.0	1000.4	2.6
20110112	-2.9	0.0	36.6	1004.0	4.2
20110113	-3.3	0.0	46.1	1008.2	2.4
20110114	-2.3	0.0	54.1	1008.5	1.9
20110115	-5.7	0.0	35.8	1006.1	6.5
20110116	-7.2	0.0	33.3	1007.2	5.2
20110117	-3.6	0.0	31.3	1011.3	3.9
20110118	-2.5	0.0	46.4	1010.5	3.4
20110119	-1.0	0.0	41.5	1009.0	3.8
20110120	-2.7	0.0	43.9	1007.3	3.3
20110121	-3.1	0.0	37.8	1006.8	2.8
20110122	-0.3	0.0	45.0	1008.8	3.6
20110123	-1.2	0.0	58.5	1007.8	1.3
20110124	-3.0	0.0	48.3	1008.0	4.0
20110125	-3.1	0.0	45.0	1012.1	3.2
20110126	-3.6	0.0	42.9	1015.4	3.1
20110127	-2.9	0.0	25.8	1017.2	3.5
20110128	-1.6	0.0	23.6	1012.6	2.5
20110129	-4.1	0.0	35.3	1009.8	4.7
20110130	-5.1	0.0	39.5	1010.1	4.9
20110131	-2.0	0.0	38.5	1009.1	5.2
20110201	2.4	0.0	43.3	1006.7	2.6
20110202	2.6	0.0	41.5	1005.6	1.5
20110203	0.0	0.0	50.4	1005.2	1.1
20110204	1.8	0.0	45.5	1003.1	1.3
20110205	3.4	0.0	34.6	1003.4	1.1
20110206	3.7	0.0	50.9	999.6	1.7
20110207	4.1	0.0	47.9	999.7	1.3
20110208	1.9	0.0	68.6	993.5	0.8
20110209	2.9	0.0	43.8	999.4	2.5
20110210	0.1	0.0	61.4	1002.1	0.9
20110211	0.0	0.0	45.1	1000.4	2.6
20110212	-2.6	0.0	39.0	1004.5	4.2
20110213	-3.0	0.0	44.8	1006.7	0.9
20110214	-1.7	0.0	51.8	1005.7	2.5
20110215	-0.5	0.0	57.6	1011.6	1.0
20110216	2.1	1.0	63.9	1007.5	1.1
20110217	3.5	6.0	78.8	999.3	2.2
20110218	2.2	0.0	62.4	1005.2	1.2
20110219	3.1	0.0	57.4	1006.3	0.9
20110220	4.9	0.0	53.1	1007.9	1.2
20110221	3.7	0.0	60.5	1009.2	0.8
20110222	4.1	0.0	60.3	1008.0	0.8
20110223	5.0	0.0	61.9	1004.6	0.9
20110224	8.2	0.0	53.4	1001.6	1.6
20110225	6.9	0.0	37.9	1007.1	2.3
20110226	5.0	0.0	52.6	1011.2	1.6
20110227	6.9	60.0	91.3	1002.0	1.0
20110228	6.3	7.0	89.5	999.6	0.7
20110301	4.1	0.5	69.4	997.2	3.3
20110302	1.1	0.0	38.0	1002.2	5.0
20110303	0.5	0.0	36.3	1004.2	4.7
20110304	2.0	0.0	38.8	1006.7	3.4
20110305	1.9	0.0	54.3	1006.0	0.8
20110306	6.4	0.0	44.5	999.6	1.5
20110307	4.7	0.0	38.1	997.8	4.7
20110308	4.3	0.0	29.0	1002.2	4.2
20110309	3.3	0.0	32.9	1006.9	5.9
20110310	4.3	0.0	36.4	1006.4	3.6
20110311	6.0	0.0	33.3	1005.7	3.1
20110312	6.9	0.0	45.1	1004.3	1.2
20110313	9.3	0.0	60.5	1002.6	1.0
20110314	11.7	0.0	54.3	999.6	1.4
20110315	4.9	0.0	37.8	1000.0	5.5
20110316	1.8	0.0	31.5	1003.7	5.4
20110317	4.0	0.0	31.5	1007.4	4.1
20110318	5.2	0.0	43.4	1006.8	1.5
20110319	9.3	0.0	52.9	1001.7	1.3
20110320	9.3	21.5	84.1	995.0	1.1
20110321	9.6	0.0	63.5	999.3	1.3
20110322	4.5	0.0	30.4	1004.7	4.9
20110323	3.8	0.0	32.3	1007.0	3.8
20110324	6.7	3.0	37.3	1005.3	3.3
20110325	4.0	0.0	40.6	1006.7	5.7
20110326	3.9	0.0	41.5	1010.2	2.6
20110327	5.7	0.0	39.3	1008.9	1.5
20110328	7.2	0.0	39.4	1007.2	2.6
20110329	5.5	0.0	41.9	1007.2	2.1
20110330	11.2	0.0	25.6	1005.0	4.2
20110331	12.4	0.0	28.8	1004.8	1.7
20110401	12.3	0.0	31.6	1003.9	1.9
20110402	12.7	0.0	33.3	1002.4	2.1
20110403	6.2	6.0	82.6	1004.7	1.0
20110404	8.0	0.0	61.5	1008.0	1.8
20110405	9.8	0.0	52.5	1009.2	1.3
20110406	11.2	3.5	59.9	1007.2	1.7
20110407	13.1	19.0	88.0	1001.4	1.8
20110408	13.7	4.0	65.9	1001.2	2.2
20110409	11.4	0.0	46.6	1004.4	1.7
20110410	13.3	0.0	38.6	1000.5	2.2
20110411	11.6	1.0	37.0	999.5	4.0
20110412	11.5	0.0	26.1	1002.2	2.1
20110413	13.7	0.0	24.8	1000.4	2.4
20110414	12.9	0.0	44.3	995.4	1.5
20110415	18.4	0.0	50.8	989.7	2.4
20110416	14.2	0.0	44.0	996.6	3.0
20110417	13.3	0.0	43.3	994.6	1.6
20110418	8.9	0.0	59.1	989.4	3.2
20110419	10.5	0.2	47.0	996.2	3.6
20110420	11.2	0.0	63.4	1002.6	1.5
20110421	13.2	0.0	51.9	1001.0	1.9
20110422	14.1	32.5	78.9	991.8	2.9
20110423	12.0	0.0	44.9	992.8	5.1
20110424	11.4	0.0	43.3	993.6	3.3
20110425	13.9	0.0	42.1	994.3	2.8
20110426	13.2	24.5	86.9	987.9	2.1
20110427	14.3	0.5	59.4	985.8	3.3
20110428	11.5	0.0	42.3	992.5	3.9
20110429	13.0	0.0	52.0	996.6	2.4
20110430	20.3	24.0	72.3	989.0	3.4
20110501	16.6	1.0	49.9	989.8	4.4
20110502	17.3	0.0	41.4	996.4	2.3
20110503	17.7	0.0	46.6	995.8	2.3
20110504	15.7	0.0	45.0	998.7	1.9
20110505	15.7	0.0	45.6	999.6	1.8
20110506	13.7	0.2	72.0	995.6	1.7
20110507	19.3	0.0	66.3	992.2	1.2
20110508	20.1	0.0	62.5	996.6	1.8
20110509	19.3	0.5	86.4	994.2	2.5
20110510	22.1	40.5	87.9	988.7	1.6
20110511	15.8	50.0	90.6	988.3	1.7
20110512	17.5	4.5	65.0	986.8	2.9
20110513	18.2	0.0	28.9	989.8	5.6
20110514	18.4	0.0	28.3	994.9	3.2
20110515	17.4	0.0	45.0	998.3	1.6
20110516	18.2	0.0	46.1	996.6	1.5
20110517	16.9	0.0	49.4	995.8	1.4
20110518	17.5	0.0	64.5	997.6	2.1
20110519	19.3	0.0	67.3	997.7	2.4
20110520	20.4	0.0	78.5	995.5	1.9
20110521	21.4	0.5	75.4	993.9	1.4
20110522	18.3	9.0	65.6	997.9	1.5
20110523	13.5	8.5	83.9	1000.1	1.1
20110524	16.9	0.0	66.5	999.7	1.3
20110525	19.2	0.0	60.0	999.5	1.2
20110526	15.7	12.5	80.6	998.1	1.4
20110527	16.0	1.5	86.3	996.9	0.8
20110528	19.0	0.0	69.1	996.4	1.1
20110529	19.6	0.0	58.4	994.0	1.6
20110530	19.1	0.0	74.1	995.3	2.0
20110531	16.5	0.2	85.1	993.8	2.5
20110601	18.7	3.0	75.3	993.6	1.8
20110602	19.4	0.0	75.4	995.9	1.7
20110603	21.3	0.0	66.3	994.1	1.8
20110604	22.1	0.0	64.4	992.7	1.8
20110605	22.8	0.0	58.0	991.5	1.3
20110606	21.5	0.0	62.1	991.3	1.4
20110607	22.7	0.0	60.6	987.1	1.2
20110608	22.7	0.0	57.5	988.2	1.4
20110609	22.0	0.0	72.6	989.1	1.6
20110610	21.0	7.0	83.0	988.6	1.2
20110611	23.1	2.5	65.4	988.3	1.4
20110612	22.1	0.0	67.5	988.8	1.5
20110613	22.9	0.0	58.9	989.3	1.6
20110614	22.0	0.0	69.4	992.9	1.5
20110615	21.3	0.0	71.3	993.2	1.2
20110616	22.4	0.0	62.9	991.9	1.3
20110617	22.2	0.0	65.1	993.2	1.5
20110618	23.2	0.2	69.0	990.9	1.4
20110619	23.5	0.0	62.0	991.6	1.4
20110620	23.4	1.5	68.4	991.9	1.3
20110621	24.7	0.0	65.0	993.8	1.6
20110622	23.1	35.5	89.3	990.8	1.6
20110623	26.9	2.5	74.5	986.5	2.0
20110624	26.6	0.5	78.4	988.2	1.9
20110625	21.4	131.5	88.1	993.7	1.8
20110626	21.5	189.5	85.5	985.3	3.6
20110627	22.7	0.0	76.8	990.0	2.7
20110628	23.2	3.5	81.5	995.1	1.6
20110629	25.8	0.5	79.4	996.0	2.7
20110630	24.4	2.0	82.1	994.4	2.0
20110701	26.4	0.5	75.4	989.7	1.8
20110702	26.1	0.0	80.5	987.3	1.4
20110703	24.8	32.0	88.3	983.8	1.7
20110704	25.6	16.0	63.1	985.3	3.0
20110705	25.2	0.0	62.9	987.7	1.3
20110706	21.8	0.3	83.9	985.4	1.1
20110707	23.4	20.0	86.3	985.4	1.5
20110708	27.0	1.5	76.6	989.1	2.7
20110709	23.0	160.0	92.1	993.6	1.6
20110710	22.9	188.0	92.3	996.4	1.1
20110711	24.5	1.0	83.5	996.8	1.6
20110712	24.0	117.5	89.5	996.3	1.4
20110713	24.8	7.5	89.4	994.3	1.9
20110714	25.0	12.5	87.9	994.3	2.5
20110715	26.7	1.0	81.0	994.3	2.2
20110716	26.3	0.0	80.5	992.8	1.4
20110717	26.8	0.0	75.1	990.8	1.1
20110718	26.7	0.0	72.6	987.4	1.0
20110719	28.5	0.0	59.0	980.9	2.3
20110720	28.3	0.0	62.1	985.0	1.4
20110721	25.0	0.4	80.0	989.6	1.8
20110722	22.4	1.5	85.8	991.8	1.8
20110723	25.0	12.0	82.3	991.9	1.2
20110724	23.9	3.0	87.9	993.0	1.1
20110725	24.8	0.0	71.9	994.8	2.0
20110726	24.8	23.0	86.5	995.0	2.3
20110727	26.3	21.0	85.3	995.2	1.4
20110728	26.8	0.0	78.9	994.8	1.5
20110729	26.9	0.0	80.1	992.5	1.0
20110730	27.2	2.0	77.9	990.3	1.1
20110731	26.5	0.0	79.4	989.7	1.8
20110801	24.9	81.0	88.9	990.7	2.1
20110802	25.7	13.0	86.1	993.1	2.1
20110803	27.0	6.0	79.6	992.9	1.6
20110804	27.5	0.0	73.6	992.2	0.9
20110805	27.2	0.0	72.9	992.0	1.0
20110806	27.1	15.0	78.3	992.0	1.0
20110807	26.5	141.0	78.8	989.2	2.9
20110808	27.0	72.0	72.6	989.7	3.6
20110809	24.4	32.0	90.4	993.5	1.2
20110810	25.6	1.0	87.3	994.3	0.7
20110811	26.5	3.0	83.6	992.6	0.9
20110812	26.4	0.1	84.5	990.8	1.3
20110813	25.5	1.5	80.5	990.6	2.2
20110814	25.1	2.5	87.3	991.0	1.1
20110815	26.4	0.0	81.4	991.0	0.8
20110816	26.8	0.0	81.5	988.9	1.2
20110817	26.9	11.0	84.8	987.8	1.5
20110818	26.6	0.0	75.9	989.9	1.7
20110819	22.7	6.5	86.5	995.6	0.9
20110820	19.7	22.5	91.4	996.0	0.7
20110821	21.7	0.5	81.6	994.7	0.9
20110822	19.8	4.0	91.4	995.3	0.7
20110823	20.1	0.3	90.1	993.9	0.7
20110824	21.1	0.5	90.6	996.1	0.4
20110825	22.8	0.5	84.0	998.4	0.7
20110826	23.8	0.4	82.0	999.7	0.7
20110827	24.1	4.5	87.8	999.3	0.5
20110828	24.4	0.0	83.3	997.8	0.8
20110829	26.2	0.0	79.1	996.2	0.7
20110830	26.4	0.0	79.4	993.4	0.9
20110831	26.6	0.0	81.4	990.3	0.9
20110901	26.9	0.0	70.6	988.3	1.3
20110902	25.2	0.0	73.9	986.8	1.6
20110903	24.9	0.0	68.1	988.4	1.6
20110904	23.1	1.0	75.4	990.0	1.2
20110905	23.4	0.1	74.1	989.5	1.4
20110906	22.4	0.0	66.6	990.0	1.6
20110907	20.8	0.0	64.6	991.3	1.0
20110908	22.7	0.0	68.5	995.0	0.9
20110909	22.6	0.5	71.0	1000.3	0.8
20110910	19.5	13.5	92.4	1003.2	0.7
20110911	21.6	9.0	91.3	1000.7	0.7
20110912	25.3	1.0	82.5	999.2	1.2
20110913	25.5	0.0	79.4	998.1	0.9
20110914	25.0	0.0	78.6	997.2	0.8
20110915	24.4	0.0	79.5	995.9	0.9
20110916	25.5	0.0	73.6	992.1	1.1
20110917	25.4	0.2	76.4	991.3	1.1
20110918	23.5	0.5	77.8	994.4	1.5
20110919	18.6	0.2	63.0	999.2	1.6
20110920	17.5	0.0	66.5	995.5	1.7
20110921	16.9	0.0	62.8	992.5	1.5
20110922	16.3	0.0	61.5	996.1	1.3
20110923	17.0	0.0	65.4	999.5	0.8
20110924	17.6	0.0	69.5	1003.4	1.0
20110925	17.5	0.0	75.9	1005.7	0.7
20110926	16.8	0.0	69.9	1004.1	0.9
20110927	17.2	0.0	73.4	1002.9	0.9
20110928	18.2	0.0	79.0	1002.1	0.6
20110929	18.7	3.0	90.1	996.0	0.9
20110930	18.5	0.2	49.3	999.8	4.2
20111001	14.7	0.0	56.8	1004.5	2.9
20111002	13.9	0.0	50.6	1006.9	2.6
20111003	11.6	0.0	63.6	1007.8	1.0
20111004	13.1	0.0	69.3	1005.8	0.8
20111005	15.3	0.0	68.9	999.2	0.8
20111006	16.0	0.0	52.8	998.6	3.0
20111007	14.0	0.0	62.9	1003.5	0.8
20111008	13.9	0.0	72.0	1006.3	0.6
20111009	14.6	0.0	75.4	1006.7	0.6
20111010	16.0	0.0	72.8	1004.9	0.7
20111011	16.2	0.0	65.6	1002.9	0.7
20111012	15.1	0.0	69.6	1001.3	0.6
20111013	17.6	0.0	65.8	998.9	0.8
20111014	14.3	10.5	90.9	996.0	0.6
20111015	16.4	0.5	70.3	993.7	1.5
20111016	16.3	0.0	49.6	995.8	3.2
20111017	15.3	0.0	44.1	1001.9	3.7
20111018	10.6	0.0	56.0	1007.7	1.0
20111019	11.4	0.0	73.9	1009.2	0.8
20111020	13.7	0.0	75.5	1007.6	0.6
20111021	14.2	14.5	87.6	1002.3	0.7
20111022	14.9	38.5	86.5	997.6	1.5
20111023	13.4	0.0	86.3	1001.8	0.7
20111024	14.2	1.5	78.0	1000.1	1.8
20111025	9.5	0.0	41.3	1005.8	3.7
20111026	7.0	0.0	63.8	1008.8	0.6
20111027	9.3	0.0	75.3	1009.9	0.6
20111028	11.7	0.0	75.1	1007.8	0.6
20111029	13.7	0.0	76.6	1004.0	0.5
20111030	15.5	0.0	76.4	1003.6	0.7
20111031	12.6	0.0	69.8	1009.3	0.8
20111101	13.6	0.0	73.6	1009.2	0.6
20111102	15.2	0.3	87.6	1008.4	0.5
20111103	18.2	0.0	81.0	1009.1	0.9
20111104	19.4	3.0	73.4	1008.0	1.3
20111105	20.4	62.0	79.4	1001.9	1.3
20111106	17.4	27.5	88.6	1002.5	0.8
20111107	17.0	0.4	81.5	1003.0	0.8
20111108	15.3	2.5	80.5	1003.0	1.0
20111109	14.0	0.0	78.8	1003.9	0.7
20111110	13.2	0.0	75.6	1002.2	0.5
20111111	12.5	0.5	80.4	999.3	0.5
20111112	11.6	0.0	69.3	1001.5	2.2
20111113	11.9	0.0	57.6	1002.7	2.0
20111114	9.6	0.0	41.9	1006.9	3.1
20111115	6.6	0.0	58.8	1012.9	1.0
20111116	7.8	0.0	57.8	1013.8	0.6
20111117	10.2	4.0	73.5	1010.4	0.6
20111118	13.7	26.0	92.3	998.0	0.9
20111119	13.9	9.5	71.1	992.2	3.1
20111120	5.4	0.0	37.6	1007.4	5.5
20111121	4.1	0.0	45.5	1013.5	2.5
20111122	4.1	0.0	59.5	1010.1	0.7
20111123	5.9	3.0	66.1	1002.2	4.3
20111124	3.8	0.0	40.1	1009.9	4.5
20111125	2.6	0.0	63.3	1012.7	1.3
20111126	4.2	0.0	70.9	1011.3	0.7
20111127	7.8	0.0	77.8	1007.1	0.5
20111128	9.9	0.4	85.5	1005.7	0.3
20111129	12.5	0.0	84.8	1005.4	0.8
20111130	10.2	25.0	83.8	1004.2	1.6
20111201	5.7	3.0	77.4	1007.5	1.0
20111202	6.5	0.5	75.1	1002.6	1.0
20111203	8.0	1.5	65.4	999.6	2.9
20111204	6.8	0.0	53.0	1007.4	3.3
20111205	4.2	0.0	45.8	1011.9	1.4
20111206	5.5	0.5	57.0	1011.4	1.3
20111207	6.8	0.0	52.4	1008.1	1.6
20111208	4.7	0.0	47.9	1004.5	3.6
20111209	1.0	0.0	44.6	1008.5	3.8
20111210	1.5	0.0	52.3	1008.3	3.1
20111211	5.5	0.0	48.5	1009.0	4.6
20111212	5.9	0.0	56.6	1009.2	2.4
20111213	2.1	0.0	59.8	1009.8	0.5
20111214	4.7	0.0	59.4	1006.2	1.7
20111215	2.0	0.0	35.1	1008.1	4.2
20111216	-2.0	0.0	43.0	1011.0	3.9
20111217	-0.8	0.0	44.4	1012.9	4.2
20111218	2.0	0.0	52.6	1011.5	2.6
20111219	1.3	0.0	45.1	1011.8	3.0
20111220	1.0	0.0	48.8	1010.9	1.2
20111221	2.7	0.0	55.4	1006.8	1.3
20111222	0.3	0.0	33.3	1005.7	5.1
20111223	-2.9	0.0	30.3	1007.1	3.9
20111224	-2.3	0.0	47.1	1005.1	3.3
20111225	-1.6	0.0	37.5	1010.9	5.1
20111226	-2.4	0.0	28.5	1015.6	3.8
20111227	-2.0	0.0	32.9	1015.8	1.0
20111228	-1.0	0.0	50.8	1012.6	0.5
20111229	0.4	0.0	57.5	1009.8	1.7
20111230	-2.4	0.0	59.3	1012.5	0.5
20111231	-1.2	0.0	56.0	1009.5	1.7
20120101	2.1	0.0	51.8	1005.6	3.9
20120102	-2.2	0.0	52.9	1007.9	2.0
20120103	0.8	0.1	52.9	1003.6	3.5
20120104	-2.0	0.0	45.0	1006.6	4.7
20120105	-1.5	0.0	47.9	1010.6	3.3
20120106	-1.3	0.0	53.0	1012.6	2.2
20120107	-2.9	0.0	53.9	1016.5	0.6
20120108	-1.7	0.0	47.3	1013.4	1.6
20120109	1.8	0.0	49.6	1011.8	3.1
20120110	2.6	0.0	41.5	1009.0	3.0
20120111	-0.8	0.0	35.1	1011.7	4.0
20120112	-1.9	0.0	44.6	1010.8	3.4
20120113	1.9	0.0	47.0	1007.0	3.5
20120114	0.7	0.0	34.4	1006.2	2.4
20120115	1.6	0.0	40.1	1003.2	1.5
20120116	2.3	0.2	62.4	1001.6	0.6
20120117	3.4	0.3	88.4	1003.5	0.5
20120118	3.6	1.0	80.6	1004.3	0.6
20120119	4.7	12.0	91.3	1003.5	0.9
20120120	6.4	0.0	74.9	1004.2	0.9
20120121	5.1	0.4	80.8	1002.9	1.2
20120122	0.9	0.1	40.9	1003.9	4.6
20120123	-4.8	0.0	32.6	1007.1	4.7
20120124	-4.8	0.0	52.0	1006.4	1.7
20120125	-5.0	0.0	45.8	1005.6	3.6
20120126	-3.1	0.0	53.8	1008.4	1.1
20120127	1.8	0.0	61.4	1007.2	1.5
20120128	1.9	0.0	41.6	1008.3	1.3
20120129	0.0	0.0	34.5	1009.7	1.7
20120130	-0.6	0.0	17.0	1010.4	2.9
20120131	-1.8	0.0	53.5	1005.1	1.1
20120201	-3.5	0.1	40.4	1005.2	6.2
20120202	-7.6	0.0	33.5	1010.4	5.8
20120203	-3.5	0.0	40.9	1008.3	4.0
20120204	-0.8	0.0	49.1	1008.5	2.2
20120205	-0.9	0.0	62.3	1006.7	0.6
20120206	0.4	1.0	79.5	999.3	0.7
20120207	-2.1	0.0	41.0	999.1	5.7
20120208	-4.7	0.0	41.8	1004.6	3.7
20120209	-0.9	0.0	38.3	1008.1	3.8
20120210	0.5	0.0	42.6	1008.5	3.3
20120211	-0.2	0.0	27.9	1010.8	2.7
20120212	0.3	0.0	35.8	1012.5	1.1
20120213	2.8	0.0	43.9	1006.7	0.5
20120214	3.4	3.0	80.5	1002.8	0.7
20120215	4.4	0.0	38.9	1003.1	2.0
20120216	2.2	0.0	22.4	1004.2	4.9
20120217	-2.4	0.0	38.1	1005.5	5.4
20120218	-3.4	0.0	36.0	1008.4	4.3
20120219	-1.2	0.0	36.8	1009.4	3.6
20120220	-0.9	0.0	44.8	1009.3	0.8
20120221	-0.6	1.0	63.3	1007.2	0.7
20120222	4.0	0.0	81.6	1000.8	0.4
20120223	8.0	0.0	51.1	995.9	2.2
20120224	5.0	0.0	57.5	1001.2	0.9
20120225	3.8	0.1	53.8	999.5	3.3
20120226	1.7	0.0	42.9	1004.0	2.2
20120227	0.9	0.0	35.3	1007.4	1.2
20120228	0.6	1.5	64.8	1007.4	0.5
20120229	4.2	0.0	74.4	1005.6	1.2
20120301	7.7	0.0	57.8	1001.2	1.1
20120302	6.1	2.0	84.5	1000.9	0.5
20120303	7.0	0.0	70.3	1007.5	1.1
20120304	4.2	9.5	81.8	1005.7	0.7
20120305	5.3	23.5	91.0	996.0	0.5
20120306	6.0	3.5	68.8	995.4	3.0
20120307	6.2	0.0	52.4	1000.2	2.1
20120308	5.8	0.0	46.3	1002.2	1.1
20120309	6.2	0.0	48.0	1002.0	1.2
20120310	6.9	0.0	41.8	1002.1	2.0
20120311	1.0	0.0	34.5	1004.2	6.4
20120312	1.0	0.0	28.6	1008.7	4.5
20120313	2.5	0.0	34.6	1009.0	2.5
20120314	5.0	0.0	46.9	1008.3	2.2
20120315	8.8	0.0	39.9	1009.6	2.7
20120316	6.6	13.5	77.8	1001.5	1.3
20120317	11.7	1.0	80.1	993.2	1.6
20120318	10.5	0.5	63.0	996.3	3.2
20120319	6.0	0.0	47.3	1002.0	1.6
20120320	5.9	0.0	29.6	1002.0	2.7
20120321	6.9	0.0	32.1	1005.4	2.0
20120322	5.1	10.5	70.0	1003.3	0.8
20120323	6.5	13.5	87.4	992.1	1.5
20120324	5.5	0.1	43.9	994.7	6.8
20120325	4.7	0.0	32.5	1001.4	6.4
20120326	6.1	0.0	33.3	1006.3	3.6
20120327	9.0	0.0	41.3	1006.4	1.7
20120328	12.7	0.0	44.4	1007.9	2.3
20120329	12.4	0.0	60.5	1006.2	1.9
20120330	13.1	33.0	82.4	997.7	1.7
20120331	7.8	0.0	31.9	998.6	5.8
20120401	7.4	0.0	31.3	1005.2	3.0
20120402	9.5	4.5	68.6	1000.4	2.3
20120403	7.8	22.0	58.0	987.6	6.8
20120404	10.4	0.0	34.8	995.9	4.7
20120405	9.8	0.0	30.1	995.3	4.8
20120406	7.6	0.0	24.8	999.9	5.3
20120407	8.8	0.0	27.8	1004.6	4.2
20120408	14.2	0.0	35.9	1003.2	2.1
20120409	16.2	0.0	54.3	1003.3	1.5
20120410	12.9	4.0	82.1	999.7	1.8
20120411	14.7	1.0	69.6	988.6	2.7
20120412	13.1	0.0	39.3	993.9	2.5
20120413	11.4	1.0	60.5	996.0	1.0
20120414	15.1	0.0	54.1	996.5	1.5
20120415	16.8	0.0	48.4	995.4	1.5
20120416	16.6	0.0	40.0	995.0	2.3
20120417	13.5	0.0	57.3	998.6	1.7
20120418	15.0	0.0	52.3	1001.4	1.5
20120419	12.7	7.0	64.6	1003.8	1.1
20120420	13.5	3.0	79.1	1004.9	0.8
20120421	13.1	103.0	85.6	994.5	2.1
20120422	14.3	3.0	72.6	990.5	2.5
20120423	16.9	0.0	66.9	996.4	1.6
20120424	18.4	0.0	60.4	997.1	1.7
20120425	14.9	37.5	79.1	987.1	2.7
20120426	13.9	0.0	37.5	990.9	5.7
20120427	13.5	0.0	45.3	996.8	1.9
20120428	15.1	0.0	54.4	999.0	1.8
20120429	15.3	0.0	74.3	999.0	0.8
20120430	16.9	0.4	73.8	996.0	1.5
20120501	17.2	5.5	83.5	993.4	0.5
20120502	18.5	3.0	83.8	989.1	0.8
20120503	18.9	0.0	75.5	987.2	1.4
20120504	21.4	0.0	51.9	990.5	2.3
20120505	22.4	0.0	29.0	989.4	4.0
20120506	19.8	0.0	28.1	990.4	3.3
20120507	19.7	0.0	48.9	990.6	1.0
20120508	20.3	0.0	61.1	991.0	1.8
20120509	20.9	0.0	60.8	995.5	1.4
20120510	16.9	0.0	73.3	999.5	1.7
20120511	14.8	0.0	66.1	1001.0	1.7
20120512	15.8	0.0	58.5	998.8	2.0
20120513	15.5	0.0	69.0	996.8	1.0
20120514	15.4	21.5	89.5	993.4	0.6
20120515	19.2	0.0	58.0	989.6	2.3
20120516	17.9	0.0	53.0	988.2	1.2
20120517	17.6	0.0	50.1	987.9	3.1
20120518	17.3	0.0	56.5	997.7	1.4
20120519	16.8	0.0	62.1	999.9	1.1
20120520	19.3	0.0	56.8	998.4	1.3
20120521	18.8	0.0	58.8	1000.6	1.1
20120522	20.0	0.0	55.0	998.6	1.1
20120523	21.6	0.0	53.1	995.9	1.0
20120524	19.8	0.4	67.8	994.7	0.9
20120525	20.1	0.0	68.8	993.5	1.3
20120526	20.5	0.0	43.9	994.1	1.3
20120527	20.8	0.0	43.8	996.2	1.7
20120528	19.2	0.5	68.3	1000.9	1.3
20120529	21.5	0.0	65.6	1001.7	1.4
20120530	18.4	14.5	80.1	1003.0	1.3
20120531	20.0	0.4	73.4	1001.0	1.3
20120601	20.6	0.0	71.4	999.3	1.5
20120602	20.5	4.0	70.4	997.8	1.3
20120603	21.7	0.0	62.9	996.3	1.5
20120604	21.1	0.0	69.1	995.4	1.0
20120605	23.1	0.0	66.0	991.1	1.3
20120606	23.4	0.0	57.3	988.6	2.0
20120607	23.0	0.0	68.8	989.1	1.8
20120608	20.0	2.0	84.1	986.0	1.1
20120609	21.9	0.0	76.1	985.7	1.2
20120610	22.8	0.0	64.5	986.5	1.6
20120611	22.1	0.0	66.6	985.1	1.1
20120612	22.9	0.4	68.6	984.8	1.6
20120613	22.6	0.1	68.0	991.5	2.2
20120614	21.4	0.0	65.3	997.0	1.9
20120615	19.3	8.5	83.5	994.5	0.9
20120616	22.5	1.5	73.6	991.1	1.3
20120617	23.4	0.0	65.3	994.4	1.1
20120618	20.6	6.5	83.5	992.4	1.1
20120619	22.0	11.5	73.5	984.6	1.3
20120620	21.4	0.5	80.4	989.6	1.8
20120621	24.0	0.0	68.4	990.6	1.1
20120622	23.8	0.0	69.3	993.5	1.6
20120623	23.2	0.0	72.8	992.3	1.4
20120624	22.3	0.0	67.3	990.1	1.2
20120625	20.8	0.0	62.3	993.9	1.3
20120626	20.2	0.2	68.8	996.5	1.3
20120627	19.6	0.1	77.8	997.4	1.1
20120628	23.2	0.0	66.4	996.4	1.3
20120629	22.8	0.4	74.4	994.4	2.2
20120630	24.1	13.5	87.1	988.1	1.9
20120701	24.4	0.5	67.0	989.1	2.4
20120702	24.0	0.0	72.1	986.9	1.2
20120703	25.8	0.0	70.5	984.8	1.2
20120704	25.9	0.0	72.4	988.5	1.7
20120705	23.6	39.0	92.3	990.9	1.0
20120706	24.8	14.5	86.5	983.6	1.4
20120707	23.0	1.0	80.6	987.7	1.3
20120708	25.0	0.0	72.6	990.1	1.4
20120709	25.6	0.0	76.4	990.4	1.4
20120710	23.4	2.5	77.6	988.7	2.6
20120711	24.2	79.0	91.5	981.4	2.1
20120712	24.7	0.0	82.3	985.0	0.6
20120713	24.7	43.0	83.4	985.4	1.7
20120714	23.8	63.5	89.4	986.1	1.9
20120715	24.6	17.5	88.1	986.0	1.8
20120716	24.6	0.5	80.9	993.3	1.6
20120717	23.2	5.5	91.3	996.6	0.8
20120718	25.1	16.5	88.3	993.1	1.3
20120719	26.1	63.0	85.6	990.0	2.7
20120720	27.1	0.5	78.3	993.2	0.9
20120721	26.4	0.0	80.3	994.4	1.4
20120722	25.8	0.0	82.4	994.3	2.2
20120723	27.1	0.0	79.0	994.8	1.4
20120724	28.6	0.0	75.3	997.7	1.3
20120725	28.5	0.0	75.8	997.5	0.9
20120726	28.2	0.0	76.0	994.5	1.0
20120727	28.0	0.0	76.3	993.9	1.1
20120728	28.7	0.0	70.6	994.2	1.3
20120729	28.6	0.0	71.4	991.8	1.0
20120730	28.8	0.0	72.5	991.1	1.3
20120731	28.8	0.0	73.6	991.9	0.9
20120801	29.0	0.0	64.8	991.5	1.7
20120802	28.6	0.0	65.8	993.6	1.8
20120803	28.7	0.0	64.1	995.6	1.5
20120804	28.1	0.0	68.6	994.6	0.9
20120805	28.7	0.0	69.0	991.7	1.1
20120806	29.0	0.0	70.4	990.8	1.2
20120807	27.3	0.0	66.1	992.6	1.1
20120808	26.2	0.0	67.4	992.1	1.1
20120809	26.4	0.0	74.9	991.0	0.7
20120810	25.6	2.0	83.8	990.8	0.8
20120811	26.5	0.0	70.1	991.5	1.3
20120812	26.6	10.0	82.3	989.1	0.7
20120813	25.3	24.0	93.0	988.0	0.6
20120814	23.8	8.5	93.6	993.4	0.6
20120815	27.7	0.4	74.8	991.4	1.8
20120816	26.0	14.0	88.5	995.4	1.1
20120817	27.1	0.0	83.8	996.7	1.7
20120818	27.1	3.5	87.9	995.6	1.1
20120819	27.7	0.0	80.3	993.8	1.9
20120820	26.9	0.0	81.9	993.4	1.9
20120821	25.1	40.5	90.1	994.7	1.1
20120822	24.6	37.5	91.6	994.8	1.3
20120823	22.3	155.5	95.0	998.7	0.8
20120824	22.6	112.5	92.9	999.2	1.7
20120825	25.6	0.5	84.0	998.8	1.1
20120826	26.0	0.0	78.1	996.3	1.0
20120827	25.7	0.4	76.9	992.6	1.3
20120828	24.5	127.5	86.0	981.8	5.1
20120829	24.7	0.4	84.3	994.4	0.7
20120830	24.0	48.0	82.0	988.6	3.3
20120831	23.3	0.0	64.6	996.4	2.3
20120901	23.0	0.0	73.0	997.6	1.4
20120902	23.4	0.0	79.4	997.0	0.8
20120903	22.9	0.0	78.9	996.9	1.3
20120904	22.4	4.5	85.8	998.5	1.4
20120905	23.5	12.0	78.6	1001.1	1.2
20120906	21.6	0.0	69.8	1002.7	0.9
20120907	21.9	17.5	80.9	1001.8	1.4
20120908	22.9	29.5	78.5	997.5	1.5
20120909	19.7	11.0	90.6	997.9	0.8
20120910	21.0	13.5	79.6	997.7	1.1
20120911	20.4	0.0	75.9	998.1	1.1
20120912	20.7	0.0	78.8	995.7	0.9
20120913	21.5	3.0	84.9	994.0	0.9
20120914	21.1	0.5	78.9	997.4	1.7
20120915	20.2	1.0	80.0	1001.2	1.1
20120916	18.6	119.0	93.8	997.5	1.3
20120917	20.0	184.5	81.5	978.3	3.8
20120918	20.6	0.0	72.3	988.8	1.4
20120919	19.1	0.0	71.3	993.9	1.5
20120920	18.0	0.0	72.3	999.5	1.0
20120921	17.5	0.0	79.3	1000.1	0.7
20120922	18.4	0.0	76.3	997.3	1.0
20120923	18.8	0.0	76.1	995.6	1.0
20120924	18.0	0.0	71.1	999.3	0.9
20120925	17.1	0.0	75.6	1004.8	0.8
20120926	17.3	0.0	76.5	1005.4	0.9
20120927	17.9	0.0	80.3	1002.6	0.9
20120928	18.8	0.0	72.3	997.0	1.4
20120929	16.9	0.0	61.6	995.1	2.8
20120930	15.6	0.0	68.3	994.2	2.2
20121001	16.5	0.0	72.4	998.7	0.9
20121002	17.0	0.0	71.1	1000.6	0.8
20121003	16.2	0.0	72.5	998.0	1.0
20121004	16.7	0.0	72.0	996.6	0.9
20121005	16.5	0.0	79.9	1001.6	0.6
20121006	16.6	0.0	77.0	1004.1	0.9
20121007	15.0	0.0	72.6	1006.4	0.9
20121008	13.9	0.0	74.0	1005.7	0.9
20121009	13.7	0.0	76.5	1001.7	1.0
20121010	15.4	0.0	71.6	998.2	1.7
20121011	14.2	0.0	56.3	999.6	2.5
20121012	11.9	0.0	67.4	1002.5	0.8
20121013	12.7	0.0	71.1	1002.5	0.7
20121014	14.2	0.0	73.9	1002.0	0.8
20121015	13.5	0.0	60.8	1005.5	1.0
20121016	13.9	0.0	71.3	1003.4	0.8
20121017	14.4	0.0	63.8	998.0	3.1
20121018	11.2	0.0	44.8	1001.5	2.7
20121019	10.7	0.0	68.5	1005.6	0.8
20121020	11.0	0.0	73.1	1006.3	0.6
20121021	13.1	0.0	62.6	1007.2	0.8
20121022	14.7	14.5	69.5	997.5	2.6
20121023	11.9	0.0	47.6	999.9	4.1
20121024	10.2	0.0	67.1	1003.7	0.8
20121025	10.9	0.0	73.3	1005.5	0.7
20121026	12.7	0.0	73.9	1006.7	0.7
20121027	14.6	22.5	91.3	1001.3	0.8
20121028	16.4	0.0	52.3	1001.7	3.8
20121029	11.2	0.0	64.3	1002.3	0.7
20121030	11.9	0.0	52.9	999.0	2.7
20121031	9.5	0.0	52.0	999.2	3.0
20121101	8.7	0.0	39.5	1002.7	4.6
20121102	7.2	0.0	53.1	1007.6	1.8
20121103	6.9	0.0	65.4	1008.4	0.9
20121104	9.2	12.5	85.1	1002.7	0.9
20121105	10.0	0.0	71.6	998.7	1.2
20121106	10.3	1.0	65.3	998.2	3.4
20121107	11.9	0.0	50.8	999.4	4.2
20121108	12.5	0.0	53.3	1001.1	2.5
20121109	9.3	0.0	71.9	1006.2	0.7
20121110	11.4	6.0	63.1	1005.3	1.6
20121111	10.4	21.5	69.6	994.2	2.8
20121112	10.5	0.0	40.3	997.5	5.3
20121113	9.2	0.3	45.3	993.5	4.5
20121114	6.3	0.0	50.0	999.9	4.9
20121115	6.2	0.0	47.8	1009.1	2.3
20121116	5.3	5.0	75.0	1005.9	0.8
20121117	9.1	8.5	55.4	997.9	4.2
20121118	6.8	0.0	50.8	1003.4	2.2
20121119	5.3	0.1	62.6	1000.8	2.5
20121120	3.5	0.0	47.0	1005.3	2.6
20121121	2.7	0.0	61.6	1004.4	0.4
20121122	4.7	0.0	66.3	1001.2	0.5
20121123	7.6	0.0	52.9	999.7	2.8
20121124	3.9	0.0	40.6	1004.6	2.9
20121125	2.9	1.5	60.0	1003.3	0.9
20121126	4.5	5.0	61.6	997.6	4.6
20121127	2.4	0.0	53.6	1005.2	1.7
20121128	5.8	0.0	58.0	1001.1	1.9
20121129	4.0	0.0	52.1	1004.6	1.6
20121130	3.2	0.0	47.8	1006.3	0.9
20121201	3.4	0.0	41.4	1009.7	2.8
20121202	3.2	3.0	82.5	1006.1	0.7
20121203	5.0	1.0	70.3	998.9	2.9
20121204	1.9	0.0	44.9	1002.5	5.5
20121205	1.7	2.0	56.5	999.4	2.8
20121206	-2.4	0.1	59.9	1006.3	2.8
20121207	-2.1	2.5	77.5	1002.3	1.6
20121208	-0.9	0.0	58.1	1001.0	3.7
20121209	-3.0	0.0	51.9	1002.2	4.4
20121210	-1.9	0.0	48.1	1006.5	3.3
20121211	-1.0	0.0	51.1	1007.8	3.4
20121212	-0.9	0.0	44.9	1011.4	2.1
20121213	-1.4	0.0	58.8	1013.6	0.6
20121214	0.9	40.5	86.4	1003.2	0.7
20121215	6.6	0.0	84.6	999.6	1.2
20121216	2.5	0.0	79.1	1004.4	0.9
20121217	3.1	0.0	64.5	1002.3	2.8
20121218	-1.4	0.0	40.1	1006.2	4.6
20121219	-2.3	0.0	37.8	1009.3	2.7
20121220	-1.0	0.0	45.8	1012.5	1.0
20121221	-0.3	13.5	85.0	1004.6	0.5
20121222	1.8	0.0	60.6	1004.1	3.6
20121223	-3.3	0.0	47.3	1008.9	4.2
20121224	-5.5	0.0	56.6	1009.9	1.5
20121225	-1.7	0.0	48.1	1010.5	3.5
20121226	-5.1	0.0	34.4	1014.7	1.9
20121227	-2.4	0.0	44.9	1011.7	0.7
20121228	0.1	13.0	86.6	1006.1	0.7
20121229	0.5	0.5	90.3	1004.0	0.7
20121230	-1.7	0.2	54.1	999.2	4.7
20121231	-3.2	0.0	54.6	1002.8	2.8
20130101	-2.6	0.1	76.9	1002.9	1.5
20130102	-2.6	0.1	46.9	1010.7	4.0
20130103	-6.6	0.0	35.3	1016.8	3.8
20130104	-5.8	0.0	39.4	1012.1	1.4
20130105	-4.6	0.0	54.3	1007.5	2.9
20130106	-1.4	0.0	49.4	1006.7	1.8
20130107	-2.7	0.0	47.4	1005.8	1.2
20130108	-1.9	0.0	43.9	1006.5	1.8
20130109	-2.8	0.0	35.0	1007.8	4.2
20130110	-3.7	0.0	35.8	1011.5	3.4
20130111	-4.6	0.0	52.9	1012.0	0.7
20130112	0.3	0.0	60.5	1007.9	1.6
20130113	-1.7	0.0	67.4	1006.1	0.6
20130114	0.3	0.0	56.3	1002.2	2.6
20130115	-1.6	0.0	66.9	1007.5	0.7
20130116	0.8	0.0	58.1	1005.7	2.2
20130117	-1.6	0.0	47.1	1009.7	4.0
20130118	-1.9	0.0	45.1	1011.8	2.0
20130119	1.0	0.0	55.5	1011.7	2.1
20130120	1.2	0.0	65.4	1013.9	1.2
20130121	3.9	13.0	90.8	1004.4	0.7
20130122	4.8	0.1	81.1	1002.9	1.8
20130123	3.1	0.5	85.1	1002.0	0.8
20130124	2.3	0.0	56.9	999.0	4.3
20130125	-2.4	0.0	33.9	1002.1	7.0
20130126	-2.9	0.0	28.8	1003.8	5.0
20130127	-2.9	0.0	44.1	1006.8	4.5
20130128	-0.5	0.0	47.0	1009.5	2.7
20130129	1.1	0.0	67.5	1010.3	0.7
20130130	3.6	0.0	63.5	1013.2	0.7
20130131	5.9	0.2	65.5	1013.7	1.4
20130201	10.0	49.5	88.0	1002.5	1.7
20130202	5.5	0.0	38.4	1007.9	4.1
20130203	0.1	3.0	55.1	1007.5	0.8
20130204	3.2	2.5	74.9	1001.2	2.3
20130205	0.8	2.0	85.3	1003.9	0.5
20130206	2.4	0.5	63.3	1000.6	3.1
20130207	-4.1	0.0	36.5	1004.9	5.9
20130208	-5.8	0.0	38.4	1011.9	2.7
20130209	-3.2	0.0	47.9	1009.4	2.4
20130210	-0.1	0.0	48.6	1008.2	3.1
20130211	0.7	0.0	27.5	1011.5	2.3
20130212	-0.7	0.4	55.6	1007.4	2.2
20130213	0.4	0.0	46.3	1009.5	1.3
20130214	3.2	0.0	44.9	1006.2	0.7
20130215	3.3	0.0	28.6	1004.1	3.8
20130216	-0.4	0.0	29.4	1009.5	2.4
20130217	0.6	1.0	63.8	1004.5	0.9
20130218	3.9	3.0	69.1	999.2	1.4
20130219	1.7	0.0	26.3	1005.1	3.6
20130220	-0.1	0.0	23.5	1010.0	3.1
20130221	1.1	0.0	38.6	1011.3	2.0
20130222	2.8	0.0	48.9	1008.8	3.4
20130223	1.7	0.0	25.9	1010.5	4.2
20130224	3.6	0.0	33.6	1011.9	2.2
20130225	3.9	0.0	39.4	1011.0	0.9
20130226	5.3	0.0	55.6	1003.8	0.7
20130227	9.2	0.0	36.9	1000.4	2.4
20130228	8.7	0.0	40.1	1000.1	1.7
20130301	6.0	1.0	47.0	997.2	4.6
20130302	1.6	0.0	40.3	1007.8	3.1
20130303	1.7	0.0	46.6	1005.3	2.1
20130304	4.8	0.0	38.9	1003.7	3.3
20130305	5.3	0.0	35.1	1007.1	1.3
20130306	7.4	0.0	41.6	1004.6	0.9
20130307	9.1	1.0	61.6	996.4	1.4
20130308	10.6	0.0	56.1	993.3	1.7
20130309	13.8	0.0	46.3	992.4	2.0
20130310	10.5	0.0	26.3	999.8	3.7
20130311	5.7	0.0	46.1	1006.8	1.4
20130312	9.3	0.0	52.9	999.2	1.9
20130313	10.1	17.5	71.5	995.2	3.1
20130314	5.5	0.0	63.0	1009.4	1.3
20130315	7.2	0.0	55.1	1007.4	1.1
20130316	9.5	0.0	37.1	1005.7	1.2
20130317	8.5	21.0	61.9	997.4	1.8
20130318	12.6	19.5	71.4	987.1	2.0
20130319	12.7	0.0	56.6	995.0	1.7
20130320	7.9	0.0	55.9	994.1	3.7
20130321	4.2	0.0	34.5	999.9	1.9
20130322	6.4	0.0	48.1	995.6	1.6
20130323	8.7	0.0	46.5	997.6	1.8
20130324	8.9	0.0	42.6	994.5	2.4
20130325	5.6	0.0	37.9	999.7	3.9
20130326	6.0	0.0	52.6	1003.6	1.5
20130327	9.8	0.0	60.3	998.7	1.3
20130328	13.0	0.0	41.5	997.6	2.2
20130329	10.0	0.0	29.5	1001.5	2.6
20130330	8.7	0.5	41.1	1003.7	1.4
20130331	9.9	1.0	50.8	1005.0	2.4
20130401	9.4	0.0	54.3	1003.2	2.0
20130402	7.2	0.0	61.0	996.1	3.3
20130403	12.8	0.0	35.6	997.8	3.2
20130404	13.2	0.0	37.6	999.9	1.9
20130405	13.5	0.0	56.6	997.1	1.6
20130406	10.1	19.5	79.3	982.6	3.0
20130407	5.4	0.0	48.0	989.2	5.2
20130408	9.8	0.0	34.3	996.7	2.0
20130409	9.5	0.0	27.8	998.0	5.7
20130410	5.6	0.0	38.0	1001.3	4.7
20130411	8.1	0.0	29.8	1000.3	4.6
20130412	7.4	0.0	35.4	1001.7	2.6
20130413	10.5	0.0	45.1	997.7	2.2
20130414	11.9	0.2	42.1	991.1	3.4
20130415	9.8	0.0	35.5	993.9	1.7
20130416	16.7	0.0	57.8	989.8	2.0
20130417	13.6	0.0	84.6	992.3	2.2
20130418	14.2	0.0	51.5	993.8	2.9
20130419	10.2	0.0	49.1	1000.1	1.9
20130420	6.3	8.5	75.1	999.6	1.3
20130421	9.1	0.0	50.6	1001.9	2.5
20130422	11.4	0.0	44.6	1004.9	1.4
20130423	9.5	49.5	84.6	999.3	1.0
20130424	14.7	0.1	67.5	992.5	2.7
20130425	12.0	0.0	57.0	992.7	2.8
20130426	13.3	0.0	33.8	994.4	5.6
20130427	10.6	1.5	61.3	1001.0	1.6
20130428	14.0	0.0	71.5	1002.3	1.8
20130429	14.4	3.5	71.8	996.8	2.0
20130430	13.3	0.0	40.1	993.0	2.3
20130501	11.4	0.0	56.4	994.2	1.5
20130502	14.1	0.0	53.1	996.1	2.0
20130503	13.3	0.0	52.1	999.1	2.1
20130504	15.3	0.0	49.3	1001.9	2.3
20130505	16.9	0.0	42.3	1003.0	2.0
20130506	20.4	0.0	27.6	999.8	2.4
20130507	17.0	0.0	54.9	1003.9	1.6
20130508	17.4	0.0	55.1	1003.1	1.5
20130509	17.6	1.0	64.9	997.7	1.6
20130510	17.2	5.0	71.0	987.3	3.2
20130511	19.9	0.0	43.1	988.6	1.7
20130512	19.4	0.0	61.0	991.0	1.4
20130513	20.7	0.0	53.9	995.2	1.2
20130514	19.5	0.0	56.3	995.9	1.8
20130515	20.9	0.0	60.9	996.2	1.5
20130516	18.3	0.1	55.6	1001.5	2.3
20130517	16.7	0.0	57.0	1000.7	1.4
20130518	17.7	0.5	65.9	993.1	1.6
20130519	18.6	22.0	80.4	982.4	1.9
20130520	19.3	0.0	56.4	987.1	2.3
20130521	18.3	0.0	50.1	991.6	1.4
20130522	20.8	0.0	58.6	994.4	1.4
20130523	22.3	0.0	60.5	996.8	1.5
20130524	23.5	0.0	57.0	996.9	0.8
20130525	22.4	0.0	62.4	998.5	1.8
20130526	21.4	0.0	68.6	1000.4	1.5
20130527	19.1	80.5	80.9	995.0	2.8
20130528	20.2	41.5	89.0	990.1	1.9
20130529	20.0	0.0	71.8	992.5	2.5
20130530	20.7	0.0	52.3	995.8	1.5
20130531	18.5	0.0	70.5	994.1	0.7
20130601	19.7	0.0	69.8	991.1	0.8
20130602	21.1	0.0	65.9	991.4	1.3
20130603	21.7	0.0	60.6	995.8	1.2
20130604	22.4	0.0	55.9	999.9	1.0
20130605	22.9	0.0	60.4	1000.8	1.3
20130606	23.8	0.0	58.5	998.5	1.3
20130607	23.4	0.0	66.6	996.1	1.5
20130608	21.7	0.0	64.8	993.9	1.2
20130609	21.5	0.0	63.0	991.8	1.1
20130610	22.5	0.0	61.4	991.5	1.1
20130611	20.8	8.0	77.5	991.3	0.9
20130612	21.7	2.0	87.8	992.8	1.8
20130613	23.8	0.0	75.0	996.1	1.5
20130614	22.1	2.0	84.6	997.7	1.3
20130615	25.3	0.0	73.4	995.0	1.2
20130616	24.9	0.0	69.1	991.3	1.2
20130617	25.5	0.0	61.9	986.3	2.3
20130618	24.3	3.5	86.1	981.3	1.5
20130619	23.9	68.0	86.9	984.5	1.4
20130620	25.3	0.0	74.5	989.4	1.4
20130621	24.0	0.0	78.0	990.1	1.8
20130622	23.6	0.5	74.0	991.3	1.6
20130623	21.1	3.5	88.9	991.1	0.7
20130624	22.6	0.0	73.5	990.0	0.9
20130625	21.3	6.5	85.1	990.5	1.1
20130626	23.6	5.5	73.8	986.5	1.3
20130627	23.7	0.0	77.3	989.3	1.4
20130628	24.2	0.0	74.6	990.4	1.1
20130629	25.2	0.0	67.5	994.8	1.5
20130630	24.5	0.0	70.4	995.3	1.5
20130701	24.8	0.0	75.0	993.3	1.7
20130702	25.6	0.0	80.0	988.2	2.7
20130703	25.2	26.0	85.9	985.0	1.6
20130704	24.5	50.0	92.4	984.0	1.5
20130705	22.7	148.5	96.1	982.4	1.0
20130706	25.0	0.4	84.5	990.2	1.5
20130707	23.6	48.5	94.5	993.6	1.8
20130708	26.8	0.0	77.5	993.7	2.7
20130709	27.2	0.0	77.0	992.5	1.8
20130710	27.4	0.0	77.6	991.9	1.7
20130711	27.8	0.0	72.6	993.3	1.4
20130712	26.8	0.0	76.6	993.8	1.1
20130713	27.4	0.0	77.0	995.7	1.3
20130714	27.3	1.0	80.4	996.8	1.2
20130715	27.2	0.0	75.8	996.3	1.8
20130716	27.2	0.0	66.6	994.5	2.9
20130717	26.8	0.0	71.8	993.9	1.2
20130718	26.5	0.0	76.1	994.6	1.0
20130719	26.9	0.5	76.5	994.8	1.1
20130720	27.4	0.0	75.4	993.5	1.8
20130721	26.7	0.0	79.6	992.1	1.5
20130722	27.6	0.0	74.9	993.5	1.5
20130723	26.4	2.0	84.3	990.8	1.2
20130724	25.6	4.0	88.5	986.3	0.8
20130725	26.0	0.0	71.4	986.9	1.6
20130726	26.9	0.0	67.0	987.7	1.7
20130727	25.6	0.0	70.4	989.7	0.9
20130728	25.6	11.5	92.5	989.5	0.9
20130729	27.4	3.5	82.6	987.0	1.2
20130730	25.5	12.5	89.0	987.3	0.7
20130731	26.8	0.0	87.1	987.3	0.7
20130801	26.9	10.5	87.3	991.1	1.1
20130802	27.6	0.0	83.1	995.3	1.5
20130803	26.6	10.0	87.6	994.6	0.7
20130804	26.5	3.0	87.8	989.9	0.9
20130805	26.6	0.5	83.4	989.1	1.1
20130806	26.2	4.0	83.4	991.7	1.0
20130807	28.2	0.0	81.6	992.0	0.9
20130808	29.7	0.0	73.4	990.2	1.2
20130809	30.2	0.0	71.4	990.3	1.2
20130810	29.7	0.0	73.6	993.4	1.2
20130811	29.5	0.0	69.5	995.0	1.0
20130812	29.1	0.0	73.1	995.0	0.9
20130813	28.2	0.0	73.3	994.7	1.0
20130814	28.0	0.0	68.6	994.8	1.1
20130815	27.6	0.0	70.3	994.1	1.0
20130816	27.3	0.0	71.9	991.5	1.0
20130817	27.6	0.0	73.6	990.2	0.9
20130818	28.0	0.0	74.4	990.3	0.9
20130819	28.8	0.1	72.8	990.8	1.1
20130820	28.9	0.0	72.9	990.8	1.2
20130821	28.5	0.0		992.8	1.7
20130822	27.4	2.0		994.1	1.3
20130823	24.8	29.0	97.1	992.7	0.7
20130824	23.2	103.0	98.1	991.1	0.8
20130825	24.2	0.5	80.5	989.9	1.0
20130826	23.9	0.0	77.8	989.7	0.8
20130827	24.7	0.0	72.1	992.1	1.1
20130828	24.1	0.0	72.8	992.2	1.2
20130829	24.4	8.5	85.0	986.5	1.3
20130830	24.2	9.0	88.6	987.2	1.0
20130831	24.0	0.0	65.0	990.1	1.8
20130901	23.5	0.0	72.8	995.5	1.0
20130902	22.9	0.0	70.9	996.9	1.0
20130903	18.9	0.0	78.4	996.2	1.1
20130904	19.0	0.0	65.3	995.7	1.3
20130905	19.0	0.0	76.0	1001.4	0.8
20130906	17.8	9.5	94.3	1002.9	0.6
20130907	19.8	1.5	86.8	1001.2	0.8
20130908	21.2	0.0	76.3	1001.4	1.1
20130909	21.0	0.0	75.4	999.8	1.0
20130910	22.7	0.0	72.5	997.8	1.0
20130911	21.3	1.5	90.9	998.4	0.8
20130912	20.8	13.0	91.3	1000.7	0.8
20130913	24.4	0.0	79.8	996.6	1.2
20130914	22.0	47.5	94.1	994.0	1.0
20130915	22.4	0.0	71.1	991.8	1.7
20130916	20.0	0.0	69.5	996.1	0.8
20130917	19.8	0.0	71.5	1002.1	0.8
20130918	21.6	0.0	74.5	1004.1	0.8
20130919	21.0	0.0	79.1	1003.0	0.9
20130920	21.7	0.0	78.0	1000.1	0.8
20130921	21.7	0.0	78.5	999.2	0.7
20130922	21.9	0.0	72.8	1001.6	1.0
20130923	21.3	0.0	73.6	1000.4	0.8
20130924	21.8	0.1	80.8	996.2	1.4
20130925	19.7	0.4	64.8	994.8	1.9
20130926	16.5	0.0	58.6	1000.2	1.5
20130927	15.9	0.0	69.4	1002.5	0.9
20130928	17.8	7.0	81.0	1000.1	0.9
20130929	18.8	33.0	99.1	999.2	0.5
20130930	21.6	24.5	87.5	1000.0	0.8
20131001	21.7	4.0	76.3	999.7	0.9
20131002	19.4	12.5	76.3	995.8	1.6
20131003	15.2	0.0	69.0	1000.8	1.4
20131004	14.4	0.0	72.1	1003.9	0.9
20131005	16.0	0.0	82.3	1005.6	0.8
20131006	19.6	1.0	93.1	1006.3	0.5
20131007	22.4	3.0	84.3	1003.1	0.6
20131008	20.4	43.0	96.5	994.8	1.0
20131009	18.9	0.4	90.9	998.5	0.9
20131010	19.2	30.0	95.5	998.3	0.6
20131011	18.7	0.0	56.9	996.4	3.1
20131012	15.5	0.0	50.4	1003.3	2.5
20131013	14.0	0.0	70.5	1005.7	0.8
20131014	15.6	0.0	79.0	1002.7	0.5
20131015	15.3	3.0	79.9	997.7	1.6
20131016	11.1	0.0	63.6	1004.3	1.1
20131017	9.9	0.0	77.5	1012.0	0.9
20131018	11.6	0.0	77.8	1012.2	0.8
20131019	13.2	0.0	81.8	1009.0	0.7
20131020	15.6	0.0	75.8	1002.7	0.8
20131021	14.6	0.0	76.6	1002.5	0.8
20131022	13.8	0.0	75.9	1005.9	1.0
20131023	13.4	0.0	79.5	1004.2	0.6
20131024	14.4	0.0	65.1	999.3	2.1
20131025	12.6	0.0	35.0	998.3	2.9
20131026	9.9	0.0	62.6	1000.2	1.5
20131027	8.5	0.0	71.6	1005.8	0.7
20131028	9.1	0.0	73.1	1008.0	0.6
20131029	10.2	0.0	72.8	1006.9	0.8
20131030	11.6	0.0	65.8	1007.4	1.0
20131031	10.9	0.0	73.3	1009.3	0.6
20131101	13.3	0.0	73.3	1009.3	0.8
20131102	14.5	0.0	79.4	1006.3	0.9
20131103	14.7	0.0	74.0	1003.2	0.8
20131104	11.3	0.0	68.8	1006.6	1.4
20131105	9.5	0.0	76.5	1009.9	0.6
20131106	10.5	1.0	84.0	1003.8	0.5
20131107	13.3	0.0	47.4	1002.3	2.9
20131108	8.9	0.0	55.1	1009.5	1.3
20131109	10.7	16.0	80.4	1005.5	1.0
20131110	10.5	0.0	50.6	999.8	4.1
20131111	6.6	0.0	36.3	1003.6	4.3
20131112	6.5	0.0	42.0	1003.5	3.1
20131113	5.2	0.0	57.0	1005.6	1.0
20131114	5.0	2.0	74.5	1004.6	0.9
20131115	8.4	0.1	72.3	1003.8	1.1
20131116	5.4	0.0	68.8	1001.3	0.7
20131117	7.3	0.4	49.4	997.5	4.2
20131118	3.5	0.0	52.5	998.6	4.7
20131119	4.5	0.0	50.4	999.6	5.6
20131120	4.9	0.0	44.4	1003.2	4.2
20131121	6.2	0.0	45.0	1006.3	3.7
20131122	6.3	0.0	49.4	1007.9	3.4
20131123	5.8	0.0	60.4	1007.1	1.9
20131124	8.7	19.0	64.3	998.8	2.3
20131125	7.9	19.0	53.6	992.2	5.0
20131126	3.3	0.0	54.6	1001.3	3.2
20131127	1.4	1.0	73.1	998.5	3.1
20131128	-0.4	0.0	62.4	1002.8	2.3
20131129	3.1	0.0	52.8	1002.9	3.8
20131130	4.0	0.0	62.3	1004.5	1.9
20131201	3.6	0.0	66.4	1004.4	2.0
20131202	3.5	0.0	59.0	1004.4	1.8
20131203	3.7	0.0	62.8	1003.7	1.6
20131204	3.9	0.0	69.3	1003.9	0.7
20131205	4.6	0.0	67.9	1002.2	1.1
20131206	5.7	0.0	43.0	1002.0	2.2
20131207	2.4	0.0	57.8	1006.4	1.0
20131208	2.3	0.0	68.0	1006.8	0.5
20131209	4.4	3.0	73.6	994.2	2.2
20131210	4.1	0.0	45.0	996.4	4.6
20131211	1.6	0.4	55.4	996.8	4.4
20131212	3.1	0.5	47.1	1001.1	2.9
20131213	0.0	0.3	49.8	1004.6	4.7
20131214	2.9	0.0	46.5	1008.3	4.0
20131215	1.0	0.0	38.6	1012.6	3.2
20131216	-1.2	0.0	52.4	1011.7	0.5
20131217	2.6	0.1	55.9	1008.1	0.5
20131218	4.0	1.0	73.3	1003.8	0.8
20131219	0.9	0.0	52.5	1002.6	4.4
20131220	1.2	0.1	56.0	1003.3	5.0
20131221	1.6	0.0	45.9	1008.0	3.6
20131222	0.2	0.0	52.1	1011.1	1.8
20131223	1.3	0.0	49.8	1009.2	2.7
20131224	0.0	0.0	43.1	1012.0	1.0
20131225	0.4	0.0	63.1	1010.2	0.6
20131226	2.8	0.0	52.8	1002.3	3.2
20131227	-1.2	0.0	37.3	1002.1	5.4
20131228	-2.4	0.0	39.9	1003.7	3.4
20131229	-1.1	0.0	52.5	1004.1	2.3
20131230	4.3	0.0	41.9	1000.7	3.3
20131231	4.4	0.0	44.1	996.9	2.0
20140101	5.9	0.0	36.3	998.4	3.8
20140102	3.6	0.0	41.1	1003.8	1.6
20140103	1.2	0.0	46.5	1000.5	0.6
20140104	2.3	0.0	47.8	1000.8	1.0
20140105	0.0	0.0	49.0	1005.4	1.3
20140106	-0.7	0.0	49.9	1010.5	0.6
20140107	0.9	0.0	56.1	1008.1	0.6
20140108	2.3	1.0	61.4	1002.2	2.2
20140109	-3.4	0.0	22.4	1009.1	4.4
20140110	-2.0	0.0	44.5	1013.7	1.8
20140111	0.4	0.0	49.3	1013.8	2.4
20140112	1.2	0.0	43.4	1010.3	2.8
20140113	-2.4	0.0	24.8	1012.7	3.1
20140114	-2.7	0.0	33.1	1014.2	1.6
20140115	-0.4	0.0	32.6	1013.8	2.6
20140116	-1.1	0.0	50.3	1011.4	1.0
20140117	0.7	0.0	52.5	1008.9	1.0
20140118	0.7	0.0	42.6	1008.8	4.0
20140119	-1.8	0.0	37.4	1011.2	1.2
20140120	0.8	0.3	55.3	1002.9	2.2
20140121	-1.9	0.0	48.6	1006.4	4.4
20140122	-2.3	0.0	46.3	1010.5	2.4
20140123	-2.3	0.0	53.5	1009.3	0.6
20140124	1.3	0.0	60.6	1004.9	0.6
20140125	4.7	1.0	74.8	999.6	1.6
20140126	2.2	0.0	32.8	1008.3	2.8
20140127	-0.9	0.0	51.6	1007.7	0.5
20140128	3.3	0.0	51.6	1006.1	1.9
20140129	3.1	0.0	53.9	1005.3	1.2
20140130	8.1	0.1	54.6	998.3	2.9
20140131	5.6	0.0	44.9	1006.1	1.9
20140201	8.7	0.0	69.5	999.5	1.4
20140202	13.7	0.0	61.6	991.7	1.7
20140203	5.1	0.0	38.0	996.2	3.3
20140204	-3.8	0.0	22.5	1005.1	4.5
20140205	-2.9	0.0	27.3	1009.8	1.4
20140206	0.7	0.0	42.0	1007.6	0.9
20140207	2.8	0.5	65.8	1002.3	0.8
20140208	2.8	0.5	80.1	999.8	1.1
20140209	1.9	0.0	55.9	1002.1	2.5
20140210	0.6	0.2	68.5	1007.1	1.2
20140211	0.4	0.0	55.3	1008.9	1.2
20140212	0.4	0.0	58.3	1010.8	0.9
20140213	0.8	0.0	62.6	1012.5	1.0
20140214	0.8	0.0	64.3	1010.5	1.1
20140215	0.9	0.0	53.1	1009.4	0.9
20140216	2.9	0.0	48.6	1010.9	0.9
20140217	4.1	2.0	61.0	1009.3	0.8
20140218	2.3	0.0	60.1	1009.3	1.5
20140219	0.5	0.0	59.3	1009.1	0.8
20140220	1.4	0.0	54.3	1009.7	2.0
20140221	1.8	0.0	42.1	1011.9	1.3
20140222	1.7	0.0	47.3	1013.0	0.7
20140223	3.0	0.0	47.5	1012.9	0.6
20140224	4.3	0.0	48.3	1011.5	0.8
20140225	6.0	0.0	48.9	1011.0	0.9
20140226	5.2	7.5	75.5	1007.7	0.5
20140227	10.1	0.1	61.8	1002.8	1.9
20140228	8.1	0.0	58.0	1004.4	1.5
20140301	7.7	2.5	80.5	1001.4	0.9
20140302	6.3	0.0	47.8	1002.9	2.2
20140303	4.6	0.0	43.8	1009.7	1.3
20140304	4.4	0.0	58.6	1006.0	1.1
20140305	4.6	0.0	29.4	1004.2	4.5
20140306	2.0	0.0	29.3	1009.7	2.9
20140307	2.7	0.0	21.5	1011.4	4.3
20140308	3.9	0.0	28.5	1007.5	2.9
20140309	3.8	0.0	38.5	1003.4	4.5
20140310	3.4	0.0	26.5	1008.9	2.8
20140311	4.8	0.0	39.1	1009.2	1.2
20140312	2.3	31.5	73.6	1000.6	0.6
20140313	3.9	13.5	87.3	995.6	1.0
20140314	3.2	1.0	64.3	1002.4	2.1
20140315	5.8	0.0	53.4	1004.0	1.3
20140316	9.5	0.0	60.4	1004.9	1.0
20140317	10.9	0.4	69.4	1002.8	1.9
20140318	15.2	0.0	50.6	997.8	2.4
20140319	10.2	0.0	51.0	1000.3	2.2
20140320	7.8	0.0	44.9	995.9	3.7
20140321	5.9	0.0	42.1	1003.3	3.4
20140322	7.7	0.0	44.0	1007.3	1.4
20140323	10.6	0.0	40.1	1010.5	1.9
20140324	10.3	0.0	44.0	1006.1	1.2
20140325	12.4	8.5	77.6	999.3	1.1
20140326	13.0	14.5	88.8	993.7	0.8
20140327	13.4	0.0	62.9	1000.1	1.2
20140328	14.3	0.0	59.4	1001.2	2.2
20140329	14.2	10.0	88.5	992.3	2.7
20140330	14.5	1.5	69.9	992.1	2.3
20140331	12.4	0.0	69.1	999.8	1.1
20140401	13.4	0.0	54.3	999.9	1.2
20140402	14.2	0.0	50.8	1000.0	1.1
20140403	12.4	0.0	47.8	995.7	2.5
20140404	7.9	0.0	36.4	995.7	3.7
20140405	6.0	0.0	42.4	997.5	3.3
20140406	8.9	0.0	29.0	1002.9	4.6
20140407	13.0	0.0	27.5	1001.5	3.4
20140408	12.8	0.0	28.8	1000.4	1.2
20140409	13.8	0.0	42.3	999.5	1.2
20140410	14.8	0.0	49.5	1001.2	2.2
20140411	12.4	0.0	48.4	1003.3	1.6
20140412	13.4	0.0	51.8	1001.3	1.1
20140413	11.5	10.0	69.8	1000.9	0.7
20140414	12.4	0.0	48.8	1003.7	1.4
20140415	17.3	0.0	41.0	1002.0	2.7
20140416	18.3	0.0	38.9	998.7	1.5
20140417	11.4	25.0	65.9	997.4	1.0
20140418	11.8	4.0	90.8	999.5	0.7
20140419	11.5	0.0	64.6	1004.0	1.0
20140420	13.7	0.0	53.0	1001.3	1.4
20140421	16.5	0.0	48.5	997.9	1.7
20140422	15.2	0.0	40.1	998.7	1.4
20140423	15.3	0.0	44.5	1001.8	1.4
20140424	15.3	0.0	45.4	1005.4	1.4
20140425	16.1	0.0	43.8	1006.8	1.3
20140426	15.8	0.0	52.8	1007.1	1.3
20140427	14.4	20.5	74.3	1003.6	2.5
20140428	12.8	51.5	86.8	996.1	1.7
20140429	13.4	24.0	94.4	991.4	0.7
20140430	15.2	0.2	81.6	993.4	1.4
20140501	17.6	0.0	61.3	996.9	1.5
20140502	17.6	0.0	54.6	997.0	2.1
20140503	15.3	0.0	36.1	1001.5	3.4
20140504	13.5	1.0	56.6	999.2	1.8
20140505	11.3	0.1	37.0	1001.4	3.4
20140506	12.2	0.0	45.3	1002.0	1.4
20140507	13.5	0.0	52.9	998.3	2.1
20140508	16.0	2.5	57.0	994.8	2.8
20140509	15.8	0.0	52.8	1001.5	1.9
20140510	16.2	0.0	50.4	1004.8	1.4
20140511	15.9	15.5	61.8	998.1	2.7
20140512	18.1	15.5	61.8	990.6	2.9
20140513	19.8	0.0	54.1	992.3	1.4
20140514	16.1	0.5	73.9	986.5	1.0
20140515	19.1	0.0	44.3	984.8	3.4
20140516	21.3	0.0	31.1	992.2	2.6
20140517	20.8	0.0	40.1	995.5	1.4
20140518	18.9	0.0	50.5	996.9	1.4
20140519	20.0	0.0	46.4	996.0	1.4
20140520	16.3	1.5	80.0	990.7	0.9
20140521	19.2	0.0	60.0	990.7	2.4
20140522	20.5	0.0	53.1	996.1	1.9
20140523	19.1	0.0	70.0	1002.5	1.8
20140524	20.4	0.0	70.1	1000.9	1.7
20140525	19.1	1.5	74.4	994.5	3.0
20140526	21.1	0.1	42.3	987.6	3.2
20140527	20.2	0.0	48.8	986.9	1.4
20140528	21.0	0.0	66.1	985.7	1.6
20140529	23.2	0.0	53.4	990.8	1.4
20140530	23.3	0.0	49.0	994.4	1.1
20140531	24.0	0.0	52.1	996.9	1.3
20140601	22.8	0.0	62.6	996.0	1.1
20140602	19.0	7.5	71.6	992.7	2.3
20140603	17.7	26.0	91.8	989.8	1.4
20140604	20.4	1.5	72.6	988.7	1.3
20140605	19.7	0.0	70.8	988.2	1.0
20140606	20.8	0.0	69.4	989.2	0.9
20140607	20.8	0.0	73.0	989.2	1.5
20140608	21.3	0.0	71.9	990.9	1.8
20140609	21.1	0.0	72.5	993.9	1.7
20140610	21.2	0.0	69.9	993.8	1.7
20140611	20.7	12.5	75.9	989.7	1.5
20140612	18.5	6.0	82.5	986.8	1.0
20140613	20.8	0.0	64.8	988.6	1.9
20140614	21.8	0.0	60.8	991.2	1.6
20140615	22.4	0.0	55.0	990.7	1.7
20140616	22.9	0.0	58.3	990.0	1.1
20140617	20.5	0.2	69.3	989.4	1.2
20140618	22.0	0.0	60.6	988.6	1.1
20140619	23.0	0.0	68.1	989.9	1.3
20140620	21.9	0.0	74.1	992.5	1.7
20140621	20.4	0.5	78.5	992.3	0.9
20140622	21.2	0.1	73.1	991.5	1.2
20140623	20.6	43.0	84.6	990.8	1.4
20140624	20.9	13.0	83.6	990.7	1.3
20140625	21.8	0.0	76.6	992.5	1.5
20140626	22.9	0.0	72.9	991.5	1.5
20140627	24.2	0.0	67.6	988.5	1.3
20140628	24.4	0.0	53.8	987.3	2.5
20140629	23.7	0.0	60.6	989.4	1.3
20140630	24.0	0.0	68.6	992.3	1.1
20140701	25.2	0.0	62.5	993.9	1.3
20140702	21.7	9.5	78.3	992.1	1.5
20140703	19.9	31.5	98.0	985.4	0.5
20140704	22.4	1.0	84.3	990.9	0.8
20140705	22.4	0.0	81.8	994.8	1.4
20140706	19.6	17.0	95.0	991.4	1.2
20140707	21.1	1.5	96.6	990.7	0.9
20140708	23.4	0.3	90.9	991.6	1.9
20140709	24.7	16.5	91.8	985.2	1.1
20140710	27.0	0.0	64.1	979.7	2.9
20140711	26.6	0.0	47.6	985.6	2.4
20140712	23.5	0.5	72.0	988.4	1.1
20140713	22.6	12.0	84.0	987.7	1.1
20140714	25.3	0.0	70.8	992.2	1.1
20140715	22.6	4.0	87.6	994.8	1.2
20140716	23.9	9.0	81.0	994.8	1.2
20140717	22.2	20.5	95.6	996.7	0.8
20140718	21.6	29.0	98.1	997.2	1.0
20140719	24.7	9.5	84.3	996.7	1.2
20140720	26.4	0.0	75.1	995.0	1.1
20140721	26.2	0.0	77.9	993.1	1.5
20140722	25.9	0.0	74.8	992.0	1.2
20140723	26.5	0.0	74.0	990.5	1.1
20140724	26.6	3.5	81.6	990.9	1.1
20140725	27.9	5.0	73.6	991.3	3.2
20140726	26.9	0.0	60.9	992.8	3.1
20140727	23.4	0.0	61.5	995.0	1.4
20140728	22.3	0.5	76.8	993.9	1.2
20140729	23.6	2.0	82.4	994.3	1.5
20140730	26.6	0.0	73.3	995.4	1.4
20140731	26.9	0.4	75.9	994.6	1.2
20140801	26.6	0.5	74.9	991.4	1.4
20140802	24.9	166.5	83.6	985.1	2.8
20140803	23.9	174.5	99.0	980.7	4.5
20140804	23.9	4.0	97.8	984.1	2.2
20140805	27.4	0.1	77.3	988.7	1.3
20140806	26.1	0.5	85.0	989.9	0.9
20140807	24.1	13.5	91.1	990.2	1.2
20140808	22.0	4.5	87.6	992.1	1.1
20140809	22.9	0.0	76.6	988.8	1.2
20140810	24.0	21.0	79.4	983.7	1.1
20140811	23.9	0.0	72.6	985.9	1.5
20140812	24.1	0.0	68.1	988.9	1.1
20140813	23.3	0.0	84.6	992.5	0.6
20140814	20.8	24.5	93.9	993.1	0.8
20140815	23.4	3.0	85.4	992.6	0.9
20140816	24.6	0.0	79.0	994.3	1.2
20140817	23.2	40.5	83.3	996.1	1.2
20140818	20.7	59.5	99.5	993.6	0.7
20140819	23.3	6.0	94.1	994.4	1.3
20140820	23.3	3.5	94.1	995.0	1.3
20140821	24.0	66.0	80.9	992.1	2.1
20140822	23.8	0.0	71.3	995.1	1.2
20140823	23.3	0.0	77.9	994.5	1.0
20140824	22.1	1.5	90.0	993.6	0.8
20140825	22.7	55.5	100.0	990.7	0.8
20140826	25.5	0.5	78.4	994.4	1.2
20140827	22.3	0.0	78.1	999.4	1.1
20140828	21.2	0.0	78.1	1000.9	0.7
20140829	21.3	0.1	77.4	999.8	0.9
20140830	20.8	0.0	76.4	998.9	1.0
20140831	19.6	0.0	77.5	998.1	0.8
20140901	21.2	0.0	72.9	998.4	1.2
20140902	19.8	13.5	86.4	996.6	1.0
20140903	21.4	8.5	92.4	988.8	1.3
20140904	22.5	0.1	73.9	992.5	1.4
20140905	21.5	0.0	76.8	996.6	1.0
20140906	21.4	0.0	81.1	996.5	0.9
20140907	22.2	0.0	75.1	993.2	0.9
20140908	23.0	0.0	78.4	991.1	1.0
20140909	21.5	0.0	69.9	992.2	0.9
20140910	19.6	0.0	70.1	994.5	0.9
20140911	21.2	0.0	69.1	997.1	1.1
20140912	20.1	0.0	78.0	998.0	0.7
20140913	20.1	0.0	73.8	998.9	0.9
20140914	18.9	0.0	74.3	999.8	0.8
20140915	20.8	0.1	71.4	997.6	0.9
20140916	21.6	0.0	67.3	998.7	1.0
20140917	19.5	0.1	85.8	999.7	0.8
20140918	19.5	0.0	72.4	1001.0	0.8
20140919	16.8	0.0	80.4	999.3	0.7
20140920	17.5	0.0	71.6	998.6	1.0
20140921	17.8	0.0	67.8	1001.3	0.9
20140922	18.2	0.0	70.0	1002.8	0.9
20140923	18.1	9.5	79.4	1001.7	0.9
20140924	18.7	106.5	97.8	991.5	1.0
20140925	19.8	0.0	80.6	997.4	0.9
20140926	19.9	0.0	76.3	1000.6	0.9
20140927	19.9	0.0	75.8	1000.9	0.8
20140928	20.2	0.0	77.4	999.6	0.9
20140929	19.4	0.5	88.6	997.4	0.5
20140930	18.9	0.5	78.4	1000.6	1.2
20141001	17.1	0.0	78.4	1001.6	0.7
20141002	18.4	0.0	74.1	994.8	1.0
20141003	17.6	0.0	59.4	995.5	2.5
20141004	15.3	0.0	65.5	1003.0	1.5
20141005	15.0	0.0	66.0	1000.8	1.4
20141006	14.4	0.0	67.1	1001.1	1.0
20141007	13.5	0.0	73.6	1005.7	0.7
20141008	14.1	0.0	75.0	1005.6	0.9
20141009	14.7	0.0	76.3	1004.4	0.7
20141010	16.3	0.0	72.0	1005.4	1.0
20141011	16.2	0.0	67.0	1006.5	1.0
20141012	14.8	1.0	85.4	1001.6	0.7
20141013	15.5	30.5	84.0	993.7	1.5
20141014	12.4	0.0	79.1	1000.4	0.8
20141015	12.4	0.0	82.6	1001.9	1.0
20141016	12.6	0.0	56.6	1002.8	2.4
20141017	11.8	0.0	53.3	1006.6	1.1
20141018	11.2	0.0	65.5	1007.8	0.7
20141019	13.4	0.0	66.0	1006.8	1.0
20141020	14.8	2.0	91.4	1001.5	0.6
20141021	16.8	48.5	95.0	998.4	0.9
20141022	12.2	24.0	92.3	1002.6	0.9
20141023	11.0	0.0	86.1	1005.2	0.9
20141024	12.4	0.0	83.0	1004.3	0.8
20141025	12.4	0.0	77.3	1004.5	0.6
20141026	14.5	0.0	65.9	1002.0	1.0
20141027	14.1	0.0	54.5	1004.7	1.7
20141028	9.0	0.0	70.1	1009.1	0.8
20141029	9.9	0.0	71.6	1010.2	0.7
20141030	11.4	0.0	77.4	1008.3	0.7
20141031	11.4	22.0	95.5	1002.6	0.5
20141101	14.4	0.2	88.5	996.5	0.7
20141102	12.5	0.1	55.6	995.4	4.1
20141103	9.4	0.0	38.5	1002.2	4.0
20141104	8.1	0.0	64.3	1005.4	0.7
20141105	8.4	0.0	70.4	1004.4	0.5
20141106	12.1	0.0	65.3	1003.6	1.2
20141107	10.1	0.0	69.9	1007.9	0.7
20141108	10.9	1.0	83.3	1007.8	0.5
20141109	11.3	0.0	63.9	1005.6	2.0
20141110	7.3	0.0	63.9	1005.6	0.6
20141111	7.4	0.0	65.9	1000.1	0.6
20141112	9.4	0.4	50.3	996.9	4.9
20141113	3.9	0.0	43.1	1005.4	5.3
20141114	5.4	0.0	51.3	1008.4	1.7
20141115	6.5	0.0	53.6	1011.6	1.4
20141116	8.9	0.0	48.4	1008.2	1.0
20141117	7.2	0.1	59.0	1007.4	2.0
20141118	7.0	0.0	44.0	1010.2	2.6
20141119	4.1	0.0	55.4	1010.4	0.6
20141120	4.6	0.0	57.8	1008.4	0.6
20141121	5.7	0.0	65.3	1007.4	0.6
20141122	8.3	0.0	66.4	1007.6	0.6
20141123	9.0	0.0	73.4	1008.2	0.8
20141124	9.9	61.5	94.6	1002.8	0.6
20141125	9.6	1.5	89.6	1000.3	0.5
20141126	8.6	0.0	79.5	1002.2	0.6
20141127	6.8	0.0	89.4	1006.9	0.7
20141128	8.7	4.0	93.9	1000.2	1.4
20141129	11.4	0.0	61.0	1003.1	2.2
20141130	10.9	7.0	84.5	995.4	1.4
20141201	3.8	0.0	51.8	995.9	7.7
20141202	-1.2	0.0	40.3	1003.9	6.0
20141203	3.1	0.0	51.8	1002.5	3.6
20141204	2.0	0.3	60.0	1001.3	2.9
20141205	-1.2	0.0	46.8	1002.7	3.9
20141206	0.1	0.0	44.6	1005.5	4.4
20141207	0.2	0.0	48.8	1008.7	1.8
20141208	0.9	0.5	60.9	1011.3	1.8
20141209	0.4	0.0	42.0	1016.4	1.3
20141210	4.4	0.0	55.9	1007.7	1.4
20141211	4.3	0.0	48.0	1004.4	4.4
20141212	1.3	0.0	51.5	1005.1	3.4
20141213	-0.4	0.0	48.8	1007.8	4.2
20141214	-0.9	0.0	46.1	1012.0	2.3
20141215	2.2	0.1	60.0	1009.0	1.2
20141216	0.2	1.0	55.4	1000.3	5.4
20141217	-4.3	0.0	41.5	1005.2	6.3
20141218	-2.3	0.0	30.6	1014.3	4.3
20141219	-2.7	0.0	55.6	1012.4	0.4
20141220	0.8	0.2	55.5	1003.3	3.1
20141221	-1.4	0.0	44.0	1005.3	3.0
20141222	-0.2	0.0	52.8	1007.1	3.1
20141223	1.0	0.0	58.9	1008.8	0.9
20141224	3.1	0.0	57.6	1004.7	3.0
20141225	1.5	0.0	32.4	1008.7	3.5
20141226	-1.1	0.0	42.9	1011.7	1.2
20141227	-2.0	0.0	51.6	1012.4	0.5
20141228	-0.8	0.0	55.8	1004.6	0.6
20141229	2.8	0.0	58.4	998.6	1.5
20141230	6.0	0.0	36.0	1000.2	3.0
20141231	0.0	4.5	59.6	999.2	3.7
20150101	-3.4	0.0	35.1	1005.2	5.9
20150102	-1.8	0.0	44.3	1006.7	4.5
20150103	-2.7	0.0	43.3	1006.0	0.8
20150104	2.3	0.0	57.9	1001.2	1.3
20150105	2.7	3.0	69.3	1000.6	0.7
20150106	4.1	2.5	40.6	996.1	3.8
20150107	-0.5	0.0	21.1	1003.0	4.4
20150108	0.1	0.0	30.3	1006.9	3.0
20150109	2.6	0.0	39.6	1007.0	4.6
20150110	3.2	0.0	34.5	1006.2	3.7
20150111	1.6	0.0	44.0	1006.2	3.9
20150112	-1.1	0.0	37.9	1016.1	1.5
20150113	-0.4	0.0	54.1	1016.8	0.5
20150114	2.3	0.0	58.4	1009.2	0.5
20150115	3.6	0.0	53.9	1004.4	1.2
20150116	1.3	0.0	61.4	1003.4	2.8
20150117	0.7	0.0	29.8	1009.2	5.0
20150118	0.7	0.0	37.5	1005.4	1.8
20150119	3.9	0.0	40.8	1005.3	5.4
20150120	0.7	0.0	48.4	1009.6	0.8
20150121	1.4	4.0	71.4	1005.1	0.5
20150122	3.5	0.5	77.8	1000.7	1.7
20150123	1.1	0.0	72.0	1005.1	0.6
20150124	2.1	0.0	61.5	1008.8	1.5
20150125	1.6	7.0	84.8	1008.5	0.5
20150126	7.0	1.5	79.9	1001.6	1.7
20150127	2.5	0.0	44.0	1005.1	3.1
20150128	-0.6	0.0	42.1	1009.8	1.9
20150129	0.4	0.4	78.1	1009.0	0.5
20150130	0.8	0.5	49.9	1006.8	3.8
20150131	-1.6	0.0	36.3	1013.0	3.1
20150201	-1.7	0.0	49.0	1014.3	0.8
20150202	0.3	0.0	50.5	1013.3	0.6
20150203	1.1	0.0	54.1	1010.9	0.8
20150204	1.6	0.0	48.9	1005.3	2.8
20150205	1.8	0.0	40.5	1005.6	3.7
20150206	2.4	0.0	43.6	1007.7	1.7
20150207	2.2	0.0	52.9	1003.7	2.5
20150208	-3.7	0.0	29.9	1006.5	6.4
20150209	-2.9	0.0	28.0	1009.3	4.9
20150210	4.1	0.0	38.3	1001.9	4.4
20150211	5.2	0.0	42.0	996.5	2.6
20150212	2.0	0.0	31.6	996.0	
20150213	0.2	0.0	27.5	1002.3	4.1
20150214	1.8	0.0	48.5	1005.0	1.4
20150215	3.8	4.0	69.6	1004.8	0.8
20150216	4.8	16.0	96.0	998.7	0.5
20150217	4.2	0.0	54.6	999.1	4.3
20150218	2.9	0.0	51.4	1003.6	3.9
20150219	3.1	0.0	50.5	1008.7	1.3
20150220	3.7	0.0	59.4	1009.7	1.5
20150221	6.4	16.5	83.5	1002.5	1.7
20150222	7.4	0.5	66.0	999.1	2.9
20150223	4.4	0.0	40.5	1001.6	3.1
20150224	4.4	0.0	39.8	1001.1	1.9
20150225	4.1	0.0	54.1	1002.4	0.9
20150226	3.7	0.0	44.3	1001.3	4.3
20150227	0.3	0.0	29.3	1008.6	3.7
20150228	-0.2	3.0	64.3	1009.7	0.7
20150301	2.9	1.5	62.1	1002.2	3.4
20150302	3.9	0.0	39.8	1002.5	1.4
20150303	1.6	4.0	73.5	996.7	1.1
20150304	0.4	0.0	31.1	1002.9	5.7
20150305	1.5	0.0	33.8	1008.3	1.4
20150306	3.7	0.0	49.6	1006.7	1.1
20150307	5.0	0.0	47.3	1005.8	0.9
20150308	5.7	0.0	42.5	1005.8	1.0
20150309	5.2	0.0	36.8	1001.6	5.1
20150310	-1.4	0.0	26.3	1005.6	7.2
20150311	3.8	0.0	31.8	1003.8	5.9
20150312	4.3	0.0	24.8	1002.9	3.8
20150313	2.8	0.4	68.1	1003.0	0.7
20150314	5.5	0.0	53.9	1005.9	1.3
20150315	7.0	0.0	44.0	1004.8	1.0
20150316	9.9	0.0	37.3	1003.7	1.2
20150317	12.0	0.0	46.5	1000.7	1.2
20150318	9.3	52.5	89.6	994.8	0.7
20150319	12.3	0.5	76.1	996.7	1.2
20150320	13.6	0.0	60.3	1000.1	1.3
20150321	13.4	0.0	40.6	999.2	1.5
20150322	10.9	0.0	27.9	1002.8	3.4
20150323	6.3	0.0	22.6	1008.0	4.6
20150324	5.4	0.0	35.9	1013.3	1.5
20150325	5.9	0.0	43.0	1017.0	1.2
20150326	7.7	0.0	40.5	1015.4	1.0
20150327	8.8	0.0	40.8	1009.2	1.1
20150328	10.6	0.0	42.8	1001.5	1.0
20150329	14.0	0.0	40.9	1000.1	1.8
20150330	12.6	0.0	65.0	1002.3	1.7
20150331	11.4	0.4	93.6	999.3	1.1
20150401	12.4	0.1	83.8	998.7	
20150402	12.4	10.5	80.5	992.9	3.0
20150403	16.9	3.5	67.3	988.9	2.7
20150404	11.6	19.0	65.4	998.3	2.2
20150405	10.5	1.0	90.0	997.7	1.4
20150406	11.5	8.5	91.9	1000.5	0.7
20150407	8.3	0.5	79.1	1006.2	0.9
20150408	8.7	1.0	68.0	1008.7	1.2
20150409	10.7	0.0	55.1	1007.5	1.3
20150410	11.6	0.0	57.6	1005.2	1.4
20150411	12.4	0.0	48.8	1008.5	1.4
20150412	11.9	0.0	47.4	1007.6	1.5
20150413	9.3	13.0	86.6	1000.4	1.3
20150414	8.6	19.5	76.8	991.4	1.4
20150415	12.9	0.0	46.4	992.9	3.4
20150416	11.1	1.0	59.0	993.8	2.8
20150417	11.4	0.0	33.8	1000.7	1.5
20150418	11.6	1.5	51.5	1000.0	1.7
20150419	13.7	7.0	96.5	991.1	1.3
20150420	13.2	15.5	99.1	989.2	1.1
20150421	13.9	0.0	63.5	999.2	1.4
20150422	14.2	0.0	45.3	1001.8	2.0
20150423	13.4	0.0	51.5	1004.6	1.3
20150424	18.1	0.0	33.8	1002.4	2.0
20150425	16.3	0.0	37.0	1003.2	1.5
20150426	18.6	0.0	32.3	1002.2	1.6
20150427	17.9	0.0	37.8	1000.3	1.4
20150428	14.5	4.0	74.9	998.2	1.5
20150429	14.8	60.0	97.4	996.2	0.8
20150430	17.9	0.0	76.9	997.0	0.9
20150501	19.5	0.0	68.9	997.6	1.3
20150502	19.0	0.0	72.4	996.4	1.8
20150503	17.1	28.5	95.8	990.4	2.1
20150504	17.7	0.0	36.4	992.3	4.7
20150505	14.1	0.0	41.5	995.1	1.4
20150506	14.4	0.0	56.3	995.2	1.3
20150507	16.7	0.0	49.5	995.9	1.5
20150508	17.5	0.0	46.3	996.6	1.4
20150509	18.2	0.5	65.0	996.2	1.2
20150510	17.1	0.0	67.4	1001.3	2.1
20150511	15.5	43.0	74.1	996.5	3.0
20150512	17.8	11.5	44.6	986.0	4.0
20150513	20.2	0.0	37.5	990.3	3.5
20150514	18.8	0.0	70.3	992.7	1.8
20150515	21.4	1.5	76.0	992.1	1.5
20150516	19.6	0.1	52.6	993.3	1.7
20150517	16.9	0.0	44.8	995.0	1.3
20150518	13.6	6.5	84.1	990.1	0.7
20150519	18.9	0.0	67.3	989.7	1.2
20150520	18.0	0.0	38.3	992.0	3.2
20150521	18.6	0.0	43.0	997.8	2.1
20150522	20.3	0.0	41.3	997.8	1.2
20150523	18.9	0.0	56.3	994.9	0.9
20150524	20.0	0.0	54.3	992.1	1.0
20150525	21.5	0.0	45.5	992.4	1.3
20150526	22.4	0.0	42.1	994.8	
20150527	22.0	0.0	42.9	994.2	1.4
20150528	21.9	0.0	45.4	993.4	1.2
20150529	21.7	0.0	48.4	991.6	1.4
20150530	19.0	4.5	78.1	989.1	1.0
20150531	20.7	0.0	62.8	992.0	1.5
20150601	21.8	0.0	62.3	993.9	1.5
20150602	20.2	0.0	74.1	992.0	1.1
20150603	23.2	0.0	34.9	990.4	3.2
20150604	21.0	0.0	40.9	994.2	1.4
20150605	15.2	6.0	76.8	991.4	0.9
20150606	18.1	0.0	65.3	997.3	1.8
20150607	19.0	0.0	61.1	998.2	1.6
20150608	18.1	9.0	85.1	992.0	1.1
20150609	21.5	0.0	73.8	990.8	1.2
20150610	23.0	0.0	58.9	992.4	1.5
20150611	20.3	0.2	78.1	987.9	0.9
20150612	24.0	0.0	55.3	988.4	1.5
20150613	20.6	0.0	70.8	991.7	1.9
20150614	20.9	0.5	77.1	992.2	1.1
20150615	22.6	0.1	77.5	991.4	1.6
20150616	23.6	0.0	73.5	988.9	1.5
20150617	20.3	0.0	79.4	989.3	2.0
20150618	21.9	0.0	64.5	989.8	1.1
20150619	22.9	14.5	61.9	992.3	1.4
20150620	20.0	11.0	86.8	993.2	1.4
20150621	20.4	0.0	78.9	994.3	1.3
20150622	21.0	0.0	74.4	994.6	1.6
20150623	22.9	0.0	69.1	994.6	1.5
20150624	21.7	0.0	73.9	993.5	1.2
20150625	21.6	24.5	77.5	987.8	1.4
20150626	21.9	10.5	79.5	979.9	2.0
20150627	20.9	0.4	82.4	990.4	1.3
20150628	22.9	0.0	72.1	993.9	1.4
20150629	22.6	0.0	68.8	991.4	1.6
20150630	19.6	19.0	87.6	983.7	0.8
20150701	23.0	0.5	65.5	981.0	2.4
20150702	21.5	0.0	64.1	986.2	1.3
20150703	22.6	0.0	59.3	989.5	1.5
20150704	20.2	0.0	68.0	993.9	1.6
20150705	22.3	0.0	67.5	995.2	1.5
20150706	22.0	0.0	75.3	995.4	1.2
20150707	18.6	26.5	91.1	994.8	0.9
20150708	20.1	28.5	99.0	995.3	0.8
20150709	21.7	41.5	96.1	998.9	0.7
20150710	24.5	0.0	80.4	997.7	0.9
20150711	24.8	25.0	86.6	994.1	1.4
20150712	23.4	273.5	94.1	981.2	4.4
20150713	23.5	1.5	79.6	981.8	2.9
20150714	25.0	0.0	76.1	988.4	1.2
20150715	25.4	0.0	72.0	990.1	1.2
20150716	22.5	0.0	67.1	989.9	1.1
20150717	20.2	0.5	71.3	990.4	1.2
20150718	22.8	0.0	74.9	993.4	1.3
20150719	24.2	0.3	77.1	994.8	1.2
20150720	24.0	2.0	89.3	993.4	0.8
20150721	24.7	4.0	87.6	991.7	1.7
20150722	25.5	1.0	83.0	990.9	1.9
20150723	25.5	10.5	87.1	992.3	1.4
20150724	25.6	6.0	83.6	990.8	2.7
20150725	26.1	0.0	73.6	992.1	2.9
20150726	26.7	0.0	72.9	992.0	1.1
20150727	27.4	0.0	72.4	992.1	1.2
20150728	27.4	6.0	71.5	992.5	1.3
20150729	27.4	0.0	77.5	991.8	0.7
20150730	28.3	0.0	75.5	993.3	1.3
20150731	27.8	0.0	78.3	993.9	1.5
20150801	26.9	0.0	74.3	994.7	1.5
20150802	26.6	0.0	76.8	995.3	1.3
20150803	27.8	0.0	69.1	994.3	1.7
20150804	27.0	0.0	71.4	992.8	1.3
20150805	27.6	0.0	68.1	993.1	1.3
20150806	28.0	0.0	69.0	996.0	1.2
20150807	28.0	0.0	67.6	999.0	1.0
20150808	27.5	0.0	70.8	997.7	1.4
20150809	27.5	0.0	62.9	994.8	1.4
20150810	26.1	0.0	67.0	993.5	1.0
20150811	22.3	18.5	79.8	992.7	1.1
20150812	21.0	15.5	96.6	988.9	0.8
20150813	24.2	0.3	80.3	989.5	1.1
20150814	24.8	0.0	71.8	990.5	1.1
20150815	25.3	0.0	71.5	992.4	1.4
20150816	24.3	21.0	82.4	991.6	0.8
20150817	24.3	0.1	73.3	992.3	1.2
20150818	22.9	0.0	79.9	997.1	0.7
20150819	23.9	0.0	78.8	997.5	0.9
20150820	22.4	10.5	94.3	994.3	0.7
20150821	22.8	70.0	87.1	988.6	0.9
20150822	23.1	0.0	83.4	990.3	0.7
20150823	23.5	0.0	82.0	991.4	0.6
20150824	23.3	0.5	82.8	990.7	0.8
20150825	21.1	28.0	91.9	982.8	1.8
20150826	22.3	0.1	75.5	989.5	1.2
20150827	22.0	0.0	78.5	992.4	1.0
20150828	21.4	27.0	89.5	993.0	1.1
20150829	22.0	0.0	79.4	993.3	0.8
20150830	21.7	0.0	81.8	995.3	1.1
20150831	22.4	0.0	79.8	995.9	0.9
20150901	21.9	12.0	82.8	994.6	0.8
20150902	22.2	10.0	87.5	996.5	1.6
20150903	22.4	0.1	77.1	995.1	1.2
20150904	23.1	0.0	70.1	996.6	1.5
20150905	21.0	28.0	87.1	993.5	1.3
20150906	19.8	17.0	84.1	990.6	1.2
20150907	19.5	0.0	74.3	996.3	0.9
20150908	17.9	0.0	74.0	999.7	1.2
20150909	18.6	0.0	67.5	998.9	1.3
20150910	19.2	0.0	68.0	998.0	0.8
20150911	20.3	0.5	77.4	994.7	0.8
20150912	18.5	0.5	79.9	993.7	1.0
20150913	18.1	0.0	65.1	1000.7	1.7
20150914	17.2	0.0	67.4	1005.8	1.0
20150915	16.6	0.0	69.8	1004.8	1.0
20150916	16.9	0.4	76.9	1001.4	0.8
20150917	19.1	1.0	73.8	1000.2	1.5
20150918	20.2	0.0	67.4	1000.4	0.9
20150919	19.7	0.0	75.1	997.8	0.9
20150920	20.3	0.0	70.6	996.6	0.8
20150921	20.3	0.0	68.0	998.5	1.0
20150922	18.7	0.0	71.9	1000.5	0.9
20150923	16.3	22.0	90.6	995.7	0.6
20150924	19.3	0.1	85.5	991.2	0.9
20150925	19.5	0.0	80.5	992.0	0.8
20150926	19.1	0.0	76.4	995.3	1.1
20150927	18.4	0.0	76.3	999.0	0.9
20150928	19.3	0.0	71.5	1002.9	1.0
20150929	19.9	0.0	59.6	1006.9	1.2
20150930	17.8	0.0	69.0	1006.3	1.1
20151001	17.6	47.0	81.8	988.4	2.5
20151002	16.4	0.0	36.1	998.8	3.5
20151003	17.8	0.0	60.5	1003.3	1.8
20151004	17.2	0.0	55.6	1008.6	1.0
20151005	16.0	0.0	64.0	1007.2	0.7
20151006	15.4	0.0	67.9	1004.6	0.8
20151007	15.2	0.0	68.3	1001.7	0.6
20151008	15.4	0.0	73.5	996.6	0.7
20151009	16.0	0.0	49.0	995.1	2.8
20151010	13.0	2.0	69.9	994.8	1.0
20151011	13.6	0.5	55.4	997.6	2.5
20151012	14.6	0.0	49.5	1000.8	3.1
20151013	15.5	0.0	46.5	1003.9	2.2
20151014	15.8	0.0	57.8	1004.1	1.1
20151015	14.7	0.0	70.4	1003.8	0.7
20151016	14.9	0.0	74.1	1003.3	0.8
20151017	14.6	0.0	69.5	1004.4	0.8
20151018	14.7	0.0	65.9	1003.5	0.6
20151019	15.0	0.0	69.3	1001.5	0.6
20151020	15.6	0.0	73.0	1000.9	0.7
20151021	15.7	0.0	78.8	1002.7	0.6
20151022	15.6	0.0	77.5	1005.1	0.9
20151023	15.7	0.0	74.9	1003.2	0.6
20151024	15.1	0.0	75.9	1002.2	1.7
20151025	13.6	0.0	64.8	1007.7	1.1
20151026	12.7	0.0	64.9	1004.4	1.3
20151027	12.7	11.5	66.4	995.3	2.8
20151028	11.1	0.0	51.1	1003.3	2.0
20151029	11.0	0.0	63.1	1005.5	1.1
20151030	9.1	0.0	44.5	1009.3	2.2
20151031	6.6	0.0	47.6	1012.0	1.8
20151101	5.1	0.0	67.5	1009.2	0.5
20151102	9.9	0.0	56.1	1006.3	1.8
20151103	11.4	0.0	57.5	1011.8	0.9
20151104	9.0	0.0	72.4	1012.3	0.6
20151105	12.5	0.0	65.5	1008.7	0.7
20151106	13.0	4.5	70.3	1009.6	1.2
20151107	12.6	28.0	95.9	1006.0	0.5
20151108	14.7	2.5	95.1	999.5	0.7
20151109	14.2	2.0	68.3	1000.4	2.3
20151110	11.1	0.0	68.3	1005.9	0.9
20151111	11.3	0.0	73.8	1011.2	0.6
20151112	13.3	0.0	64.8	1012.5	0.9
20151113	10.9	42.0	92.5	1004.6	0.7
20151114	14.0	1.0	85.4	997.5	0.8
20151115	13.8	0.5	65.6	1003.3	0.9
20151116	11.1	6.5	88.4	1001.0	0.9
20151117	15.1	0.3	82.0	1001.2	0.9
20151118	11.8	13.5	84.8	1003.4	1.2
20151119	10.3	0.2	84.8	1006.3	0.8
20151120	11.5	0.0	73.9	1006.6	1.0
20151121	7.7	1.0	94.1	1010.0	0.6
20151122	11.7	0.0	81.5	1010.2	0.8
20151123	11.8	0.4	81.9	1006.9	0.8
20151124	11.0	0.0	56.3	1006.9	1.9
20151125	6.8	5.0	73.6	1001.3	2.0
20151126	1.5	0.5	60.4	998.6	3.9
20151127	3.2	0.0	49.5	1007.0	3.3
20151128	4.2	0.0	58.3	1012.3	1.3
20151129	5.9	0.0	65.1	1010.0	0.5
20151130	7.0	0.6	67.1	1006.6	1.7
20151201	4.5	0.0	74.0	1008.3	0.8
20151202	5.8	1.5	74.8	1000.4	1.8
20151203	3.8	0.5	49.4	997.7	4.9
20151204	4.6	0.0	51.3	1004.1	5.4
20151205	6.8	0.0	43.8	1007.8	3.8
20151206	4.4	0.0	61.3	1010.2	0.6
20151207	3.3	0.0	65.3	1012.1	0.6
20151208	3.5	0.0	62.3	1014.6	0.6
20151209	5.4	0.0	73.1	1013.2	0.6
20151210	8.1	22.5	90.4	1001.1	0.4
20151211	8.3	7.5	87.4	999.9	1.0
20151212	5.3	0.0	68.6	1007.9	0.5
20151213	7.7	0.0	67.0	1006.5	0.7
20151214	6.9	5.0	86.1	1003.4	0.9
20151215	8.4	0.5	55.9	1000.8	3.5
20151216	2.9	0.7	51.9	1001.6	3.8
20151217	-0.5	0.0	33.6	1008.8	5.1
20151218	0.5	0.0	50.0	1014.3	2.4
20151219	1.3	0.0	61.1	1017.1	0.5
20151220	1.6	0.5	68.9	1012.3	0.3
20151221	4.9	0.5	77.0	1009.2	1.1
20151222	4.1	0.2	73.4	1010.8	0.9
20151223	6.8	3.5	90.1	1004.5	0.5
20151224	5.7	0.0	61.9	1002.1	2.1
20151225	2.3	0.0	30.5	1003.5	2.5
20151226	4.1	0.0	48.8	1003.3	1.9
20151227	1.6	0.0	37.5	1010.2	2.3
20151228	-0.1	0.0	35.8	1014.1	3.9
20151229	0.7	0.0	35.8	1014.8	2.4
20151230	-0.2	0.0	55.9	1012.2	0.8
20151231	2.1	0.3	60.0	1012.9	2.0
20160101	0.5	0.0	61.8	1013.7	0.7
20160102	2.8	0.0	68.1	1007.0	0.6
20160103	4.3	0.0	73.3	1002.7	0.7
20160104	8.5	0.0	35.4	1004.7	2.5
20160105	2.7	0.0	31.5	1007.8	1.1
20160106	2.7	0.0	34.6	1006.7	3.0
20160107	2.7	0.0	37.5	1005.9	4.6
20160108	1.9	0.0	38.5	1005.1	4.1
20160109	3.4	0.0	37.0	1007.3	3.7
20160110	3.7	0.0	39.1	1008.2	2.6
20160111	1.6	0.0	29.9	1007.3	2.4
20160112	-0.3	0.0	30.8	1005.1	2.5
20160113	0.7	0.0	44.8	1002.7	3.1
20160114	0.4	0.0	47.0	1004.3	2.6
20160115	-0.7	0.0	59.9	1004.6	0.7
20160116	0.3	0.0	57.8	1005.3	0.7
20160117	0.0	2.0	76.5	999.9	0.5
20160118	-0.6	0.0	52.3	995.6	5.5
20160119	-5.5	0.0	40.3	1002.5	7.6
20160120	-4.2	0.0	34.9	1010.5	3.5
20160121	-2.7	0.0	30.1	1009.1	2.5
20160122	-1.1	0.0	18.0	1011.4	3.1
20160123	-5.3	0.0	32.0	1010.1	4.0
20160124	-9.1	1.0	47.3	1006.5	3.8
20160125	-3.4	0.0	43.3	1010.0	4.4
20160126	1.2	0.0	42.9	1009.9	3.7
20160127	2.3	0.0	40.8	1012.2	1.9
20160128	0.1	13.0	71.0	1010.8	0.6
20160129	1.7	15.0	91.5	1006.5	0.5
20160130	2.8	0.0	82.9	1008.1	0.6
20160131	0.5	0.0	51.3	1010.3	2.7
20160201	-1.5	0.0	35.1	1010.0	4.3
20160202	-1.5	0.0	31.6	1009.4	2.5
20160203	-0.6	0.0	39.9	1009.9	2.5
20160204	2.5	0.0	31.4	1008.0	3.2
20160205	1.9	0.0	23.9	1005.5	3.1
20160206	-0.2	0.0	37.8	1005.0	3.8
20160207	-1.4	0.0	38.9	1005.1	1.1
20160208	2.7	0.0	35.6	1000.7	2.0
20160209	3.6	0.0	28.5	1004.5	4.7
20160210	2.6	0.0	39.3	1009.4	1.2
20160211	6.2	0.0	47.9	1009.8	1.9
20160212	11.4	25.5	86.5	1002.5	2.3
20160213	13.2	15.0	90.0	991.9	1.1
20160214	1.7	0.0	52.3	996.3	6.3
20160215	-2.4	0.0	36.3	1003.0	5.2
20160216	1.1	0.0	46.8	1002.0	4.8
20160217	1.9	0.1	44.1	1007.4	3.0
20160218	2.8	0.0	48.8	1006.6	1.4
20160219	6.3	0.0	40.6	1008.8	1.1
20160220	4.9	0.0	38.6	1004.3	2.6
20160221	1.6	0.0	31.5	1012.5	2.8
20160222	2.5	0.0	40.6	1012.7	0.5
20160223	4.5	0.0	32.8	1010.8	3.1
20160224	-0.2	0.0	30.4	1014.6	3.3
20160225	0.2	0.0	32.1	1016.4	2.5
20160226	0.3	0.7	74.0	1012.0	0.7
20160227	6.5	0.0	51.8	1006.7	1.9
20160228	4.7	4.5	62.6	1003.7	2.7
20160229	-1.9	1.0	47.9	1007.6	5.2
20160301	-0.5	0.0	34.1	1010.4	3.2
20160302	2.5	0.0	43.4	1009.0	0.9
20160303	6.2	0.0	53.9	1007.5	1.2
20160304	7.1	15.5	88.5	1009.1	0.6
20160305	12.3	43.0	92.4	1004.1	2.4
20160306	13.3	2.0	65.8	1001.1	1.1
20160307	10.1	0.0	65.8	1001.3	1.3
20160308	7.5	3.5	44.4	1003.7	2.7
20160309	5.2	0.1	46.4	1003.3	2.2
20160310	2.6	0.0	23.5	1007.0	3.7
20160311	1.9	0.0	30.3	1006.9	3.5
20160312	3.0	0.0	32.6	1007.8	1.3
20160313	4.0	0.0	48.0	1006.3	0.9
20160314	4.9	0.0	46.9	1004.2	2.1
20160315	5.9	0.0	43.9	1006.0	1.2
20160316	9.2	0.0	32.8	1004.5	1.2
20160317	9.8	0.0	41.3	1003.3	1.4
20160318	10.2	8.5	85.4	995.7	0.5
20160319	12.4	0.0	68.9	997.0	1.8
20160320	9.1	0.0	62.9	1004.0	1.9
20160321	10.3	0.0	53.3	1006.0	1.4
20160322	10.8	0.0	38.0	1001.4	1.6
20160323	10.5	0.0	29.4	1000.9	2.3
20160324	7.2	0.3	41.9	1006.4	1.8
20160325	6.3	1.0	69.1	1007.0	1.5
20160326	5.7	1.0	63.0	1004.0	1.4
20160327	7.3	0.1	51.5	1003.0	1.9
20160328	9.0	0.0	39.9	1004.8	1.5
20160329	10.3	0.0	56.6	1003.8	1.4
20160330	12.9	0.0	53.0	1002.3	1.0
20160331	12.0	0.0	53.9	1000.0	1.0
20160401	14.1	0.0	49.3	998.8	1.4
20160402	13.5	0.0	63.0	1002.3	1.6
20160403	11.4	21.0	92.0	1000.2	0.6
20160404	11.0	2.5	89.0	997.2	0.8
20160405	13.0	0.0	54.4	999.5	1.3
20160406	11.2	29.5	60.8	1000.3	1.2
20160407	12.7	22.5	81.5	992.1	1.3
20160408	15.7	0.0	48.8	998.5	2.1
20160409	15.8	0.0	49.0	997.5	1.1
20160410	15.5	0.0	55.1	996.0	1.7
20160411	10.8	0.0	67.1	1003.2	2.4
20160412	12.3	3.5	51.0	1000.1	2.6
20160413	13.9	14.0	89.4	991.1	1.4
20160414	17.1	0.0	51.4	995.0	2.4
20160415	13.4	0.0	57.3	1003.2	1.8
20160416	13.0	45.5	82.3	993.0	2.7
20160417	14.0	5.0	42.0	990.4	6.0
20160418	14.4	0.0	35.1	999.1	3.5
20160419	14.3	0.0	39.4	1005.4	2.5
20160420	13.6	0.0	58.0	1003.0	2.5
20160421	14.9	29.0	82.6	989.1	2.5
20160422	18.4	0.0	50.5	993.1	1.7
20160423	16.6	0.0	44.6	996.2	1.4
20160424	15.8	0.0	38.9	998.3	1.7
20160425	16.6	0.0	47.8	1001.0	1.2
20160426	17.4	0.2	56.3	999.0	1.5
20160427	11.5	53.0	90.0	992.5	1.3
20160428	13.9	6.5	76.4	991.3	1.4
20160429	14.6	1.5	68.8	996.3	1.6
20160430	15.8	0.0	61.3	996.8	1.4
20160501	16.8	0.0	62.4	998.6	1.5
20160502	17.1	0.5	75.9	997.6	2.5
20160503	16.1	53.0	69.8	983.0	5.5
20160504	18.7	0.0	26.0	990.3	6.0
20160505	17.4	0.0	43.0	998.6	2.4
20160506	18.4	0.3	79.1	991.2	3.3
20160507	18.2	0.0	40.4	997.2	3.3
20160508	16.3	0.0	49.3	1000.5	1.4
20160509	17.8	0.2	56.4	994.4	0.9
20160510	14.1	24.0	88.3	989.1	1.0
20160511	16.2	0.5	74.9	993.3	1.5
20160512	17.8	0.0	62.6	997.6	1.7
20160513	16.9	0.0	67.9	1003.3	1.5
20160514	17.5	0.0	61.0	1005.8	1.7
20160515	18.2	5.0	73.9	995.1	2.7
20160516	14.6	9.0	52.6	994.3	3.5
20160517	17.5	0.0	51.3	999.4	0.9
20160518	19.8	0.0	52.0	1001.8	1.0
20160519	18.8	0.0	56.3	1002.0	0.9
20160520	19.3	0.0	52.0	1001.8	1.1
20160521	19.4	0.0	53.3	1002.3	1.2
20160522	19.3	0.0	53.8	1000.7	1.0
20160523	20.5	0.0	53.0	997.4	1.9
20160524	18.5	18.5	81.9	991.4	2.1
20160525	19.1	0.0	62.0	994.0	1.4
20160526	20.8	0.0	60.1	993.9	1.4
20160527	22.6	0.0	54.5	995.0	1.3
20160528	21.0	0.0	56.6	992.1	1.0
20160529	20.1	0.2	67.4	988.6	1.2
20160530	23.0	0.0	51.5	990.4	1.4
20160531	22.4	0.0	51.6	991.1	1.3
20160601	20.9	0.0	54.3	991.6	1.6
20160602	19.7	0.0	52.4	994.7	1.5
20160603	21.2	0.0	55.8	995.0	1.3
20160604	17.0	12.0	82.8	993.5	0.7
20160605	20.0	0.0	64.9	995.1	1.7
20160606	17.7	1.4	86.1	997.4	0.5
20160607	21.4	0.2	77.5	994.4	1.0
20160608	21.0	0.5	85.0	993.6	0.6
20160609	22.3	0.0	73.9	994.9	1.2
20160610	22.9	0.0	70.1	996.4	1.6
20160611	23.2	0.0	75.3	994.7	1.8
20160612	22.5	0.0	82.5	990.1	0.7
20160613	23.3	0.0	75.6	986.0	1.9
20160614	22.9	0.0	72.5	987.6	2.1
20160615	21.8	0.0	76.5	986.5	2.0
20160616	22.8	6.5	67.4	984.2	2.5
20160617	23.8	0.0	55.4	992.6	1.6
20160618	22.9	0.5	68.4	995.7	2.0
20160619	24.6	5.5	65.6	992.3	1.6
20160620	21.6	1.5	81.4	991.0	0.8
20160621	22.6	0.5	85.8	991.8	1.4
20160622	21.7	6.0	88.9	990.1	1.3
20160623	24.3	0.0	72.0	990.4	1.6
20160624	21.9	31.0	79.6	984.1	2.3
20160625	23.5	0.0	49.8	988.6	3.0
20160626	23.4	0.0	56.8	993.5	2.3
20160627	20.9	0.0	78.1	994.4	1.2
20160628	21.6	0.0	71.6	995.5	1.3
20160629	21.7	0.5	79.1	995.7	1.4
20160630	23.6	7.0	79.3	995.3	1.5
20160701	23.8	51.5	84.3	991.2	2.3
20160702	23.3	49.0	89.0	989.5	1.4
20160703	21.4	60.5	91.4	994.0	1.2
20160704	23.7	1.5	88.9	994.3	1.5
20160705	27.2	1.5	73.0	996.1	2.4
20160706	25.6	42.5	86.0	998.3	1.3
20160707	25.8	0.1	80.4	998.4	1.0
20160708	24.9	0.0	76.5	994.2	1.4
20160709	26.6	2.0	73.6	990.4	1.2
20160710	26.7	0.0	76.6	988.9	1.1
20160711	24.5	0.5	86.4	988.9	0.9
20160712	24.2	2.0	86.8	986.7	1.2
20160713	26.4	0.4	74.4	985.1	1.0
20160714	26.5	0.0	64.3	985.8	1.7
20160715	25.1	0.0	64.3	988.7	1.8
20160716	21.5	4.5	87.6	986.5	2.2
20160717	24.5	0.1	70.9	991.3	1.6
20160718	24.5	0.0	72.3	994.0	1.0
20160719	24.7	0.0	74.3	995.8	1.5
20160720	24.7	0.0	75.0	997.0	1.3
20160721	24.3	0.0	74.9	996.6	1.5
20160722	23.9	0.0	78.6	995.5	1.2
20160723	25.5	0.0	73.8	994.7	1.6
20160724	27.1	0.0	75.9	995.2	1.4
20160725	27.6	1.0	77.9	995.1	1.1
20160726	28.5	0.0	75.0	992.3	1.2
20160727	28.5	0.0	69.9	990.3	1.2
20160728	28.0	0.5	73.6	991.1	1.1
20160729	28.4	0.0	74.0	993.9	1.4
20160730	29.3	0.0	71.6	995.5	1.1
20160731	27.3	0.0	75.1	995.8	1.3
20160801	25.7	17.0	82.8	994.8	1.3
20160802	25.3	1.5	83.5	993.6	1.1
20160803	25.8	0.1	77.6	993.9	1.1
20160804	27.2	0.0	72.8	994.2	1.3
20160805	27.9	0.0	71.8	994.4	1.0
20160806	27.8	0.0	69.5	992.9	1.3
20160807	27.4	0.0	71.8	991.8	1.3
20160808	26.7	44.5	77.6	991.8	1.2
20160809	27.1	0.0	78.1	993.1	1.2
20160810	29.1	0.0	70.9	994.0	0.9
20160811	29.6	0.0	70.0	993.7	1.0
20160812	29.7	0.0	67.8	991.7	0.9
20160813	29.3	0.0	64.8	990.1	1.1
20160814	29.3	0.0	65.9	988.6	1.3
20160815	28.8	0.0	70.4	986.2	1.3
20160816	27.8	0.0	68.9	985.8	1.3
20160817	26.8	3.0	74.1	988.1	1.2
20160818	28.0	0.0	67.5	990.3	1.0
20160819	27.9	0.0	65.6	991.1	1.1
20160820	27.8	0.0	64.4	990.8	1.1
20160821	27.0	0.0	64.9	990.5	0.9
20160822	27.9	0.0	66.5	990.5	1.3
20160823	27.6	0.0	67.0	991.0	1.7
20160824	27.4	0.0	56.5	991.3	1.2
20160825	26.7	0.0	61.3	989.8	1.0
20160826	21.8	11.5	81.0	992.5	1.3
20160827	22.0	1.0	65.5	992.8	1.1
20160828	18.5	36.0	87.4	987.5	1.4
20160829	21.1	0.5	58.6	985.1	2.5
20160830	21.2	0.0	59.5	978.0	3.7
20160831	23.1	0.2	47.1	979.0	4.3
20160901	23.5	22.0	68.6	987.7	1.7
20160902	18.8	62.0	93.3	992.0	1.0
20160903	22.1	4.0	87.4	993.2	1.0
20160904	25.2	1.0	78.3	994.6	1.1
20160905	24.1	1.5	86.3	994.2	0.6
20160906	22.9	0.0	82.0	993.4	0.7
20160907	22.7	0.1	75.6	990.4	0.9
20160908	22.5	0.0	70.9	991.1	1.1
20160909	23.1	0.4	71.5	993.9	0.8
20160910	21.2	5.0	82.4	996.7	1.0
20160911	22.0	2.0	81.6	999.1	0.7
20160912	20.6	11.5	86.3	1000.9	0.7
20160913	21.6	0.0	76.4	1002.2	1.1
20160914	21.6	0.0	78.8	1002.0	0.7
20160915	22.5	0.0	79.0	1000.4	0.8
20160916	20.9	4.5	91.1	999.2	0.6
20160917	18.9	161.0	94.6	994.7	0.8
20160918	18.5	23.5	94.0	995.1	0.9
20160919	19.1	0.5	76.9	995.7	1.1
20160920	17.8	0.0	65.0	999.7	1.5
20160921	16.8	0.0	77.4	1004.5	0.8
20160922	18.0	0.0	81.5	1002.2	0.7
20160923	19.4	0.0	77.9	1001.0	1.0
20160924	20.0	0.0	76.0	1000.4	0.7
20160925	19.5	0.0	78.4	1000.9	0.7
20160926	20.8	5.5	86.3	1000.7	0.7
20160927	24.1	0.5	82.9	999.1	0.9
20160928	21.4	12.0	92.1	998.1	0.6
20160929	18.4	4.0	88.0	1000.9	0.9
20160930	17.1	27.0	92.5	1000.1	0.5
20161001	19.1	2.0	88.5	1001.8	0.8
20161002	21.7	0.5	84.6	999.2	1.3
20161003	22.9	0.2	85.8	994.6	0.8
20161004	21.2	0.5	77.4	999.1	1.3
20161005	19.4	76.5	82.6	993.0	2.7
20161006	18.5	0.0	68.6	1003.8	0.9
20161007	17.6	3.5	82.8	1004.2	0.8
20161008	17.4	47.0	77.3	995.8	2.1
20161009	13.7	0.0	53.1	1001.3	2.4
20161010	13.3	0.0	76.0	1003.9	0.8
20161011	13.6	0.0	80.9	1003.7	0.7
20161012	15.2	0.0	71.4	1005.0	1.0
20161013	14.1	0.0	80.3	1006.7	0.5
20161014	13.9	0.0	74.3	1008.8	0.8
20161015	14.8	0.0	78.9	1009.2	0.7
20161016	14.6	53.5	93.8	1003.8	0.4
20161017	17.8	0.0	82.5	1000.6	0.9
20161018	15.1	0.0	84.0	1003.6	0.8
20161019	15.9	0.0	83.0	1002.0	0.8
20161020	15.3	0.0	78.9	1003.1	0.9
20161021	15.9	0.0	78.1	1004.0	0.8
20161022	16.3	0.1	79.3	998.2	0.7
20161023	14.6	0.1	73.9	999.7	1.1
20161024	14.5	0.0	70.0	1001.8	1.2
20161025	15.0	2.5	78.1	996.4	1.6
20161026	13.3	0.0	78.8	1002.8	1.0
20161027	13.2	0.0	76.6	1006.7	0.8
20161028	14.0	4.4	81.8	999.6	1.7
20161029	12.2	0.0	65.9	1007.3	1.6
20161030	9.1	0.0	58.5	1011.5	1.4
20161031	8.5	0.1	74.0	1009.2	1.1
20161101	6.4	0.0	42.9	1011.4	3.1
20161102	7.0	0.0	45.8	1009.6	2.9
20161103	8.6	0.0	66.8	1005.9	1.1
20161104	7.5	0.0	78.1	1001.6	0.7
20161105	10.6	0.0	76.0	998.7	1.0
20161106	10.8	0.0	80.8	1008.1	0.7
20161107	12.4	0.0	73.1	1007.0	0.9
20161108	10.4	0.0	49.3	1005.5	3.5
20161109	5.4	0.0	45.8	1010.5	1.4
20161110	8.4	0.1	70.6	1004.2	0.8
20161111	9.2	0.4	68.4	1003.2	1.8
20161112	7.6	0.0	76.5	1007.1	0.6
20161113	10.1	0.0	81.5	1006.1	0.6
20161114	14.0	2.8	92.3	999.8	0.7
20161115	12.2	0.0	41.8	1002.1	2.3
20161116	6.0	0.0	60.0	1006.0	0.5
20161117	9.5	0.0	58.9	1007.3	0.9
20161118	9.0	8.1	83.5	1002.8	0.5
20161119	14.7	1.0	82.9	997.6	1.1
20161120	14.2	0.0	62.3	1003.3	1.2
20161121	10.6	0.0	80.3	1001.8	0.4
20161122	8.3	0.0	56.1	1003.3	3.1
20161123	5.2	0.0	30.5	1007.0	2.8
20161124	2.3	0.0	37.1	1008.7	4.1
20161125	3.5	0.0	51.0	1009.9	2.2
20161126	-0.6	1.5	85.8	1007.8	0.8
20161127	4.4	0.2	73.3	1004.3	2.1
20161128	6.4	0.0	43.0	1009.3	2.8
20161129	4.4	0.0	41.4	1015.0	1.4
20161130	6.0	3.4	68.4	1010.1	1.0
20161201	8.1	0.1	46.6	1008.6	4.0
20161202	3.7	0.0	45.4	1012.5	1.5
20161203	2.8	0.0	60.1	1009.1	0.5
20161204	4.6	0.0	64.9	1002.0	0.9
20161205	8.1	0.0	63.6	1001.1	2.4
20161206	3.2	0.0	37.4	1007.4	3.2
20161207	0.0	0.0	70.4	1005.4	0.6
20161208	3.4	0.0	65.4	1002.0	0.6
20161209	5.8	0.0	51.5	1001.7	3.6
20161210	1.5	0.0	44.4	1007.8	1.5
20161211	-0.5	0.0	48.3	1010.5	0.5
20161212	2.2	0.0	54.3	1007.3	0.4
20161213	5.8	0.0	68.0	1000.7	1.0
20161214	2.4	0.0	49.0	1001.8	2.7
20161215	0.5	0.0	41.1	1004.9	4.6
20161216	0.4	0.0	28.8	1009.5	3.8
20161217	4.0	0.0	54.0	1012.5	2.0
20161218	1.9	0.0	72.5	1013.1	0.5
20161219	5.0	4.0	91.4	1008.6	0.4
20161220	7.6	0.0	82.4	1009.9	0.8
20161221	5.3	41.0	94.4	1006.6	0.6
20161222	9.1	14.5	72.5	993.9	4.0
20161223	2.8	0.2	57.4	1002.4	5.4
20161224	1.4	0.0	61.1	1011.6	1.3
20161225	2.8	0.0	75.8	1012.4	0.5
20161226	5.2	14.0	89.5	1002.8	0.9
20161227	2.5	0.1	47.8	1003.8	4.9
20161228	-1.6	0.0	53.5	1011.4	0.9
20161229	0.7	0.0	35.5	1011.3	3.7
20161230	-0.9	0.0	42.1	1014.3	1.2
20161231	2.5	0.0	60.8	1012.5	1.9
20170101	3.1	0.0	70.0	1010.8	0.8
20170102	6.3	0.0	66.9	1005.5	1.5
20170103	5.1	0.0	43.1	1006.1	1.6
20170104	4.0	0.0	60.0	1006.3	1.0
20170105	3.6	0.0	72.0	1009.9	0.7
20170106	5.0	0.0	67.6	1009.8	0.6
20170107	2.9	0.1	75.6	1004.6	0.4
20170108	7.0	3.5	77.3	996.9	0.8
20170109	5.3	0.0	53.8	999.2	4.6
20170110	2.0	0.0	43.6	1004.8	4.1
20170111	-0.3	0.0	36.3	1007.2	3.4
20170112	3.2	0.0	48.0	1000.4	4.3
20170113	0.2	0.1	45.3	998.8	4.9
20170114	-3.5	0.0	36.0	1005.2	5.8
20170115	-2.6	0.0	26.9	1008.8	2.9
20170116	-2.2	0.0	39.0	1010.6	1.1
20170117	-2.4	0.0	50.5	1013.8	0.4
20170118	0.4	0.0	51.3	1012.0	1.1
20170119	-0.3	0.0	53.0	1005.6	0.6
20170120	-0.9	0.2	54.5	1003.4	4.4
20170121	-1.5	0.0	54.9	1009.2	2.4
20170122	-1.9	0.0	45.8	1007.9	5.1
20170123	-3.7	0.0	41.3	1012.1	3.8
20170124	-2.3	0.0	43.3	1015.5	2.8
20170125	-3.2	0.0	51.1	1015.5	1.3
20170126	-1.8	0.0	47.6	1010.5	0.7
20170127	2.9	0.0	38.0	1008.2	2.9
20170128	2.1	0.0	41.3	1008.6	0.8
20170129	4.2	0.7	65.3	1000.9	0.6
20170130	0.6	0.5	46.9	1005.5	4.3
20170131	-1.4	0.0	42.4	1009.5	0.9
20170201	1.5	0.0	31.3	1009.1	4.1
20170202	2.5	0.0	19.4	1010.7	2.9
20170203	2.7	0.0	37.3	1008.3	1.2
20170204	5.8	0.1	41.1	1003.0	0.9
20170205	5.1	0.5	72.0	996.0	3.0
20170206	2.1	0.0	39.9	1003.1	4.7
20170207	1.7	0.0	43.9	1006.6	1.1
20170208	2.2	0.0	45.1	1000.7	1.9
20170209	-1.4	0.0	45.0	997.0	5.7
20170210	-2.9	0.0	42.9	999.6	5.8
20170211	-1.5	0.0	46.1	1006.2	5.2
20170212	1.2	0.0	47.6	1010.7	3.2
20170213	2.3	0.0	51.5	1012.6	2.1
20170214	3.6	0.0	39.8	1014.2	2.4
20170215	2.3	0.0	47.9	1012.3	0.7
20170216	6.3	1.0	61.4	1004.1	1.2
20170217	7.7	0.5	54.4	1002.1	3.5
20170218	1.6	0.0	30.1	1006.8	4.2
20170219	4.1	0.0	48.8	1000.3	1.8
20170220	5.6	7.5	57.3	997.2	4.5
20170221	2.0	0.0	54.0	1011.9	1.4
20170222	4.9	31.5	87.0	998.3	1.7
20170223	2.5	0.0	53.3	1000.0	5.0
20170224	1.9	0.0	38.8	1006.3	4.4
20170225	5.1	0.0	41.0	1005.0	3.4
20170226	4.7	0.0	51.0	1006.5	1.7
20170227	4.6	0.0	61.1	1009.3	0.9
20170228	4.4	0.0	60.0	1007.7	0.9
20170301	6.2	1.0	61.6	998.9	1.2
20170302	3.8	1.5	57.9	997.7	4.3
20170303	4.6	0.0	46.3	1002.8	1.4
20170304	5.7	0.0	56.3	1001.5	0.9
20170305	6.5	0.0	54.8	998.7	1.2
20170306	4.1	0.0	35.1	997.5	4.6
20170307	0.4	0.0	45.4	998.9	4.1
20170308	1.6	0.0	54.0	998.1	4.4
20170309	6.4	0.0	38.3	996.8	4.4
20170310	7.6	0.0	32.6	1001.6	2.9
20170311	7.1	0.0	42.8	1006.0	1.1
20170312	8.9	0.0	41.3	1003.8	1.3
20170313	10.7	0.0	36.5	999.5	2.0
20170314	7.2	0.0	48.3	1000.6	2.5
20170315	5.6	0.0	48.3	1005.5	1.4
20170316	6.3	0.0	54.5	1004.5	1.0
20170317	7.0	0.0	47.3	1006.2	1.1
20170318	7.6	0.0	47.6	1007.2	0.9
20170319	9.1	0.0	49.4	1008.5	1.3
20170320	6.9	9.5	79.3	1002.8	0.8
20170321	7.8	1.5	59.3	999.3	2.7
20170322	6.7	0.0	58.9	1003.7	0.9
20170323	9.8	0.0	45.9	1002.7	1.3
20170324	7.7	0.0	64.6	1004.3	1.5
20170325	5.8	18.9	94.5	1003.4	0.7
20170326	6.9	0.0	69.9	1001.3	2.1
20170327	6.5	0.0	57.1	1003.4	3.0
20170328	8.1	1.5	55.3	1006.1	1.6
20170329	6.5	2.4	89.4	1005.7	0.8
20170330	11.3	0.0	59.5	1003.7	1.5
20170331	9.0	5.7	81.1	1001.3	0.8
20170401	7.8	1.4	80.1	998.9	1.3
20170402	8.5	0.0	53.5	1001.5	1.9
20170403	13.4	0.0	28.8	1005.7	2.5
20170404	12.9	0.0	46.3	1007.1	1.2
20170405	13.3	27.2	81.1	1001.5	2.5
20170406	14.7	11.0	92.9	995.4	0.9
20170407	14.6	0.0	72.5	997.0	1.5
20170408	16.9	0.0	60.3	994.5	1.0
20170409	14.7	0.0	56.3	997.1	1.7
20170410	13.0	0.0	52.9	995.5	1.4
20170411	12.7	12.3	67.0	989.7	2.9
20170412	13.5	0.0	26.0	997.5	3.2
20170413	14.5	0.0	39.6	1000.6	2.2
20170414	14.0	0.0	57.0	997.5	1.5
20170415	17.8	1.7	60.8	997.8	1.6
20170416	17.5	0.0	52.3	998.5	1.1
20170417	12.8	12.1	89.0	984.8	1.0
20170418	15.4	1.1	60.4	983.5	2.9
20170419	14.4	0.0	35.3	993.3	4.2
20170420	11.5	0.6	61.3	995.8	0.9
20170421	13.6	0.0	64.4	993.9	1.0
20170422	13.3	0.2	66.8	996.2	1.3
20170423	13.8	0.0	64.0	1001.3	1.4
20170424	14.9	0.0	59.1	1002.8	1.5
20170425	16.7	0.9	68.9	1002.5	1.0
20170426	15.0	1.7	66.5	998.4	1.5
20170427	13.4	0.0	35.8	995.4	2.5
20170428	15.0	0.0	42.4	990.9	1.8
20170429	17.4	0.0	44.6	991.4	1.7
20170430	19.4	0.0	52.3	992.4	1.4
20170501	18.9	0.0	51.4	1000.2	1.8
20170502	16.0	0.0	49.6	1005.9	0.8
20170503	17.8	0.0	54.6	1004.9	1.2
20170504	18.1	0.6	67.3	1000.4	1.2
20170505	18.0	5.4	87.4	997.9	1.2
20170506	18.0	0.0	34.0	999.2	3.4
20170507	18.4	0.0	40.9	997.9	2.4
20170508	19.5	0.0	39.3	997.5	1.5
20170509	13.4	19.5	92.9	995.3	1.2
20170510	15.6	0.0	81.5	994.1	1.5
20170511	18.0	5.5	72.4	996.2	1.3
20170512	15.2	2.8	93.4	994.5	0.7
20170513	18.6	0.0	68.1	990.7	1.7
20170514	17.6	0.0	38.6	994.0	3.3
20170515	16.1	0.0	50.9	996.4	2.5
20170516	16.8	0.0	60.9	994.2	1.3
20170517	17.0	0.0	64.3	995.1	1.0
20170518	19.8	0.0	60.1	999.2	1.1
20170519	22.3	0.0	43.3	999.8	1.7
20170520	20.3	0.0	50.4	999.0	1.0
20170521	19.7	0.0	60.1	998.7	0.9
20170522	19.8	0.0	59.9	997.9	1.3
20170523	19.5	0.0	69.9	994.7	1.0
20170524	20.4	0.4	75.8	991.6	1.0
20170525	20.4	0.0	52.9	989.5	2.2
20170526	16.4	0.0	49.3	991.6	2.6
20170527	17.6	0.0	56.1	995.9	1.3
20170528	19.9	0.0	62.0	996.5	1.4
20170529	26.3	0.0	39.3	995.6	2.1
20170530	22.6	0.0	53.5	993.7	0.9
20170531	21.3	0.0	71.3	987.2	1.3
20170601	22.7	0.0	62.5	983.4	2.0
20170602	20.1	0.0	52.6	987.7	1.7
20170603	20.6	0.0	48.6	991.3	2.1
20170604	20.3	0.0	47.5	994.8	1.6
20170605	20.3	0.0	51.9	999.3	1.5
20170606	16.8	11.9	74.4	998.3	2.0
20170607	19.2	2.6	79.8	989.9	2.5
20170608	21.6	0.0	53.9	993.6	2.8
20170609	21.9	0.0	54.5	992.1	1.6
20170610	22.9	0.0	64.9	990.6	1.5
20170611	21.1	7.7	69.9	992.2	1.9
20170612	19.7	0.0	59.4	998.6	1.5
20170613	18.5	3.1	77.9	998.4	1.0
20170614	21.6	0.0	64.0	994.5	1.7
20170615	24.1	0.0	46.0	992.1	2.1
20170616	22.3	0.0	62.6	994.2	1.6
20170617	23.2	0.0	62.4	994.4	1.3
20170618	24.4	0.0	59.8	993.5	1.2
20170619	24.9	0.0	58.4	992.8	1.2
20170620	21.3	2.9	76.3	989.9	1.1
20170621	22.8	0.0	72.1	989.9	1.4
20170622	24.0	0.0	66.1	992.1	1.1
20170623	24.9	0.0	62.6	990.6	1.3
20170624	24.0	0.0	66.5	987.1	1.1
20170625	23.0	60.1	80.5	986.7	1.6
20170626	21.3	10.8	88.5	991.6	1.3
20170627	22.4	0.0	78.0	994.6	1.2
20170628	23.7	0.0	73.5	996.1	1.1
20170629	22.6	0.4	82.8	995.8	1.4
20170630	23.8	1.3	84.4	992.8	1.1
20170701	25.5	0.1	83.6	992.4	1.0
20170702	25.5	7.1	86.5	992.9	1.2
20170703	26.3	5.0	83.1	991.5	1.6
20170704	25.4	2.0	88.3	990.6	1.0
20170705	26.3	1.1	83.4	994.3	1.3
20170706	24.6	3.6	89.3	995.2	1.1
20170707	25.1	4.8	89.4	993.7	1.4
20170708	24.8	38.7	92.9	992.6	0.9
20170709	26.7	0.1	83.8	991.3	1.4
20170710	26.6	1.2	84.6	987.8	2.3
20170711	26.6	0.4	78.9	991.9	1.7
20170712	27.7	0.0	73.0	993.9	0.9
20170713	27.3	0.0	71.3	992.0	1.0
20170714	24.4	3.7	86.4	993.5	0.8
20170715	24.2	20.5	90.8	995.6	0.8
20170716	26.9	0.0	81.1	996.7	0.8
20170717	25.4	8.0	84.8	996.9	0.8
20170718	24.8	1.2	89.1	994.0	0.7
20170719	27.5	0.0	76.9	991.1	1.0
20170720	28.2	0.0	78.6	991.5	1.0
20170721	29.4	0.0	76.4	993.3	0.8
20170722	29.0	0.0	76.1	993.9	0.8
20170723	27.6	0.0	82.4	990.3	0.5
20170724	28.7	0.6	82.9	987.3	0.9
20170725	27.5	3.2	82.0	988.0	0.9
20170726	25.6	0.0	71.9	992.3	0.8
20170727	25.9	0.0	67.8	992.6	1.0
20170728	27.4	0.0	71.9	992.3	0.9
20170729	25.5	0.3	82.5	992.1	1.6
20170730	26.0	0.0	83.0	992.1	1.2
20170731	25.5	15.6	88.6	993.5	0.8
20170801	27.3	0.0	80.5	994.3	1.0
20170802	26.7	0.0	83.4	992.1	0.7
20170803	27.5	0.0	70.1	990.1	1.2
20170804	28.8	0.0	72.3	989.7	0.9
20170805	29.4	0.0	70.0	987.4	0.9
20170806	30.2	0.0	66.1	984.6	0.8
20170807	30.2	0.0	60.6	983.6	1.9
20170808	27.5	0.0	71.1	984.2	0.8
20170809	25.7	3.8	86.9	981.5	0.6
20170810	27.9	0.0	71.8	984.3	1.3
20170811	26.4	2.0	78.6	990.2	1.3
20170812	25.9	0.5	74.9	994.7	1.2
20170813	23.4	5.0	79.6	995.0	1.0
20170814	21.6	56.0	96.4	990.8	0.7
20170815	22.5	6.5	96.1	988.4	0.8
20170816	26.2	0.0	83.3	989.0	0.9
20170817	26.0	0.5	82.6	991.7	1.0
20170818	25.8	0.5	80.0	995.1	0.9
20170819	25.3	0.5	82.6	996.3	1.5
20170820	24.1	30.0	92.9	994.2	2.1
20170821	24.4	47.0	92.8	993.2	1.3
20170822	25.9	3.5	88.4	997.0	0.7
20170823	27.7	0.0	83.8	997.0	1.0
20170824	28.0	0.0	78.8	992.2	1.1
20170825	26.1	3.5	76.4	992.2	1.0
20170826	23.4	0.0	59.6	997.4	1.6
20170827	21.9	0.0	70.9	999.2	1.0
20170828	23.6	0.0	79.6	995.9	0.8
20170829	24.5	3.0	68.5	995.7	1.8
20170830	20.4	0.0	65.3	996.5	1.4
20170831	20.8	0.0	69.3	995.1	1.3
20170901	21.0	0.0	69.5	996.1	1.2
20170902	19.0	0.0	78.0	997.1	0.8
20170903	20.0	0.0	73.1	999.3	1.1
20170904	20.6	0.0	78.6	999.5	0.8
20170905	19.5	1.0	92.6	995.9	0.6
20170906	20.4	20.0	95.0	991.7	0.6
20170907	21.0	0.4	82.3	991.5	1.1
20170908	21.8	0.0	77.6	995.3	0.8
20170909	21.4	0.0	82.6	997.1	0.8
20170910	22.0	0.0	77.0	997.7	1.2
20170911	20.6	54.0	92.9	990.3	1.2
20170912	22.5	0.0	73.1	997.2	1.7
20170913	19.4	0.0	67.6	1002.1	1.1
20170914	19.0	0.0	77.1	1003.0	0.9
20170915	18.2	0.0	74.8	1002.3	1.1
20170916	19.2	0.0	73.8	996.9	0.9
20170917	21.2	0.0	76.5	989.5	1.2
20170918	20.3	0.0	73.0	992.8	1.2
20170919	20.4	0.0	80.1	994.8	1.0
20170920	19.9	0.0	67.6	995.8	1.3
20170921	17.0	0.0	80.0	998.3	0.8
20170922	18.2	0.0	79.0	997.2	0.7
20170923	18.7	0.0	75.0	1000.0	0.5
20170924	19.5	0.0	82.5	999.8	0.7
20170925	21.0	0.0	80.3	998.6	0.9
20170926	20.8	0.0	78.5	996.5	0.9
20170927	18.4	21.5	94.1	990.3	0.8
20170928	20.1	0.0	66.6	994.1	2.0
20170929	16.2	0.0	56.5	1001.6	2.0
20170930	14.8	0.0	70.3	1006.7	0.7
20171001	13.6	30.0	93.1	1001.1	1.3
20171002	20.5	16.0	88.4	993.6	1.3
20171003	20.0	0.0	76.8	1000.3	1.0
20171004	18.7	0.0	70.0	1005.9	1.1
20171005	16.0	2.0	81.6	1007.3	0.8
20171006	15.3	9.1	97.0	1002.2	0.6
20171007	18.4	0.0	88.9	1003.6	0.8
20171008	19.6	0.0	84.6	1006.4	0.7
20171009	20.2	0.0	86.4	1005.4	0.7
20171010	21.1	0.0	82.5	1002.6	1.0
20171011	19.0	0.0	83.9	1000.9	1.4
20171012	13.1	24.0	92.5	1002.8	1.0
20171013	13.3	0.0	67.3	1004.2	1.4
20171014	13.8	0.0	67.6	1007.6	1.0
20171015	13.7	1.0	83.9	1010.1	0.7
20171016	14.2	0.0	82.9	1009.3	0.7
20171017	13.8	0.0	85.3	1007.7	0.7
20171018	14.2	0.1	83.3	1006.3	0.6
20171019	14.9	0.0	78.1	1002.3	0.7
20171020	14.6	0.0	78.9	1002.0	0.6
20171021	13.2	0.0	80.9	1000.5	1.0
20171022	15.4	0.0	62.3	994.4	2.1
20171023	12.3	0.0	69.4	1000.7	0.8
20171024	10.1	0.0	84.8	1007.7	0.5
20171025	10.7	0.0	80.6	1008.2	0.8
20171026	11.1	0.0	81.5	1005.2	0.7
20171027	13.6	0.0	74.5	1003.3	0.7
20171028	13.5	0.0	84.6	1003.1	0.5
20171029	13.1	0.0	64.9	998.9	3.6
20171030	8.5	0.0	43.6	1007.5	2.7
20171031	7.0	0.0	65.5	1008.4	0.6
20171101	9.5	0.0	71.4	1005.0	0.6
20171102	10.7	0.0	79.8	1002.1	0.4
20171103	10.9	0.0	72.0	1003.3	2.1
20171104	8.6	0.0	56.9	1010.5	2.0
20171105	6.1	0.0	75.1	1011.5	0.5
20171106	7.7	0.0	72.4	1007.9	0.7
20171107	13.6	0.0	77.6	1004.6	1.0
20171108	14.6	0.0	61.3	1002.4	2.7
20171109	8.7	0.0	68.8	1007.1	0.9
20171110	11.2	0.1	66.1	1000.3	2.5
20171111	7.6	0.0	47.6	1003.5	3.5
20171112	4.3	0.0	67.6	1004.7	0.7
20171113	7.2	0.0	65.3	1001.5	0.7
20171114	11.3	0.0	43.0	1001.7	3.0
20171115	8.1	0.0	44.1	1003.9	3.9
20171116	4.7	0.0	52.9	1006.8	1.4
20171117	5.6	0.0	57.3	1002.7	0.6
20171118	4.2	0.0	37.6	1002.8	3.7
20171119	2.8	0.0	39.9	1008.7	3.5
20171120	5.5	0.0	46.0	1008.5	3.2
20171121	3.0	0.0	67.9	1008.7	0.7
20171122	5.4	0.0	61.9	1001.9	1.7
20171123	2.2	0.1	65.3	1004.2	2.5
20171124	2.4	0.6	71.3	1007.4	2.7
20171125	2.7	0.0	72.9	1009.5	0.9
20171126	5.9	0.0	74.6	1006.6	1.5
20171127	4.4	0.0	80.0	1009.0	0.7
20171128	8.0	0.0	75.3	1005.5	0.8
20171129	11.0	0.0	46.6	1005.8	2.4
20171130	4.8	0.0	23.4	1007.9	3.8
20171201	0.5	0.0	36.6	1012.5	3.0
20171202	-0.2	0.0	58.9	1011.2	0.7
20171203	2.7	0.0	70.9	1007.2	0.6
20171204	2.9	0.0	58.0	1003.7	3.5
20171205	-0.9	0.0	46.6	1004.5	3.3
20171206	-1.4	0.0	72.4	1006.9	0.7
20171207	1.2	0.0	73.8	1004.6	1.4
20171208	-0.2	0.0	44.0	1005.2	3.6
20171209	1.3	0.0	66.5	1003.4	0.9
20171210	3.5	0.5	73.0	998.2	2.7
20171211	-1.3	0.0	54.6	1004.3	6.0
20171212	-3.9	0.0	41.0	1010.5	3.8
20171213	-2.8	0.0	31.6	1012.3	3.1
20171214	-4.0	0.0	43.1	1013.0	0.6
20171215	0.2	0.0	42.6	1008.6	1.5
20171216	0.6	0.0	46.3	1007.8	4.2
20171217	-2.3	0.0	46.9	1012.0	3.4
20171218	1.1	0.0	58.1	1010.7	1.9
20171219	1.1	0.0	47.6	1012.2	4.1
20171220	0.1	0.0	54.6	1013.8	1.5
20171221	0.3	0.0	55.8	1013.0	1.3
20171222	0.1	0.0	65.9	1009.8	1.2
20171223	1.2	0.0	72.1	1006.9	0.5
20171224	3.2	17.5	80.3	996.5	2.6
20171225	1.8	0.0	41.9	1004.5	4.2
20171226	1.6	0.0	48.0	1006.2	5.8
20171227	-1.1	0.0	23.1	1010.3	3.7
20171228	0.6	0.0	45.5	1011.4	1.8
20171229	6.5	0.0	59.0	1008.8	3.6
20171230	2.4	0.0	77.0	1007.5	0.6
20171231	3.3	0.5	49.1	1005.2	4.0
20180101	1.7	0.0	45.4	1009.7	2.8
20180102	1.0	0.0	60.9	1010.5	2.2
20180103	0.7	0.0	34.6	1011.3	2.7
20180104	1.4	0.0	34.1	1007.7	1.2
20180105	1.8	0.0	44.0	1002.2	2.2
20180106	1.2	0.0	44.4	1005.1	2.1
20180107	-1.9	0.0	66.9	1004.8	0.3
20180108	2.4	3.0	82.0	993.9	1.8
20180109	0.0	0.0	60.1	996.3	4.9
20180110	-3.1	0.0	69.5	1000.4	2.8
20180111	-6.9	0.0	57.1	1008.1	3.5
20180112	-6.1	0.0	49.5	1012.5	3.3
20180113	-2.7	0.0	67.0	1014.4	1.4
20180114	-2.5	0.0	75.6	1012.9	0.1
20180115	2.6	0.0	71.6	1007.0	1.2
20180116	2.7	11.0	94.4	1000.9	0.3
20180117	4.3	4.0	91.8	1000.5	0.9
20180118	4.7	0.0	69.8	1004.9	1.7
20180119	1.4	0.0	61.0	1005.6	0.7
20180120	0.7	0.0	65.1	1005.5	0.5
20180121	1.7	0.0	60.0	1005.4	0.2
20180122	4.0	1.0	62.6	998.8	1.4
20180123	-4.2	0.5	42.9	1003.7	5.9
20180124	-8.1	0.0	37.8	1008.6	5.1
20180125	-7.5	0.0	31.9	1008.8	3.8
20180126	-7.1	0.0	30.1	1008.3	3.3
20180127	-5.2	0.0	45.1	1008.7	0.3
20180128	-0.8	0.0	38.3	1003.1	3.8
20180129	-4.0	0.0	42.6	1004.7	4.3
20180130	-3.3	0.0	45.4	1008.4	2.4
20180131	-0.1	0.0	55.1	1009.5	0.8
20180201	-1.6	0.0	50.8	1010.0	0.9
20180202	-2.5	0.0	44.1	1009.9	1.0
20180203	-3.7	0.0	46.5	1008.9	4.3
20180204	-5.8	0.0	38.5	1008.9	4.8
20180205	-5.9	0.0	42.1	1007.4	4.5
20180206	-6.4	0.0	40.8	1006.5	4.0
20180207	-4.3	0.0	33.8	1007.4	2.4
20180208	-3.8	0.0	45.4	1007.1	0.5
20180209	1.5	0.0	51.8	1005.2	0.8
20180210	2.8	0.0	45.4	1003.0	3.9
20180211	-2.8	0.0	54.9	1004.8	4.5
20180212	-2.3	0.0	53.0	1004.2	5.1
20180213	-0.5	0.0	44.8	1006.1	2.8
20180214	3.4	0.0	61.6	1001.4	1.3
20180215	4.9	0.0	33.0	1002.2	1.5
20180216	2.7	0.0	34.8	999.9	2.0
20180217	2.4	0.0	20.9	1005.3	4.6
20180218	2.4	0.0	29.0	1007.3	0.6
20180219	4.5	0.0	35.6	1005.4	0.7
20180220	3.8	0.0	41.8	1004.5	1.4
20180221	2.4	0.0	25.1	1005.1	2.1
20180222	0.3	0.0	37.9	1005.5	1.4
20180223	3.1	0.0	58.1	1006.0	1.4
20180224	5.0	0.0	63.1	1009.2	0.8
20180225	5.2	0.0	56.6	1006.7	1.0
20180226	4.3	0.0	50.5	1006.9	1.0
20180227	5.5	0.0	53.4	1006.4	0.7
20180228	4.8	33.5	78.1	991.1	1.5
20180301	4.0	0.1	46.5	993.2	7.0
20180302	2.9	0.0	44.3	1000.0	1.4
20180303	6.5	0.0	62.3	998.4	1.3
20180304	9.7	7.5	88.4	997.0	2.1
20180305	7.5	3.5	83.8	998.6	1.7
20180306	6.4	0.0	61.3	1011.6	1.3
20180307	3.8	10.5	78.9	1010.8	1.1
20180308	3.1	31.0	85.8	1000.7	2.2
20180309	5.3	0.0	69.9	1006.0	1.4
20180310	6.1	0.0	63.3	1006.6	1.4
20180311	7.2	0.0	53.3	1008.0	1.1
20180312	7.6	0.0	67.3	1005.9	1.3
20180313	10.0	0.0	72.6	1003.5	1.0
20180314	13.6	0.0	71.3	1003.5	1.7
20180315	14.5	16.5	93.5	997.5	1.2
20180316	6.2	1.5	75.6	1006.7	1.4
20180317	5.6	0.0	65.8	1010.6	1.1
20180318	7.1	1.5	82.5	1004.5	1.1
20180319	9.0	20.5	92.0	998.6	1.2
20180320	5.0	1.5	58.1	1005.0	2.9
20180321	1.2	9.5	93.3	998.1	1.6
20180322	5.3	0.0	65.8	997.2	2.0
20180323	6.3	0.0	59.1	1001.9	1.0
20180324	10.2	0.0	54.0	1005.2	2.2
20180325	12.3	0.0	52.8	1007.0	1.7
20180326	12.3	0.0	49.3	1004.5	1.8
20180327	13.5	0.0	54.5	1001.8	1.7
20180328	14.4	0.0	56.5	1000.6	1.3
20180329	15.8	0.0	62.0	1002.8	1.3
20180330	14.0	0.0	55.3	1007.4	1.9
20180331	13.4	0.0	56.4	1003.9	1.3
20180401	15.3	0.0	69.0	1000.6	1.1
20180402	16.5	0.0	77.6	999.9	1.3
20180403	17.1	0.0	77.1	1000.7	1.3
20180404	13.1	11.5	89.9	1001.4	1.4
20180405	8.5	12.5	91.8	1000.4	2.3
20180406	8.7	23.5	67.0	994.3	4.2
20180407	4.4	0.5	48.5	998.5	5.9
20180408	8.0	0.0	53.0	999.5	2.2
20180409	12.9	0.0	50.8	1000.4	1.8
20180410	13.7	0.0	66.9	998.0	2.2
20180411	16.6	2.5	51.6	994.2	3.3
20180412	13.7	0.0	39.3	1001.3	2.2
20180413	12.8	0.0	40.6	1006.4	1.4
20180414	10.4	37.5	79.0	991.7	2.5
20180415	11.4	0.0	51.4	995.6	5.3
20180416	11.3	0.0	61.4	1002.7	1.5
20180417	13.4	0.0	62.1	1002.9	1.2
20180418	13.8	0.0	61.1	1000.3	1.1
20180419	16.7	0.0	41.6	1000.4	1.8
20180420	17.9	0.0	46.3	1003.2	1.3
20180421	18.2	0.0	58.8	1002.1	1.7
20180422	14.2	3.5	88.3	1002.4	1.1
20180423	11.0	48.0	96.3	999.6	1.1
20180424	11.9	7.5	93.6	993.7	0.7
20180425	13.9	0.0	60.3	996.6	1.2
20180426	15.4	0.0	55.1	997.3	1.3
20180427	17.0	0.0	47.6	997.7	2.4
20180428	16.3	0.0	59.9	1000.0	1.4
20180429	15.5	0.0	64.4	997.2	1.6
20180430	18.5	0.0	74.6	998.4	1.7
20180501	17.7	0.0	83.5	998.2	1.8
20180502	16.8	6.0	83.0	989.4	2.8
20180503	12.7	0.0	49.5	993.4	5.6
20180504	14.3	0.0	39.0	997.9	3.8
20180505	17.2	0.0	49.4	999.9	1.5
20180506	16.7	6.0	92.0	991.2	1.8
20180507	16.7	30.5	89.4	990.8	0.8
20180508	14.2	0.0	77.5	998.0	1.2
20180509	13.5	0.0	71.6	1004.6	1.4
20180510	16.6	0.0	66.0	1005.5	1.3
20180511	16.5	0.0	65.1	1001.7	1.4
20180512	16.4	8.5	81.3	995.5	1.7
20180513	19.3	2.0	73.3	991.3	1.6
20180514	19.6	0.0	68.5	995.2	1.2
20180515	21.5	0.0	73.5	994.9	1.4
20180516	22.3	1.0	89.5	992.0	2.5
20180517	22.8	1.0	87.3	989.7	3.8
20180518	21.7	2.6	88.3	989.1	1.7
20180519	14.7	1.0	70.3	1000.0	1.8
20180520	14.4	0.0	64.3	1003.0	1.5
20180521	15.9	0.0	74.8	1002.1	0.9
20180522	17.4	9.5	79.6	996.4	1.6
20180523	19.3	12.0	63.9	990.9	2.8
20180524	18.8	0.0	56.6	994.0	1.9
20180525	19.1	0.0	60.0	992.1	0.9
20180526	20.0	0.0	63.4	993.0	1.2
20180527	20.3	0.0	71.1	994.4	1.4
20180528	19.7	0.0	81.1	994.5	1.5
20180529	21.9	0.0	76.5	995.1	1.4
20180530	22.4	0.0	73.5	993.8	1.7
20180531	20.8	0.0	53.8	994.8	1.8
20180601	21.9	0.0	64.0	998.4	1.3
20180602	23.3	0.0	60.5	998.5	1.1
20180603	22.3	0.0	64.9	997.0	1.4
20180604	22.1	0.0	69.4	996.7	1.0
20180605	20.1	0.2	80.5	996.3	0.9
20180606	22.4	0.0	70.3	995.4	1.2
20180607	24.1	0.0	70.1	994.7	1.4
20180608	24.1	0.0	67.1	991.5	1.3
20180609	22.0	0.0	68.0	991.6	1.6
20180610	19.7	0.3	72.1	988.7	1.1
20180611	18.1	15.0	84.9	985.1	1.2
20180612	18.8	11.0	87.6	987.4	1.9
20180613	20.4	0.0	77.0	991.5	2.1
20180614	21.2	0.0	68.1	992.3	1.9
20180615	19.0	0.0	66.4	995.2	1.6
20180616	19.3	0.0	68.6	996.7	1.2
20180617	20.7	0.0	72.8	994.5	1.2
20180618	23.2	0.0	70.3	991.2	1.4
20180619	21.1	6.0	87.5	989.2	0.8
20180620	23.2	0.1	69.4	987.4	1.8
20180621	23.7	0.0	57.6	990.5	2.2
20180622	23.0	0.0	59.9	992.8	1.2
20180623	24.0	0.0	58.4	988.9	1.6
20180624	26.3	0.0	53.6	991.7	2.0
20180625	25.5	0.0	65.0	994.8	1.7
20180626	23.7	3.0	85.9	990.8	2.1
20180627	25.0	64.5	87.8	986.9	1.7
20180628	22.3	58.5	94.0	985.2	1.4
20180629	24.2	0.0	85.6	988.0	1.9
20180630	21.7	15.0	92.5	995.3	2.0
20180701	23.0	44.0	91.0	993.9	2.5
20180702		14.5			1.5
20180703	23.8	9.0	87.8	982.4	1.5
20180704	27.5	0.5	72.3	981.8	2.0
20180705	23.8	17.5	93.0	987.6	0.9
20180706	20.6	10.5	94.9	991.5	0.9
20180707	20.5	0.5	76.5	994.7	1.1
20180708	20.4	0.0	78.4	997.1	1.0
20180709	19.8	4.0	95.3	999.9	1.0
20180710	25.0	0.0	82.4	999.6	2.0
20180711	27.5	0.0	77.8	999.5	1.7
20180712	27.4	0.0	81.3	997.7	1.0
20180713	28.5	0.0	78.3	996.1	1.1
20180714	29.1	0.0	72.5	995.1	1.3
20180715	28.8	0.0	76.5	995.8	1.2
20180716	28.7	0.0	75.0	996.2	1.1
20180717	28.1	0.0	78.4	996.0	1.0
20180718	28.6	0.0	76.3	995.5	1.1
20180719	28.9	0.0	74.9	994.7	1.0
20180720	29.3	0.0	72.4	993.5	1.0
20180721	28.7	0.0	73.6	993.4	1.1
20180722	27.8	0.0	76.5	993.9	1.2
20180723	28.7	0.0	74.4	993.4	1.1
20180724	29.0	0.0	76.9	992.2	1.5
20180725	29.7	0.0	73.8	991.7	1.0
20180726	30.5	0.0	69.3	991.2	1.1
20180727	30.3	0.0	74.8	990.9	1.2
20180728	28.8	0.4	82.1	989.9	1.2
20180729	29.8	0.0	65.9	986.7	1.8
20180730	28.2	0.0	72.9	988.2	1.2
20180731	28.2	0.0	71.9	988.9	1.0
20180801	29.2	0.0	67.1	988.3	1.2
20180802	29.6	0.0	66.3	990.7	1.2
20180803	28.8	0.0	73.0	992.8	1.5
20180804	29.9	0.0	70.1	992.3	1.4
20180805	30.2	0.0	66.5	991.3	2.4
20180806	29.5	0.5	72.6	990.9	1.6
20180807	28.0	1.5	82.6	992.0	1.2
20180808	28.2	35.5	83.1	990.9	1.3
20180809	29.2	0.0	79.6	988.7	1.3
20180810	27.0	3.0	87.8	988.2	1.5
20180811	26.6	0.1	83.0	990.2	0.8
20180812		2.5			0.7
20180813	28.5	0.2	77.9	995.0	1.3
20180814	28.7	0.0	72.8	994.5	1.0
20180815	28.5	3.0	73.9	991.4	1.1
20180816	25.4	35.0	89.8	993.8	1.3
20180817	23.1	0.0	72.6	996.9	1.2
20180818	22.6	0.0	74.3	995.6	1.0
20180819	24.6	0.0	72.5	994.8	1.2
20180820	25.0	0.0	75.8	991.7	1.8
20180821	26.5	0.0	73.9	988.6	1.4
20180822	27.5	0.1	75.1	989.1	1.2
20180823	25.7	29.5	86.9	981.9	3.2
20180824	26.3	38.0	81.4	982.3	2.5
20180825	23.5	2.0	89.8	994.1	0.6
20180826	21.9	252.5	99.8	996.0	0.9
20180827	22.4	57.5	99.8	996.6	0.7
20180828	26.1	0.5	86.4	996.6	1.1
20180829	26.3	0.3	82.5	995.2	1.7
20180830	25.5	12.5	92.1	994.7	0.9
20180831	23.6	21.5	95.1	994.6	0.7
20180901	23.3	0.5	80.1	995.7	1.4
20180902	20.2	6.0	90.5	994.7	0.5
20180903	22.9	24.5	96.4	987.2	1.4
20180904	24.3	69.5	71.6	981.7	3.2
20180905	23.7	0.0	61.5	988.4	2.5
20180906	20.8	0.0	84.0	990.8	0.7
20180907	20.9	4.0	77.9	990.8	1.6
20180908	18.3	0.0	79.5	997.3	1.1
20180909	19.0	0.0	77.6	999.9	1.1
20180910	19.1	0.0	74.0	1004.4	1.2
20180911	17.9	0.0	78.1	1004.7	0.9
20180912	20.4	0.0	79.9	1001.9	1.0
20180913	20.5	2.5	92.4	1001.2	0.6
20180914	20.8	26.5	99.1	999.0	0.6
20180915	22.0	2.0	96.3	998.4	0.8
20180916	23.5	0.3	84.1	999.0	1.0
20180917	22.4	1.5	82.0	1000.6	0.9
20180918	21.0	0.0	72.6	1000.2	1.1
20180919	19.9	0.0	80.5	998.0	0.9
20180920	19.9	6.0	97.8	994.0	0.6
20180921	19.1	19.0	99.3	993.6	0.9
20180922	19.7	0.0	77.6	999.1	1.3
20180923	18.2	0.0	76.9	1000.4	1.0
20180924	15.9	0.0	76.0	1002.3	1.4
20180925	15.4	0.0	75.5	1002.6	1.0
20180926	16.2	0.0	79.3	1002.7	1.0
20180927	15.9	0.0	78.1	1002.1	0.8
20180928	16.3	0.0	82.3	1002.3	1.0
20180929	18.0	0.0	83.5	997.4	0.8
20180930	19.7	0.0	59.4	988.6	3.4
20181001	16.9	0.4	57.0	992.9	4.0
20181002	16.2	0.0	66.1	1000.8	1.7
20181003	14.4	0.0	76.8	1005.4	0.9
20181004	16.0	1.0	81.1	1007.0	0.9
20181005	17.1	88.5	98.9	999.3	0.8
20181006	19.7	145.5	84.8	985.8	3.4
20181007	18.5	0.0	71.6	999.7	1.5
20181008	15.3	0.0	61.4	1002.2	1.7
20181009	13.7	0.0	84.6	1001.0	0.7
20181010	14.2	0.3	63.9	1000.5	4.0
20181011	11.7	0.0	50.5	1005.6	3.5
20181012	10.6	0.0	65.8	1008.8	1.3
20181013	10.5	0.0	82.6	1008.6	0.8
20181014	12.2	0.0	84.8	1006.1	0.7
20181015	13.2	0.0	77.8	1003.7	1.1
20181016	11.1	0.0	87.1	1000.2	0.5
20181017	11.4	0.0	74.9	999.4	1.0
20181018	11.3	0.0	66.5	1002.3	1.1
20181019	11.2	0.0	73.9	1007.5	0.8
20181020	10.2	0.0	76.8	1009.1	0.7
20181021	10.0	0.0	76.4	1007.1	0.6
20181022	11.6	0.0	81.4	1004.2	0.7
20181023	13.9	0.0	75.5	1001.5	1.3
20181024	12.6	0.0	69.5	1003.6	0.9
20181025	10.3	0.0	75.3	1004.5	0.6
20181026	11.1	1.5	82.6	997.0	1.5
20181027	11.0	0.5	58.9	998.5	5.0
20181028	12.5	3.0	58.6	995.4	2.1
20181029	10.3	0.5	73.1	997.7	2.2
20181030	9.1	0.0	55.5	1003.9	3.3
20181031	7.9	0.0	70.5	1006.1	1.6
20181101	6.7	0.0	72.0	1009.1	1.0
20181102	6.9	0.0	69.3	1011.4	0.6
20181103	7.8	0.0	70.0	1009.1	0.6
20181104	9.2	0.0	71.3	1005.6	0.6
20181105	9.6	0.0	73.6	1006.5	0.5
20181106	10.2	0.0	79.0	1008.5	0.6
20181107	11.6	3.0	91.1	1007.9	0.2
20181108	14.2	21.0	94.4	998.4	1.3
20181109	12.3	0.0	66.9	1002.3	3.4
20181110	9.4	0.0	79.0	1008.2	1.1
20181111	8.6	4.0	93.5	1005.4	0.7
20181112	10.2	1.5	81.9	1001.6	1.0
20181113	8.6	0.1	85.5	1002.5	0.8
20181114	8.2	0.0	82.9	1006.3	0.8
20181115	7.5	0.0	83.3	1008.2	0.5
20181116	7.6	1.0	91.3	1005.1	0.7
20181117	7.7	0.0	68.1	1005.0	0.8
20181118	5.9	0.0	62.3	1004.0	0.9
20181119	6.4	0.0	63.3	1005.6	1.3
20181120	5.3	0.0	63.3	1008.5	0.6
20181121	4.6	0.0	70.3	1006.4	0.7
20181122	5.4	0.0	43.4	1007.7	2.9
20181123	2.0	0.0	62.5	1011.3	1.0
20181124	1.5	2.5	88.6	1008.4	0.8
20181125	5.3	0.0	85.5	1007.4	1.1
20181126	4.1	0.0	84.8	1008.2	0.8
20181127	7.1	0.0	75.5	1005.8	1.1
20181128	6.1	0.0	63.0	1006.0	0.7
20181129	4.9	0.0	58.0	1008.8	0.6
20181130	6.3	0.0	59.5	1008.8	0.9
20181201	5.3	0.0	61.8	1010.1	0.5
20181202	8.4	0.0	76.5	1007.6	0.7
20181203	12.4	6.0	97.3	1001.1	0.5
20181204	12.1	9.5	71.1	1000.1	2.8
20181205	6.2	0.0	48.4	1007.2	1.6
20181206	5.1	3.0	72.0	1004.3	2.8
20181207	-1.3	0.0	43.5	1012.1	4.9
20181208	-2.9	0.0	47.8	1014.2	2.8
20181209	-2.9	0.0	40.8	1016.7	2.0
20181210	-2.6	0.0	51.0	1015.2	0.6
20181211	-0.5	0.5	81.9	1010.0	1.2
20181212	0.9	0.0	54.6	1010.7	3.2
20181213	1.4	0.0	58.5	1011.5	3.4
20181214	-0.9	0.0	52.5	1015.9	2.4
20181215	-2.6	0.0	58.1	1014.3	0.5
20181216	1.0	0.5	76.4	1003.7	0.9
20181217	5.5	0.0	52.5	1001.0	4.4
20181218	3.9	0.0	57.5	1004.4	2.6
20181219	4.0	0.0	68.1	1004.5	1.2
20181220	4.5	0.0	78.3	1005.7	0.5
20181221	4.5	0.0	86.9	1006.3	0.5
20181222	6.3	0.0	81.5	1005.4	0.6
20181223	6.7	0.5	50.4	1005.6	3.5
20181224	0.6	0.0	47.5	1009.0	2.6
20181225	0.1	0.0	54.3	1007.0	0.5
20181226	4.0	0.0	39.0	1005.4	2.5
20181227	-2.4	0.0	22.8	1008.2	5.5
20181228	-5.1	0.0	37.1	1012.3	3.4
20181229	-3.7	0.0	42.1	1015.9	3.4
20181230	-2.8	0.0	41.3	1017.8	1.9
20181231	-2.4	0.0	43.1	1017.9	1.0
20190101	0.2	0.0	54.0	1014.7	4.8
20190102	-0.5	0.0	50.9	1015.6	2.7
20190103	-0.5	0.0	38.9	1016.2	1.8
20190104	-0.5	0.0	48.4	1012.6	1.4
20190105	2.5	0.0	47.3	1007.6	2.5
20190106	-0.3	0.0	42.8	1009.5	1.2
20190107	-0.4	0.0	50.0	1009.7	1.6
20190108	1.6	0.0	41.4	1009.1	4.7
20190109	-1.5	0.0	40.9	1014.2	1.3
20190110	2.4	0.0	46.4	1007.7	3.1
20190111	2.3	0.0	62.8	1007.4	0.9
20190112	2.3	5.5	89.0	1004.9	1.0
20190113	1.9	0.0	76.6	1007.1	0.6
20190114	0.9	0.0	68.0	1007.6	0.5
20190115	2.4	0.0	54.3	1005.3	3.9
20190116	-1.5	0.0	36.5	1007.8	3.7
20190117	1.9	0.0	48.0	1006.7	5.1
20190118	2.2	0.0	50.4	1009.6	1.6
20190119	3.1	0.1	62.5	1005.2	0.7
20190120	2.7	0.3	48.4	1003.0	4.5
20190121	2.5	0.0	44.4	1004.4	3.5
20190122	5.3	0.0	44.4	1002.4	3.1
20190123	5.4	0.0	46.8	1002.5	3.4
20190124	2.4	0.0	39.4	1006.1	1.2
20190125	-0.6	0.0	48.4	1005.5	3.2
20190126	-0.8	0.0	33.9	1008.9	3.9
20190127	-0.1	0.0	46.8	1009.3	1.1
20190128	4.0	0.0	45.9	1004.4	5.4
20190129	-0.1	0.0	52.6	1009.9	0.8
20190130	4.1	0.0	40.9	1006.8	0.9
20190131	0.5	10.5	70.0	1002.3	2.4
20190201	-0.5	0.0	54.3	1006.6	4.3
20190202	2.7	0.0	62.5	1005.5	1.1
20190203	5.0	11.0	89.9	996.2	2.0
20190204	4.1	0.0	31.8	1006.8	3.8
20190205	2.5	0.0	51.6	1005.0	0.6
20190206	5.3	0.0	59.3	999.6	0.7
20190207	4.2	0.0	51.3	1001.7	2.9
20190208	1.0	0.0	28.8	1005.7	1.5
20190209	0.1	0.0	31.1	1007.7	3.3
20190210	0.6	0.0	40.1	1010.8	1.3
20190211	0.1	0.0	40.3	1012.6	3.9
20190212	0.2	0.0	57.4	1015.4	0.6
20190213	1.8	0.0	44.5	1013.4	2.1
20190214	2.2	0.0	43.3	1012.4	0.9
20190215	3.4	0.0	50.5	1005.7	2.3
20190216	1.1	0.0	48.1	1005.0	4.5
20190217	1.3	0.0	37.1	1007.4	3.0
20190218	2.1	0.1	47.3	1007.5	0.8
20190219	4.2	19.0	85.6	1000.8	1.7
20190220	4.2	0.0	58.8	1007.1	3.5
20190221	3.4	0.0	62.5	1008.5	0.8
20190222	4.1	0.0	64.6	1003.7	0.4
20190223	4.6	0.0	64.5	1006.4	0.7
20190224	6.2	0.0	61.8	1005.7	1.0
20190225	7.1	0.0	50.6	1003.2	1.4
20190226	6.3	0.0	48.6	1005.8	0.9
20190227	7.7	0.5	64.0	1004.3	0.8
20190228	8.2	0.5	60.6	1001.1	1.4
20190301	6.2	0.0	53.9	1004.1	1.0
20190302	7.0	0.0	57.4	1002.2	1.0
20190303	9.5	0.0	52.3	995.8	0.7
20190304	9.9	0.0	51.8	996.9	1.3
20190305	8.1	0.0	56.1	1003.5	0.8
20190306	9.7	0.1	57.0	998.6	1.1
20190307	7.8	0.0	55.0	1001.9	2.9
20190308	6.3	0.0	58.3	1007.6	0.9
20190309	8.0	0.0	57.1	1004.8	1.2
20190310	6.5	18.5	91.8	996.7	1.1
20190311	6.3	0.5	74.5	992.9	1.8
20190312	7.2	1.0	57.4	994.8	3.8
20190313	4.7	0.0	33.5	1003.3	5.9
20190314	5.3	0.0	43.4	1006.6	1.7
20190315	3.7	2.5	81.1	1001.9	2.2
20190316	6.9	0.0	53.3	1003.0	2.4
20190317	8.2	0.0	48.6	1005.6	2.4
20190318	7.2	0.0	55.1	1003.1	0.9
20190319	11.3	0.0	51.3	1000.0	1.7
20190320	10.8	18.5	75.1	995.2	1.8
20190321	11.6	0.5	63.9	991.0	3.9
20190322	7.1	0.0	46.6	1000.8	3.8
20190323	5.2	1.5	39.6	1003.7	4.6
20190324	5.6	0.0	45.1	1004.3	2.7
20190325	6.0	0.0	59.4	1001.3	1.1
20190326	11.1	0.0	45.8	1001.0	2.3
20190327	12.9	0.0	49.5	997.5	1.6
20190328	13.8	0.0	60.8	995.7	1.6
20190329	12.1	0.0	58.0	995.9	1.2
20190330	9.2	0.2	53.5	995.9	4.6
20190331	5.2	0.1	40.8	1002.7	6.1
20190401	6.2	0.0	40.8	1005.4	4.2
20190402	7.2	0.0	41.4	1005.5	2.6
20190403	7.5	0.0	33.1	1006.2	2.2
20190404	11.7	0.0	24.9	1001.0	2.6
20190405	12.6	0.0	38.4	994.1	2.8
20190406	13.7	0.0	30.3	994.5	1.5
20190407	12.0	0.4	73.4	993.3	0.8
20190408	14.0	0.0	52.9	997.5	2.1
20190409	9.8	36.5	64.8	999.7	2.0
20190410	7.2	14.5	87.6	994.6	1.5
20190411	9.0	0.0	73.5	998.5	1.1
20190412	11.2	0.5	59.8	1001.4	1.3
20190413	10.6	0.0	56.5	1003.3	1.1
20190414	11.1	0.2	55.1	998.8	2.8
20190415	12.5	0.0	38.0	1001.9	2.0
20190416	13.6	0.0	44.9	1000.8	1.2
20190417	14.8	0.0	53.8	996.4	1.0
20190418	16.7	0.0	56.0	995.2	1.6
20190419	12.9	0.0	75.6	1000.0	1.8
20190420	16.1	0.0	66.3	998.1	1.3
20190421	18.0	0.0	66.9	996.2	0.9
20190422	18.9	0.0	65.0	999.1	1.5
20190423	14.9	11.5	85.1	997.3	1.3
20190424	17.5	4.5	89.1	990.3	1.0
20190425	14.9	7.0	93.9	991.4	1.6
20190426	11.1	2.5	79.1	995.2	2.3
20190427	12.2	0.2	68.6	1004.4	1.5
20190428	12.4	0.1	69.9	1003.9	0.9
20190429	10.3	39.0	94.5	997.7	0.6
20190430	15.9	0.0	84.0	992.2	1.1
20190501	17.5	0.0	60.9	989.8	2.8
20190502	17.3	0.0	44.9	995.4	2.2
20190503	17.4	0.0	46.6	1000.2	1.3
20190504	18.3	0.0	53.1	1001.4	1.0
20190505	19.3	0.0	49.3	999.7	1.1
20190506	15.9	0.0	43.1	998.2	2.1
20190507	13.7	0.0	48.6	1000.1	1.5
20190508	15.3	0.0	39.5	997.1	1.7
20190509	17.4	0.0	37.8	994.0	1.4
20190510	17.8	0.0	49.0	996.3	1.1
20190511	19.5	0.0	51.5	997.3	1.2
20190512	19.6	0.0	47.4	999.4	1.0
20190513	18.3	0.0	59.6	998.6	1.6
20190514	21.3	0.0	68.4	996.6	1.5
20190515	21.5	0.0	67.5	996.8	1.2
20190516	21.9	0.0	58.6	996.3	1.1
20190517	20.5	5.5	63.8	996.9	1.1
20190518	16.8	52.5	95.0	996.3	1.3
20190519	18.1	24.5	99.0	993.9	1.4
20190520	17.2	0.2	58.8	989.7	4.0
20190521	16.4	0.0	49.6	991.3	2.6
20190522	18.5	0.0	50.9	991.2	1.1
20190523	20.3	0.0	52.9	993.3	1.6
20190524	22.1	0.0	61.1	995.9	0.8
20190525	24.2	0.0	40.0	999.1	1.4
20190526	21.6	0.2	61.0	999.3	2.0
20190527	19.6	37.0	85.6	990.2	3.4
20190528	18.9	0.0	44.3	994.6	3.4
20190529	21.3	0.0	36.3	994.4	2.9
20190530	21.2	0.0	39.0	995.4	1.9
20190531	17.9	0.4	71.5	994.7	1.6
20190601	19.2	0.0	67.0	994.0	1.2
20190602	21.0	0.0	67.4	991.3	1.1
20190603	22.4	0.0	62.1	992.2	1.2
20190604	23.2	0.0	69.3	993.0	1.3
20190605	24.3	0.0	60.5	995.3	1.2
20190606	21.2	19.5	79.5	994.0	1.4
20190607	18.3	13.0	94.6	986.2	0.9
20190608	20.5	0.0	79.6	992.2	1.3
20190609	21.3	0.0	70.3	989.6	1.4
20190610	18.0	8.5	79.1	990.9	1.1
20190611	18.5	1.5	79.5	992.8	1.2
20190612	20.7	0.0	72.6	994.4	1.3
20190613	21.3	0.0	71.8	994.0	1.3
20190614	18.5	2.0	87.8	989.7	0.7
20190615	21.1	0.0	70.9	984.0	2.8
20190616	20.5	0.0	71.4	991.0	1.7
20190617	22.4	0.0	72.0	995.9	1.6
20190618	21.6	0.0	76.5	994.6	1.3
20190619	22.5	3.5	83.3	991.0	1.0
20190620	24.0	0.0	75.8	990.4	1.1
20190621	24.9	0.0	68.6	988.8	1.3
20190622	22.8	0.4	72.5	990.2	1.9
20190623	21.9	1.0	69.0	992.2	1.2
20190624	21.8	0.0	77.6	996.8	1.4
20190625	24.1	0.0	70.1	998.6	1.5
20190626	18.2	72.5	96.5	993.5	0.6
20190627	24.0	9.0	88.8	984.8	1.0
20190628	24.6	0.0	80.9	986.2	2.1
20190629	20.8	30.5	97.8	982.6	1.2
20190630	24.9	0.1	77.9	985.1	1.5
20190701	23.3	0.5	81.3	990.0	0.7
20190702	23.8	0.0	72.4	992.9	1.3
20190703	22.6	0.0	78.5	992.1	0.8
20190704	24.6	0.0	70.1	990.5	0.9
20190705	25.3	0.0	72.3	987.5	0.9
20190706	24.4	0.0	68.1	988.8	1.2
20190707	22.4	0.1	71.5	992.0	1.0
20190708	22.5	0.2	71.3	991.4	1.0
20190709	22.0	0.0	72.0		0.9
20190710	19.8	39.5	92.6	989.6	0.7
20190711	23.0	4.0	81.4	988.0	2.4
20190712	24.0	0.0	69.4	990.6	2.4
20190713	22.8	0.0	84.9	986.2	0.8
20190714	23.4	9.0	86.3	987.0	1.1
20190715	23.3	45.5	87.8	991.8	1.4
20190716	24.1	40.0	79.9	995.2	1.0
20190717	24.4	0.4	77.6	996.0	1.2
20190718	22.3	13.0	91.8	994.2	1.1
20190719	23.1	30.0	98.9	991.2	2.2
20190720	23.3	220.5	99.4	983.5	3.5
20190721	25.0	4.5	91.0	988.3	1.4
20190722	27.3	0.0	81.3	991.0	1.1
20190723	27.5	0.0	81.9	990.0	0.9
20190724	26.1	0.0	88.1	989.8	1.1
20190725	26.9	3.0	92.0	990.3	1.5
20190726	27.1	0.0	85.4	989.5	1.7
20190727	25.8	13.5	97.9	991.3	0.9
20190728	26.9	3.5	87.0	994.2	1.8
20190729	27.4	0.0	81.6	994.8	1.2
20190730	27.8	0.0	80.5	993.4	1.4
20190731	28.6	0.0	80.9	994.7	1.2
20190801	28.4	0.0	80.3	996.2	0.9
20190802	29.4	0.0	77.0	995.7	0.9
20190803	28.9	0.0	78.5	995.5	1.0
20190804	28.5	0.0	79.1	995.0	0.8
20190805	29.0	0.0	78.8	993.7	0.8
20190806	25.9	6.5	83.5	990.4	1.1
20190807	26.7	5.5	89.1	990.6	1.0
20190808	27.2	0.0	84.8	992.9	0.9
20190809	27.8	0.0	81.8	992.0	0.9
20190810	28.2	0.0	72.6	990.6	1.3
20190811	27.6	1.0	74.5	987.4	2.3
20190812	26.4	15.5	92.3	986.2	3.0
20190813	28.5	0.0	81.9	987.1	0.8
20190814	28.0	0.5	78.8	983.5	1.2
20190815	27.4	1.5	79.3	975.6	2.2
20190816	27.1	0.2	72.3	980.8	2.4
20190817	26.1	0.0	75.5	986.9	0.9
20190818	26.1	0.1	68.5	990.7	1.1
20190819	24.6	0.0	77.8	993.4	0.8
20190820	25.6	0.0	79.3	994.0	0.8
20190821	24.5	13.0	91.0	993.3	0.6
20190822	26.1	50.0	85.1	990.3	1.4
20190823	24.2	0.0	72.4	993.2	1.6
20190824	22.3	0.0	77.0	995.4	1.4
20190825	21.2	0.2	86.9	997.5	0.8
20190826	23.5	0.0	75.1	996.6	1.4
20190827	22.1	9.0	96.4	991.9	0.6
20190828	23.4	1.5	93.6	991.3	0.6
20190829	21.5	0.1	94.5	991.5	0.8
20190830	22.6	0.0	72.4	993.6	2.1
20190831	22.4	0.0	75.0	998.0	1.0
20190901	20.0	1.5	92.0	1001.4	0.8
20190902	19.6	10.5	98.9	1001.2	0.3
20190903	21.7	20.0	97.8	999.5	0.4
20190904	23.3	24.5	96.9	997.5	1.0
20190905	24.9	1.5	90.1	996.2	1.0
20190906	25.4	10.0	87.6	992.6	1.0
20190907	24.6	82.5	90.4	985.9	3.6
20190908	24.2	0.0	89.5	992.7	0.6
20190909	25.3	9.5	90.9	994.2	1.2
20190910	26.0	0.1	82.0	996.8	1.9
20190911	24.9	5.0	85.8	998.4	1.2
20190912	19.2	13.0	99.3	1001.1	0.7
20190913	21.0	0.0	80.9	998.0	0.7
20190914	22.6	0.0	82.1	995.5	0.9
20190915	24.6	0.5	80.8	993.9	0.8
20190916	22.8	0.1	78.9	994.3	0.9
20190917	20.1	0.0	75.1	998.7	1.1
20190918	20.7	0.0	68.6	999.4	1.6
20190919	18.7	0.0	76.4	1001.6	0.8
20190920	18.2	0.0	78.5	1001.0	0.8
20190921	16.9	87.0	98.0	1001.3	0.9
20190922	17.5	112.5	88.5	992.3	2.3
20190923	18.2	0.0	82.5	997.4	1.5
20190924	18.3	0.0	78.4	1002.4	0.9
20190925	17.0	0.0	81.6	1006.0	0.8
20190926	20.1	0.0	82.9	1007.3	0.5
20190927	21.5	0.5	84.9	1006.0	0.9
20190928	22.9	0.5	91.8	1002.0	0.6
20190929	23.4	0.0	84.5	999.9	0.6
20190930	21.8	0.0	88.1	1000.7	0.9
20191001	20.9	12.0	99.1	1002.6	0.6
20191002	20.4	250.0	99.8	993.1	1.3
20191003	22.5	43.0	81.3	988.8	2.9
20191004	21.0	0.0	85.0	997.1	1.2
20191005	20.2	0.0	79.3	999.3	1.5
20191006	17.5	0.0	71.9	1006.3	0.7
20191007	15.5	7.5	93.0	1001.4	0.8
20191008	17.1	0.0	60.0	1001.3	3.4
20191009	12.8	0.0	64.8	1002.8	0.8
20191010	15.1	0.0	75.6	999.5	0.7
20191011	17.2	0.0	69.5	997.7	0.8
20191012	17.0	0.0	69.0	999.2	1.5
20191013	14.3	0.0	76.4	1006.0	0.9
20191014	14.7	0.0	79.3	1007.6	1.6
20191015	13.4	0.0	80.0	1011.2	0.9
20191016	12.5	0.0	83.6	1009.6	0.7
20191017	12.4	0.0	86.8	1007.8	0.7
20191018	12.8	6.5	99.0	1005.0	0.6
20191019	16.1	0.0	82.5	1003.5	0.8
20191020	14.2	0.0	83.0	1005.0	0.8
20191021	13.7	0.0	83.9	1002.0	0.9
20191022	14.5	0.0	84.8	1001.2	0.7
20191023	15.2	0.0	85.0	1002.0	0.5
20191024	15.7	0.0	84.5	1001.5	0.5
20191025	17.3	0.0	71.4	1000.5	1.1
20191026	14.2	0.0	57.9	1000.9	3.5
20191027	11.0	0.0	60.8	1002.3	2.1
20191028	9.4	0.0	80.6	1000.9	0.7
20191029	12.8	0.1	66.3	999.6	2.4
20191030	11.8	0.0	64.3	1004.6	1.5
20191031	11.8	0.0	70.6	1004.6	1.3
20191101	14.4	0.0	71.1	1004.9	0.9
20191102	12.1	0.0	84.3	1004.1	0.5
20191103	13.4	0.0	77.4	1002.5	0.5
20191104	12.8	0.0	81.1	1005.3	0.5
20191105	12.1	0.0	77.3	1002.6	1.2
20191106	11.2	0.0	69.4	1000.1	0.7
20191107	12.8	0.0	57.9	1000.1	2.8
20191108	7.6	0.0	66.1	1003.3	0.9
20191109	7.6	0.0	61.9	1004.1	0.8
20191110	8.1	6.5	77.0	996.9	1.5
20191111	13.5	0.1	59.1	994.9	4.7
20191112	10.0	0.0	69.8	1003.8	0.7
20191113	8.5	0.0	74.1	1001.4	1.6
20191114	4.7	0.0	49.8	1006.1	3.1
20191115	5.3	0.0	71.8	1004.0	0.6
20191116	9.3	0.0	83.4	1003.7	0.5
20191117	10.6	2.0	96.9	1002.4	0.8
20191118	10.0	10.5	61.4	1000.8	4.9
20191119	5.5	0.0	53.1	1007.4	4.9
20191120	3.8	0.0	53.4	1012.9	1.3
20191121	4.3	0.0	55.8	1014.6	0.4
20191122	7.9	0.0	70.3	1011.0	0.4
20191123	9.5	0.0	78.9	1007.7	0.5
20191124	14.4	0.2	71.4	1002.5	1.3
20191125	8.6	0.0	58.6	1009.7	2.3
20191126	8.5	0.0	71.9	1011.6	0.5
20191127	7.0	0.0	66.0	1008.8	1.5
20191128	4.5	0.0	74.8	1011.5	0.7
20191129	2.9	0.0	66.3	1013.4	1.0
20191130	3.9	0.0	60.5	1011.8	0.5
20191201	5.8	21.6	88.6	1004.2	0.7
20191202	4.9	0.0	54.0	1003.8	5.5
20191203	3.7	0.0	60.1	1008.9	2.3
20191204	3.5	0.0	65.6	1011.7	1.7
20191205	2.1	0.0	49.8	1016.1	3.4
20191206	-2.5	0.0	38.5	1016.4	2.0
20191207	2.1	0.0	50.5	1012.2	3.3
20191208	1.8	0.0	65.3	1010.7	0.9
20191209	0.4	0.0	72.8	1008.2	0.7
20191210	3.0	0.0	81.9	1004.8	0.4
20191211	5.1	0.0	71.9	1001.5	2.5
20191212	2.3	0.0	43.3	1010.5	2.8
20191213	-0.6	0.0	62.9	1010.6	0.5
20191214	4.4	0.0	55.9	1010.1	2.2
20191215	3.0	0.0	71.9	1012.8	0.4
20191216	5.5	0.0	77.6	1007.3	0.6
20191217	5.7	0.3	86.5	1000.0	1.3
20191218	5.9	0.0	59.3	1004.7	2.6
20191219	3.8	0.0	40.3	1007.0	3.4
20191220	1.5	0.0	60.9	1011.4	1.9
20191221	-0.6	0.0	69.6	1010.6	0.7
20191222	0.4	0.0	75.8	1004.7	0.4
20191223	2.6	0.0	72.0	1005.0	2.0
20191224	1.1	0.0	63.0	1009.5	0.6
20191225	2.7	0.0	56.3	1006.0	0.4
20191226	3.5	1.2	71.4	998.9	2.5
20191227	1.3	0.0	48.8	1007.0	3.8
20191228	-0.4	0.0	62.1	1011.9	1.0
20191229	0.1	9.5	82.1	1010.1	0.5
20191230	5.4	0.3	78.9	1005.5	2.1
20191231	-2.5	0.0	34.9	1014.2	5.8
20200101	0.3	0.0	52.4	1014.0	3.3
20200102	2.8	0.0	58.9	1011.7	2.6
20200103	3.2	0.0	60.4	1009.0	2.4
20200104	1.2	0.0	67.1	1008.4	2.0
20200105	0.0	0.0	63.8	1013.3	0.4
20200106	0.8	15.9	91.8	1010.1	0.4
20200107	8.4	35.4	97.1	995.3	1.1
20200108	5.6	0.0	70.1	997.7	5.9
20200109	2.8	0.0	57.8	1005.5	2.7
20200110	0.4	0.0	72.5	1005.5	0.6
20200111	2.9	0.0	61.1	1001.8	1.6
20200112	2.4	0.0	53.6	1000.6	4.1
20200113	1.3	0.0	56.8	1005.2	4.0
20200114	0.1	0.0	60.8	1007.8	1.6
20200115	-0.1	0.0	57.8	1010.1	2.2
20200116	-0.4	0.0	56.9	1008.5	0.5
20200117	1.2	0.0	48.9	1004.7	0.6
20200118	1.7	0.0	42.5	1003.4	2.0
20200119	2.8	0.0	59.4	1002.7	2.6
20200120	3.8	0.0	49.6	1005.4	4.3
20200121	1.3	0.0	43.3	1012.0	1.4
20200122	1.7	5.7	73.9	1008.2	0.5
20200123	5.9	4.2	92.9	1005.8	0.6
20200124	4.5	0.0	73.8	1011.8	0.6
20200125	5.4	0.0	79.5	1012.2	0.4
20200126	6.2	0.0	75.6	1009.2	1.1
20200127	4.8	20.9	91.8	1000.6	1.7
20200128	6.4	0.0	80.3	999.9	0.8
20200129	5.2	7.0	89.3	998.5	0.8
20200130	4.6	0.0	76.0	997.8	1.3
20200131	2.6	0.0	70.9	1002.9	1.3
20200201	2.5	0.0	67.5	1007.5	2.4
20200202	2.7	0.0	62.3	1007.9	0.9
20200203	2.8	0.0	52.0	1008.5	3.1
20200204	0.8	0.0	55.4	1008.8	1.8
20200205	-1.0	0.0	34.6	1011.2	4.5
20200206	-2.3	0.0	31.1	1014.8	1.1
20200207	0.6	0.0	48.9	1010.8	1.9
20200208	2.8	0.0	45.8	1008.8	4.3
20200209	0.9	0.0	50.8	1008.1	2.3
20200210	5.6	0.0	51.5	1006.9	2.3
20200211	4.9	0.0	63.5	1011.2	1.2
20200212	8.9	15.6	93.4	1000.6	1.3
20200213	9.8	0.0	72.3	1001.7	1.3
20200214	9.2	0.0	63.0	1003.5	0.7
20200215	9.4	0.0	70.5	1002.0	1.6
20200216	2.3	3.8	70.1	996.0	5.1
20200217	-2.5	0.0	60.6	1000.3	5.7
20200218	0.0	0.0	46.1	1008.8	4.3
20200219	3.5	0.0	55.1	1011.9	1.1
20200220	4.6	0.0	60.6	1016.1	0.6
20200221	6.5	0.9	68.9	1013.5	1.4
20200222	6.7	2.5	50.3	1008.2	5.4
20200223	4.1	0.0	46.1	1011.8	2.0
20200224	6.5	0.0	57.5	1007.7	0.9
20200225	7.0	13.3	96.8	1000.1	0.5
20200226	8.9	0.5	76.3	1005.3	1.4
20200227	5.5	0.0	72.3	1011.0	1.5
20200228	3.9	1.3	87.0	1006.8	0.9
20200229	5.7	0.0	87.1	1001.3	0.8
20200301	7.7	0.0	76.3	1001.8	1.1
20200302	6.3	0.0	47.8	1005.5	3.1
20200303	6.0	0.0	68.6	1007.3	1.3
20200304	4.3	0.0	50.4	1004.7	5.2
20200305	3.0	0.0	45.8	1007.4	2.8
20200306	4.0	0.0	57.9	1005.2	0.9
20200307	3.0	6.2	90.9	1002.2	0.8
20200308	7.3	0.0	73.6	1002.4	1.3
20200309	6.9	4.5	87.1	997.6	0.6
20200310	7.4	7.8	80.1	990.2	3.5
20200311	5.3	0.0	42.5	1000.9	4.7
20200312	5.5	0.0	55.0	1005.6	1.1
20200313	8.4	0.0	48.3	1003.3	2.4
20200314	5.9	0.0	29.3	998.9	4.0
20200315	6.3	0.0	40.3	995.3	5.4
20200316	4.7	0.0	45.0	1004.8	1.9
20200317	9.0	0.0	53.1	999.7	3.0
20200318	9.6	0.0	56.5	998.2	1.3
20200319	8.3	0.0	51.9	992.3	5.8
20200320	10.2	0.0	36.6	998.0	3.3
20200321	12.2	0.0	58.8	996.2	1.5
20200322	15.1	0.0	51.1	995.9	1.9
20200323	11.6	0.0	36.5	1000.5	3.0
20200324	9.8	0.0	57.4	1003.9	1.5
20200325	11.3	0.0	59.9	1004.5	1.7
20200326	10.4	9.0	87.3	1000.5	0.7
20200327	12.5	1.7	81.1	996.1	2.1
20200328	7.5	0.0	58.1	1003.2	1.3
20200329	8.2	0.0	65.4	1004.9	1.4
20200330	12.2	0.0	57.5	1003.6	1.4
20200331	12.2	0.0	61.1	1000.2	1.2
20200401	12.1	0.0	43.0	997.1	3.5
20200402	9.6	0.0	46.4	1004.9	1.3
20200403	11.2	0.0	41.1	1004.0	1.9
20200404	10.3	0.0	38.1	1002.1	3.3
20200405	7.8	0.0	37.0	1005.1	2.0
20200406	9.3	0.0	43.0	1003.4	1.4
20200407	13.4	0.0	35.8	999.1	2.8
20200408	11.7	0.0	27.9	1001.1	3.8
20200409	9.4	0.0	43.6	1005.1	1.8
20200410	9.0	0.0	65.5	1008.4	1.6
20200411	7.7	3.5	79.4	1003.4	1.1
20200412	7.7	1.6	82.1	996.2	1.3
20200413	8.7	0.0	58.6	996.4	1.7
20200414	12.1	0.0	46.1	1000.0	1.8
20200415	11.8	0.0	45.9	998.2	1.1
20200416	12.0	0.0	62.1	1001.9	2.0
20200417	10.4	33.3	90.6	998.1	1.3
20200418	14.3	0.0	61.3	999.2	2.6
20200419	10.9	25.2	86.1	997.7	1.8
20200420	12.1	0.0	68.4	994.8	3.4
20200421	9.8	0.0	35.1	998.4	6.0
20200422	7.3	0.0	39.1	999.8	6.7
20200423	8.8	0.0	41.0	999.9	5.4
20200424	10.3	0.0	34.1	999.4	3.8
20200425	13.5	0.0	50.1	995.7	2.0
20200426	13.3	0.0	42.1	1000.5	2.5
20200427	11.9	0.0	43.1	1003.5	2.4
20200428	13.2	0.0	45.8	1004.1	2.2
20200429	15.2	0.0	48.1	1002.9	1.3
20200430	15.8	0.0	68.0	1000.5	1.4
20200501	19.2	0.0	77.9	998.1	1.4
20200502	19.3	0.1	78.1	996.0	1.5
20200503	16.4	26.9	95.4	991.0	1.7
20200504	21.3	0.0	75.3	991.6	2.0
20200505	17.3	0.0	82.6	995.5	1.5
20200506	19.6	0.0	60.8	997.3	1.6
20200507	16.7	0.0	47.4	1002.3	1.4
20200508	15.7	1.2	64.4	999.5	2.0
20200509	16.6	22.4	91.1	990.3	3.8
20200510	17.8	0.0	68.5	991.1	3.3
20200511	19.7	0.0	52.9	992.2	2.2
20200512	18.5	0.0	46.8	989.7	4.0
20200513	16.7	0.0	48.3	999.9	2.2
20200514	17.8	0.0	51.1	1000.9	1.6
20200515	15.1	15.4	88.6	994.0	3.0
20200516	19.5	0.0	84.6	990.1	1.1
20200517	20.0	0.0	82.6	989.6	1.9
20200518	17.5	5.2	85.1	985.0	2.3
20200519	15.0	0.2	66.8	984.3	3.2
20200520	16.8	0.0	66.8	994.1	2.6
20200521	16.5	0.0	75.4	998.8	2.2
20200522	17.3	0.0	71.0	997.9	1.8
20200523	18.3	0.0	72.0	996.0	1.5
20200524	18.7	0.3	80.6	994.4	1.3
20200525	18.3	0.0	73.1	995.1	0.9
20200526	19.2	0.0	70.1	992.7	1.3
20200527	20.4	0.0	55.0	992.3	1.8
20200528	19.7	0.0	61.4	993.3	1.7
20200529	20.1	0.0	64.3	998.7	1.7
20200530	20.0	0.0	60.6	1001.3	1.2
20200531	20.4	0.0	66.1	996.1	1.6
20200601	21.8	0.0	57.4	993.8	3.0
20200602	20.4	0.0	54.1	992.1	1.5
20200603	20.8	0.0	76.6	988.7	1.4
20200604	24.7	0.0	72.9	988.1	1.5
20200605	25.0	0.0	69.5	990.6	1.4
20200606	22.9	5.3	79.3	993.2	1.5
20200607	23.2	0.0	72.5	996.0	1.2
20200608	24.3	0.0	65.9	998.9	1.2
20200609	25.3	0.0	64.3	998.8	1.4
20200610	25.3	0.0	72.1	993.4	1.5
20200611	24.7	6.4	84.8	987.7	1.3
20200612	24.6	16.5	87.6	989.2	1.5
20200613	23.3	34.3	90.0	989.6	1.2
20200614	24.4	15.7	83.5	988.8	1.8
20200615	24.4	0.0	57.8	990.9	2.2
20200616	24.0	0.0	57.6	990.2	1.8
20200617	21.7	1.0	75.8	990.2	1.1
20200618	17.6	33.5	95.5	987.5	0.7
20200619	22.1	1.2	77.1	990.4	1.3
20200620	22.9	0.0	78.1	994.7	1.3
20200621	23.6	0.0	76.5	992.4	1.4
20200622	23.9	0.0	75.6	993.1	1.2
20200623	24.2	0.0	67.8	993.7	1.7
20200624	21.6	7.8	87.1	989.5	2.3
20200625	22.6	0.0	90.8	987.0	1.0
20200626	24.1	0.0	71.6	991.1	2.1
20200627	23.7	0.0	79.3	989.4	0.9
20200628	25.9	0.0	70.5	988.3	1.6
20200629	20.9	71.7	92.0	986.4	2.0
20200630	22.2	1.4	76.8	977.2	4.3
20200701	22.1	0.0	71.5	988.9	2.2
20200702	21.7	0.0	78.5	995.6	1.2
20200703	18.9	18.2	90.6	995.2	0.6
20200704	20.2	0.0	86.5	991.7	0.8
20200705	21.9	0.0	84.6	989.0	1.0
20200706	21.6	0.0	91.8	986.3	1.1
20200707	24.8	0.0	82.6	988.0	1.4
20200708	24.8	0.0	75.6	989.0	1.4
20200709	22.5	7.6	88.6	989.2	0.9
20200710	23.9	87.5	88.9	986.0	1.2
20200711	25.0	0.0	84.1	991.0	1.8
20200712	20.6	56.3	92.8	994.5	2.1
20200713	18.6	109.1	98.3	987.6	0.8
20200714	19.3	9.0	97.8	987.0	0.7
20200715	19.1	9.2	94.9	990.1	1.2
20200716	22.3	0.0	78.9	991.4	0.9
20200717	23.0	0.0	79.1	993.2	1.2
20200718	22.5	0.0	80.5	994.0	1.5
20200719	23.5	0.1	88.8	992.0	2.6
20200720	26.0	0.7	85.9	991.8	1.8
20200721	25.2	8.0	83.6	995.8	1.4
20200722	22.5	114.2	97.9	994.5	0.6
20200723	21.8	104.5	97.8	990.1	1.1
20200724	20.3	3.4	96.1	981.9	2.4
20200725	21.9	9.1	92.6	986.7	0.8
20200726	23.6	0.5	82.6	991.7	1.8
20200727	21.8	29.0	94.8	993.0	0.7
20200728	24.2	65.9	94.6	994.7	1.2
20200729	23.9	12.7	98.8	997.4	0.5
20200730	23.2	12.0	95.4	998.9	0.7
20200731	25.6	1.6	89.4	998.5	0.5
20200801	26.2	0.0	87.0	996.3	0.7
20200802	26.5	0.0	85.6	994.4	1.3
20200803	26.4	0.0	85.8	994.7	1.3
20200804	27.4	0.0	84.0	997.0	1.9
20200805	26.2	95.4	91.6	997.2	1.7
20200806	26.2	24.7	91.6	992.7	1.4
20200807	24.0	159.7	96.8	991.4	1.0
20200808	23.6	197.9	99.1	988.8	0.7
20200809	27.6	0.8	80.8	989.9	2.3
20200810	25.1	85.3	96.6	989.2	1.6
20200811	25.9	5.4	92.0	994.8	1.2
20200812	26.7	0.7	92.0	997.7	0.5
20200813	27.8	0.0	85.8	995.2	1.0
20200814	28.1	0.0	85.6	992.2	0.7
20200815	28.6	0.0	80.9	994.2	0.8
20200816	27.6	0.0	80.1	996.1	0.9
20200817	28.0	0.0	79.5	997.9	0.7
20200818	28.1	0.0	80.0	997.1	0.9
20200819	28.0	0.0	73.9	995.5	0.9
20200820	27.6	0.0	74.4	996.5	0.9
20200821	27.2	0.0	81.4	998.3	1.0
20200822	26.1	0.0	83.4	996.8	1.1
20200823	26.3	0.1	84.1	992.8	1.0
20200824	27.2	0.0	80.5	990.4	1.4
20200825	27.2	4.0	81.3	990.2	1.0
20200826	26.9	55.4	86.3	986.8	2.4
20200827	26.6	65.1	91.0	988.5	3.1
20200828	26.0	2.4	91.1	992.6	1.3
20200829	25.7	11.6	92.9	994.6	0.9
20200830	27.4	17.5	86.0	995.7	0.9
20200831	25.7	3.5	84.5	997.0	1.0
20200901	24.5	0.0	87.1	994.1	0.7
20200902	24.5	78.5	94.9	983.2	1.2
20200903	24.2	49.0	72.9	983.4	5.0
20200904	21.6	0.0	80.1	997.8	0.9
20200905	19.4	1.2	92.0	998.4	0.9
20200906	19.4	17.8	94.3	990.6	1.2
20200907	21.4	51.0	79.3	976.6	4.1
20200908	21.5	0.0	86.1	995.8	0.9
20200909	20.7	9.2	89.5	995.3	1.0
20200910	21.4	2.9	87.0	994.2	0.7
20200911	20.4	7.8	93.4	998.0	1.0
20200912	19.5	2.0	93.8	998.5	1.1
20200913	19.7	0.4	90.0	999.6	0.7
20200914	21.5	0.0	81.3	998.7	0.8
20200915	21.6	0.0	81.4	997.5	1.4
20200916	20.9	3.7	91.4	994.6	1.1
20200917	20.0	3.5	94.8	995.1	0.8
20200918	17.8	1.5	83.3	998.6	1.1
20200919	17.5	0.0	79.0	1000.9	1.4
20200920	17.3	0.0	72.8	1001.4	1.3
20200921	16.1	0.0	80.6	1002.5	0.9
20200922	15.3	0.0	87.5	1002.5	0.8
20200923	16.6	0.0	83.6	1001.2	0.7
20200924	18.7	0.0	80.8	998.4	0.7
20200925	18.3	0.0	82.3	996.2	0.9
20200926	17.8	0.0	81.3	999.4	0.8
20200927	17.4	0.0	80.0	1002.6	0.8
20200928	15.8	0.0	81.5	1001.4	0.8
20200929	16.1	0.0	81.8	995.8	0.9
20200930	17.6	0.0	77.4	994.9	0.8
20201001	18.5	0.0	79.1	998.3	1.1
20201002	19.1	0.0	82.0	999.6	0.8
20201003	19.5	1.1	85.8	999.5	0.7
20201004	18.6	0.1	79.3	996.4	2.1
20201005	15.1	0.0	52.8	1001.3	3.6
20201006	14.0	0.0	67.4	1005.3	1.2
20201007	14.9	0.0	70.5	1008.6	1.0
20201008	15.7	0.0	66.4	1009.1	1.9
20201009	15.7	0.0	67.5	1006.3	1.6
20201010	16.8	0.0	72.0	1002.8	0.9
20201011	16.0	0.0	78.8	1000.3	0.7
20201012	16.6	0.0	74.6	999.0	1.4
20201013	13.8	0.0	58.6	1003.8	2.0
20201014	12.2	0.0	69.1	1008.1	1.4
20201015	13.0	0.0	56.5	1008.1	1.1
20201016	10.3	0.0	78.4	1007.3	0.7
20201017	11.9	0.0	79.3	1006.7	0.8
20201018	11.2	0.0	75.5	1007.4	0.8
20201019	11.1	0.0	74.5	1008.7	0.7
20201020	11.2	0.0	74.8	1009.9	0.6
20201021	11.4	14.7	90.3	1003.9	0.5
20201022	14.2	0.0	73.8	997.1	2.9
20201023	11.3	0.0	49.4	997.9	5.3
20201024	11.3	0.0	46.5	1001.8	4.6
20201025	14.1	0.0	55.9	1003.4	2.5
20201026	11.4	0.0	74.3	1003.5	0.5
20201027	11.2	0.0	80.4	1004.9	0.5
20201028	14.4	0.0	64.1	1005.5	1.2
20201029	10.2	0.0	60.6	1006.8	0.8
20201030	9.2	0.0	72.0	1009.0	0.7
20201031	9.0	0.0	78.0	1009.5	0.6
20201101	9.7	3.0	94.3	1005.7	0.5
20201102	11.1	0.5	77.0	1003.9	1.0
20201103	6.2	0.0	56.0	1004.1	4.1
20201104	6.2	0.0	47.0	1008.0	2.3
20201105	6.7	0.0	60.9	1010.8	0.8
20201106	9.4	0.0	74.8	1006.2	0.3
20201107	14.0	0.0	62.1	1002.0	1.9
20201108	11.7	0.0	43.6	1004.9	4.0
20201109	7.7	0.0	42.5	1008.6	2.7
20201110	8.1	0.0	53.6	1011.1	1.4
20201111	5.9	0.0	63.9	1015.6	0.6
20201112	6.8	0.0	69.5	1014.2	0.5
20201113	8.3	0.0	68.5	1011.6	0.5
20201114	8.8	0.0	81.1	1013.5	0.4
20201115	8.9	0.0	81.8	1011.1	0.3
20201116	10.6	0.0	69.9	1009.7	0.5
20201117	13.4	0.8	79.9	1008.9	0.5
20201118	16.6	1.5	89.1	1002.4	2.5
20201119	18.5	25.3	77.9	993.0	4.4
20201120	8.7	0.0	65.5	1001.1	4.7
20201121	6.4	0.0	79.6	1007.3	1.0
20201122	8.6	0.3	76.4	1004.9	2.6
20201123	5.2	0.0	57.8	1009.6	2.6
20201124	4.8	0.0	59.5	1010.3	0.7
20201125	4.9	0.0	63.6	1009.6	1.4
20201126	6.5	0.0	64.5	1009.2	0.6
20201127	6.2	0.0	60.0	1008.1	4.3
20201128	4.1	0.0	46.1	1010.3	4.7
20201129	4.2	0.0	54.4	1011.8	3.9
20201130	3.8	0.0	52.9	1016.2	2.8
20201201	1.5	0.0	56.3	1016.9	0.7
20201202	2.9	0.0	49.6	1012.3	1.2
20201203	3.3	0.0	49.4	1011.4	3.4
20201204	2.2	0.0	46.0	1012.1	3.1
20201205	2.6	0.0	59.8	1012.5	1.5
20201206	2.8	0.0	66.6	1011.2	1.0
20201207	3.7	0.0	66.6	1010.4	2.1
20201208	1.9	0.0	58.4	1010.8	2.4
20201209	0.5	0.0	58.0	1009.2	0.5
20201210	4.3	0.0	60.9	1005.6	0.7
20201211	5.3	0.0	70.4	1003.0	1.5
20201212	5.4	0.0	44.9	1001.5	3.1
20201213	1.9	0.2	59.1	1001.5	3.0
20201214	-2.9	0.0	38.0	1009.5	4.2
20201215	-3.8	0.0	44.0	1012.2	3.8
20201216	-3.2	0.0	49.1	1012.2	3.9
20201217	-1.7	0.0	51.4	1012.7	3.0
20201218	0.0	0.0	58.5	1010.9	2.5
20201219	-1.3	0.0	32.8	1014.1	3.6
20201220	0.5	0.0	47.5	1014.2	2.8
20201221	1.4	0.0	55.0	1011.8	1.9
20201222	2.4	0.0	65.1	1009.9	1.9
20201223	0.8	0.0	76.0	1007.1	0.6
20201224	5.0	0.0	51.9	1000.8	4.5
20201225	1.1	0.0	55.1	1006.4	4.2
20201226	0.7	0.0	69.1	1009.1	1.0
20201227	2.0	3.5	85.0	1006.3	0.5
20201228	3.0	0.0	91.6	1007.1	1.0
20201229	2.6	1.4	83.5	1002.4	1.8
20201230	-5.6	0.0	53.4	1003.0	7.1
20201231	-3.2	0.0	55.4	1007.6	4.5
20210101	-1.4	0.0	60.1	1008.6	2.5
20210102	-0.6	0.0	52.4	1010.5	2.8
20210103	-0.5	0.0	38.3	1015.4	2.9
20210104	-0.2	0.0	58.0	1013.4	1.1
20210105	-0.8	0.0	53.3	1010.3	3.0
20210106	-4.1	0.0	54.9	1006.5	2.2
20210107	-9.0	0.3	47.1	1006.3	5.2
20210108	-10.0	0.0	46.6	1006.1	3.0
20210109	-8.0	0.0	53.4	1006.4	3.3
20210110	-4.4	0.0	63.5	1009.8	1.7
20210111	-4.6	0.0	74.9	1008.4	0.8
20210112	-2.5	0.0	64.6	1001.9	1.4
20210113	2.4	0.0	61.0	1000.4	0.9
20210114	4.4	0.0	60.8	1005.0	1.0
20210115	5.2	0.0	67.3	1000.8	1.3
20210116	0.5	0.0	48.3	1006.0	4.4
20210117	-2.6	0.0	43.3	1010.1	3.4
20210118	-1.9	2.0	64.6	1004.8	3.2
20210119	-3.1	0.0	51.3	1013.5	1.2
20210120	-2.0	0.0	70.0	1013.5	0.5
20210121	2.5	0.9	79.8	1007.7	0.5
20210122	6.8	1.2	95.6	1002.2	0.3
20210123	7.4	1.5	93.3	1002.5	0.5
20210124	6.2	0.0	75.5	1008.9	0.8
20210125	5.1	0.0	76.6	1009.6	0.7
20210126	4.8	10.9	85.3	1003.0	2.0
20210127	5.1	0.0	42.4	1004.9	2.5
20210128	-0.4	0.0	64.5	1000.2	4.8
20210129	-3.8	0.0	42.6	1007.4	6.3
20210130	0.1	0.0	61.0	1009.8	2.3
20210131	3.3	2.1	73.4	1011.1	1.0
20210201	7.5	14.1	73.9	1000.5	1.8
20210202	-0.6	0.0	35.6	1006.7	5.7
20210203	-0.5	0.0	35.4	1008.6	2.6
20210204	1.5	1.1	46.0	1008.2	3.4
20210205	0.1	0.0	54.9	1005.3	0.6
20210206	2.8	0.0	75.0	1000.4	1.0
20210207	7.3	0.0	54.8	1003.0	2.7
20210208	0.5	0.0	30.5	1008.8	4.9
20210209	1.0	0.0	36.3	1010.5	2.0
20210210	2.4	0.0	54.3	1008.3	1.6
20210211	3.8	0.0	64.0	1008.5	0.8
20210212	5.6	0.0	57.3	1007.8	0.5
20210213	6.7	0.0	53.3	1007.3	0.5
20210214	8.9	1.6	69.4	999.0	0.9
20210215	3.9	0.5	66.1	993.7	5.9
20210216	-0.2	0.4	50.8	998.4	4.8
20210217	-5.5	0.0	48.6	1000.3	7.2
20210218	-3.7	0.0	49.4	1003.7	5.9
20210219	3.3	0.0	47.9	1001.6	2.6
20210220	7.4	0.0	60.1	995.6	1.4
20210221	11.3	0.0	53.4	996.0	1.7
20210222	11.0	0.0	50.8	997.2	3.1
20210223	5.0	0.0	32.1	1006.5	2.1
20210224	3.7	0.0	37.1	1007.9	0.8
20210225	2.5	6.8	78.6	1007.3	0.6
20210226	6.7	0.4	71.9	1006.2	1.4
20210227	5.9	0.0	61.5	1012.5	1.7
20210228	5.6	1.6	85.6	1010.5	0.6
20210301	10.8	39.9	95.0	997.4	1.9
20210302	5.0	0.2	67.9	1006.3	2.9
20210303	3.3	0.0	68.6	1013.0	1.1
20210304	4.8	8.0	89.3	1008.1	0.5
20210305	9.5	0.0	77.6	1003.3	0.9
20210306	6.4	0.0	74.9	1009.9	1.2
20210307	6.1	0.0	71.1	1011.5	1.0
20210308	7.4	0.0	70.5	1009.8	1.4
20210309	10.0	0.0	57.1	1008.0	1.3
20210310	9.7	0.0	53.3	1011.4	1.6
20210311	9.5	0.0	63.6	1009.6	1.1
20210312	7.6	23.1	94.6	1003.8	1.5
20210313	8.2	0.0	74.1	1004.4	1.1
20210314	8.4	0.0	72.3	1003.4	1.2
20210315	9.8	0.0	75.9	1000.9	1.4
20210316	13.5	1.3	55.4	997.4	2.8
20210317	9.5	0.0	56.5	1002.0	1.2
20210318	10.9	0.0	65.9	1003.4	1.4
20210319	12.3	0.0	59.4	1003.1	1.4
20210320	9.6	5.6	87.0	996.5	1.4
20210321	7.2	0.0	55.1	997.8	5.9
20210322	6.7	0.0	40.6	1004.3	5.1
20210323	10.2	0.0	41.5	1005.2	2.7
20210324	8.3	0.0	57.4	1004.9	0.8
20210325	11.9	0.0	55.1	1004.3	0.9
20210326	13.5	0.0	49.0	1004.8	1.7
20210327	11.9	42.7	86.3	995.8	2.1
20210328	12.8	1.6	76.9	988.3	3.1
20210329	14.4	0.0	37.9	991.9	3.3
20210330	14.0	0.0	35.4	995.1	1.5
20210331	12.8	0.0	53.6	998.5	1.2
20210401	12.9	0.0	55.5	1003.1	1.3
20210402	16.5	0.0	57.1	1003.7	1.4
20210403	15.4	17.1	87.3	996.9	2.4
20210404	11.2	5.0	94.6	997.5	1.2
20210405	9.9	0.0	64.6	1005.3	1.3
20210406	11.7	0.0	53.8	1003.8	2.0
20210407	14.8	0.0	42.6	1002.4	1.4
20210408	14.0	0.0	40.6	1001.3	2.0
20210409	10.3	1.5	59.6	1008.5	1.4
20210410	10.8	0.0	59.4	1014.4	1.3
20210411	12.9	0.0	48.4	1013.7	1.3
20210412	11.6	28.1	82.8	1003.5	2.2
20210413	12.3	0.3	64.4	996.6	3.8
20210414	9.6	0.0	43.9	1002.0	3.1
20210415	9.9	0.0	46.8	1002.7	1.6
20210416	11.6	0.0	66.3	1000.7	1.0
20210417	11.5	0.0	52.4	998.1	4.1
20210418	11.2	0.0	45.1	999.6	5.1
20210419	15.5	0.0	26.8	1000.9	3.8
20210420	17.1	0.0	35.5	1003.8	1.3
20210421	17.9	0.0	46.3	1005.7	0.9
20210422	18.7	0.0	45.4	1003.5	1.1
20210423	17.2	0.0	46.0	1003.1	1.4
20210424	16.4	0.0	56.3	1003.2	1.3
20210425	16.2	0.0	60.8	1003.4	1.6
20210426	13.5	0.0	51.5	1005.9	1.4
20210427	13.0	0.0	68.0	1003.0	1.1
20210428	16.8	0.0	53.1	999.8	1.4
20210429	16.6	0.0	44.9	990.5	2.0
20210430	15.6	0.0	44.0	988.9	4.2
20210501	10.1	5.3	72.1	990.1	4.4
20210502	12.4	0.0	58.5	999.5	3.5
20210503	13.7	0.0	68.1	1002.2	1.4
20210504	15.1	27.6	90.5	995.2	2.6
20210505	16.4	0.1	42.5	997.2	3.9
20210506	13.5	0.0	56.9	1000.8	1.4
20210507	14.5	0.0	62.4	992.4	2.2
20210508	15.9	0.0	53.3	989.8	2.1
20210509	16.8	0.0	46.4	994.1	2.5
20210510	13.7	0.0	69.8	997.3	1.2
20210511	15.1	0.0	77.0	998.8	1.0
20210512	17.6	0.0	69.0	996.7	0.8
20210513	20.6	0.0	69.6	995.7	1.3
20210514	21.9	0.0	69.9	996.2	1.6
20210515	19.8	8.3	92.4	991.9	1.4
20210516	21.0	35.1	95.8	986.4	2.0
20210517	18.7	4.5	91.5	990.4	1.2
20210518	17.5	0.1	84.6	994.4	0.9
20210519	20.7	0.0	65.8	995.5	1.2
20210520	15.4	22.5	96.5	989.4	0.8
20210521	16.6	0.2	69.8	990.5	3.3
20210522	20.1	0.0	66.1	994.1	2.2
20210523	21.0	0.0	71.0	994.7	0.9
20210524	20.7	1.1	66.5	991.8	2.0
20210525	16.5	0.0	56.4	992.2	3.3
20210526	16.3	0.0	60.4	993.7	1.6
20210527	16.4	0.3	73.0	987.3	2.3
20210528	16.5	13.1	71.6	986.2	2.8
20210529	19.6	0.0	57.0	990.6	3.2
20210530	19.1	0.0	66.3	993.7	1.5
20210531	20.4	5.2	70.1	995.7	1.3
20210601	20.6	0.0	66.0	998.7	1.0
20210602	21.1	0.0	69.9	997.7	1.1
20210603	17.8	11.4	95.6	988.9	1.4
20210604	20.5	1.4	55.4	986.7	2.6
20210605	20.2	0.0	71.8	987.4	1.2
20210606	21.7	0.0	78.4	992.4	1.1
20210607	22.5	0.0	75.9	998.3	1.1
20210608	24.5	0.0	67.9	999.5	1.5
20210609	24.2	0.0	65.0	999.9	1.4
20210610	22.4	0.1	71.0	997.5	2.3
20210611	21.7	11.6	89.4	995.1	1.9
20210612	23.9	0.0	83.1	996.0	0.8
20210613	25.1	0.0	78.5	992.5	1.3
20210614	23.4	0.0	81.4	990.8	1.6
20210615	20.0	18.8	90.9	988.8	1.2
20210616	20.3	1.9	86.8	989.5	1.1
20210617	21.0	2.5	82.3	990.9	0.9
20210618	21.6	4.1	85.8	986.4	1.1
20210619	23.3	0.0	69.8	985.5	1.0
20210620	23.0	0.0	71.9	986.9	1.0
20210621	23.4	0.0	63.3	988.9	1.5
20210622	20.3	23.3	84.9	993.7	1.5
20210623	20.3	8.1	89.1	995.3	1.5
20210624	21.8	0.5	80.8	996.0	1.2
20210625	22.6	0.0	76.4	995.4	1.1
20210626	21.9	2.7	80.3	994.9	0.7
20210627	23.2	0.0	75.5	992.0	1.0
20210628	23.9	0.0	76.9	989.7	0.8
20210629	23.2	0.4	83.5	990.6	0.8
20210630	23.7	0.0	79.5	991.7	0.9
20210701	24.0	0.0	75.8	991.4	0.9
20210702	24.7	0.0	74.6	993.6	1.2
20210703	21.9	46.7	91.0	991.9	1.0
20210704	25.2	10.6	80.4	990.2	1.7
20210705	21.7	23.9	94.3	994.7	0.6
20210706	21.5	56.5	98.9	992.7	0.8
20210707	23.4	60.0	99.0	992.6	0.9
20210708	25.3	0.6	89.6	990.1	1.0
20210709	25.4	3.0	89.9	990.0	0.8
20210710	25.4	0.0	85.4	993.1	1.3
20210711	26.3	0.0	84.3	995.3	1.0
20210712	27.2	16.0	82.4	995.1	1.4
20210713	27.4	0.0	82.9	995.6	1.8
20210714	27.7	0.0	82.3	997.6	1.4
20210715	27.0	0.0	84.4	999.5	1.2
20210716	25.5	0.8	86.0	999.4	1.0
20210717	24.4	1.5	86.6	997.1	1.0
20210718	25.5	0.0	83.1	996.6	0.9
20210719	25.5	1.5	86.0	998.3	0.6
20210720	26.1	0.2	86.3	999.2	0.5
20210721	26.5	0.0	80.0	997.5	0.8
20210722	26.0	0.0	81.0	996.1	0.8
20210723	26.3	0.0	81.8	994.5	0.8
20210724	27.0	0.0	80.1	993.4	0.7
20210725	26.2	0.0	78.6	992.1	0.9
20210726	26.9	0.0	72.9	989.8	1.1
20210727	27.1	0.0	75.1	988.2	1.2
20210728	28.2	0.0	74.9	987.9	1.4
20210729	28.0	0.0	76.6	987.2	1.1
20210730	27.6	0.0	76.9	986.2	1.4
20210731	28.1	19.5	80.9	985.6	0.8
20210801	27.3	1.6	86.8	985.7	0.8
20210802	27.2	0.2	84.6	988.3	1.2
20210803	27.5	0.1	83.5	992.7	1.2
20210804	27.9	0.0	76.1	993.9	0.9
20210805	28.9	0.0	75.6	990.9	0.9
20210806	28.8	0.0	72.5	988.1	1.2
20210807	28.2	1.5	72.9	987.6	1.1
20210808	25.1	8.9	87.6	987.2	0.9
20210809	27.4	3.0	71.5	987.4	1.4
20210810	25.7	2.3	84.1	993.2	1.9
20210811	25.2	0.0	83.3	995.3	1.2
20210812	25.1	0.0	82.5	994.4	0.9
20210813	24.8	0.1	84.0	990.8	0.9
20210814	23.3	12.6	87.6	992.1	0.8
20210815	24.4	0.5	80.0	998.5	1.1
20210816	24.2	0.0	77.8	998.7	1.0
20210817	23.9	0.0	76.8	993.8	1.3
20210818	22.6	0.1	84.4	994.3	1.1
20210819	22.5	13.4	84.8	996.5	1.0
20210820	23.6	0.3	82.4	997.4	1.4
20210821	22.8	58.5	95.8	990.7	2.3
20210822	24.9	0.0	82.9	993.8	0.9
20210823	22.3	52.9	97.8	993.4	0.7
20210824	23.9	60.4	98.9	986.4	0.9
20210825	23.7	23.7	96.4	991.8	1.0
20210826	25.5	0.0	82.1	997.5	1.0
20210827	22.8	26.2	92.0	997.4	1.0
20210828	24.3	0.0	86.8	998.4	0.8
20210829	24.3	1.5	92.4	997.8	0.6
20210830	25.0	1.0	89.8	999.8	0.6
20210831	25.5	0.0	86.9	998.8	1.2
20210901	24.8	14.5	89.9	993.6	1.0
20210902	21.0	10.2	93.0	994.8	0.6
20210903	19.8	3.0	96.5	994.7	0.7
20210904	21.5	0.0	86.1	999.6	0.8
20210905	20.2	0.4	88.6	1002.9	0.6
20210906	19.4	7.7	95.1	1001.9	0.4
20210907	20.8	0.2	96.0	994.5	1.0
20210908	23.0	0.0	75.0	994.8	2.2
20210909	21.2	0.0	84.0	998.7	0.8
20210910	20.6	0.2	93.9	998.6	0.6
20210911	23.0	0.0	84.3	997.5	0.8
20210912	23.1	0.0	82.3	997.9	1.1
20210913	22.3	0.0	78.5	1001.5	0.9
20210914	20.4	1.3	86.4	999.6	0.8
20210915	21.7	0.0	71.1	1000.2	1.4
20210916	19.8	0.1	85.3	997.3	0.5
20210917	19.9	18.5	89.6	993.1	1.3
20210918	21.1	0.0	82.1	999.1	0.6
20210919	20.3	0.0	83.5	1000.7	0.8
20210920	21.0	0.0	85.1	997.2	1.7
20210921	21.8	36.4	93.4	991.6	1.8
20210922	20.2	4.9	88.0	994.4	1.0
20210923	20.5	0.0	71.0	1001.6	1.8
20210924	19.0	0.0	80.8	1006.9	0.7
20210925	19.5	0.0	87.9	1006.9	0.6
20210926	20.0	0.0	80.8	1004.8	0.7
20210927	20.4	0.0	79.3	1000.6	0.8
20210928	21.2	0.0	82.1	997.8	0.8
20210929	21.2	37.5	96.8	993.7	0.7
20210930	21.9	11.2	83.4	992.8	0.9
20211001	20.5	0.0	83.1	993.8	0.9
20211002	20.7	0.0	79.6	998.9	1.0
20211003	20.6	0.0	80.9	1005.0	1.5
20211004	22.0	0.0	79.9	1005.8	1.7
20211005	21.5	0.0	82.4	1005.9	1.1
20211006	20.6	0.0	84.3	1004.1	0.8
20211007	21.3	0.0	83.8	1001.7	0.8
20211008	21.3	0.0	85.5	1004.7	0.8
20211009	22.6	0.0	82.9	1006.3	0.7
20211010	22.3	2.0	88.1	1002.9	0.8
20211011	17.7	19.9	93.8	1003.9	1.1
20211012	15.3	18.0	98.3	1009.2	1.1
20211013	17.8	0.1	88.5	1008.6	0.6
20211014	19.4	0.0	81.9	1003.9	1.4
20211015	17.6	3.4	84.1	1001.7	0.7
20211016	13.6	3.2	64.0	1004.4	3.5
20211017	7.2	0.0	47.8	1009.4	3.0
20211018	7.8	0.0	70.3	1007.6	0.8
20211019	10.8	0.0	68.8	1003.4	2.2
20211020	8.6	0.0	75.6	1004.9	0.7
20211021	8.7	0.0	82.4	1003.3	0.8
20211022	9.4	0.0	67.1	1005.6	2.0
20211023	8.9	0.0	76.5	1012.2	0.6
20211024	9.9	0.0	81.8	1010.3	0.5
20211025	10.4	0.0	79.4	1006.5	0.7
20211026	9.7	0.0	76.3	1004.4	0.6
20211027	12.3	0.0	72.5	1003.5	1.3
20211028	10.7	0.0	69.5	1007.0	0.8
20211029	10.1	0.0	78.5	1009.7	0.6
20211030	10.1	0.0	85.9	1008.8	0.4
20211031	11.6	0.0	80.1	1008.3	0.6
20211101	13.1	0.0	69.4	1007.3	1.8
20211102	10.6	0.0	73.5	1005.3	1.4
20211103	9.0	0.0	76.3	1003.4	0.9
20211104	10.3	0.0	74.3	1004.1	0.6
20211105	9.4	0.0	78.1	1005.5	0.5
20211106	10.1	0.0	79.4	1005.1	0.5
20211107	11.7	0.0	78.8	1004.5	0.8
20211108	10.7	27.1	74.6	996.6	3.4
20211109	8.0	0.6	63.8	995.6	4.4
20211110	7.3	0.4	74.9	992.5	2.8
20211111	8.2	0.0	65.0	995.8	3.8
20211112	6.2	0.0	66.1	1001.2	3.5
20211113	6.6	0.0	77.5	1003.2	1.3
20211114	7.6	0.0	81.6	1003.5	1.0
20211115	8.0	0.0	77.8	1005.5	0.6
20211116	7.8	0.0	71.6	1007.7	0.8
20211117	6.9	0.0	65.3	1007.4	0.9
20211118	7.3	0.0	77.0	1003.8	0.6
20211119	8.1	0.0	81.9	1002.9	0.9
20211120	8.2	0.0	83.3	1004.9	0.4
20211121	9.0	0.0	85.5	1001.5	0.4
20211122	6.8	0.0	60.3	998.4	5.5
20211123	4.1	0.0	62.1	1001.1	4.9
20211124	6.7	0.0	66.3	1001.9	3.0
20211125	8.2	0.0	62.3	1002.2	2.5
20211126	6.8	0.0	48.6	1009.5	1.9
20211127	4.9	0.0	56.0	1016.7	1.0
20211128	3.2	0.0	67.8	1017.6	0.4
20211129	4.2	0.0	70.4	1010.9	0.6
20211130	4.5	22.2	80.8	996.9	3.1
20211201	2.0	0.0	50.1	1003.4	6.9
20211202	2.9	0.0	59.6	1003.8	3.0
20211203	3.5	0.0	62.0	1002.1	3.2
20211204	3.6	0.0	63.4	1009.1	2.3
20211205	1.9	0.0	78.3	1012.6	0.5
20211206	4.0	0.0	84.4	1010.3	0.4
20211207	5.5	0.0	73.9	1011.5	0.7
20211208	3.7	0.0	77.4	1015.7	0.5
20211209	3.2	0.0	84.6	1013.6	0.3
20211210	6.3	0.0	83.0	1009.0	0.8
20211211	6.7	0.0	76.5	1008.8	0.6
20211212	6.1	0.0	54.0	1007.2	4.7
20211213	0.0	0.0	40.1	1009.7	2.7
20211214	0.6	0.0	67.9	1006.4	1.7
20211215	4.0	0.0	76.6	1005.4	0.9
20211216	5.7	1.7	79.8	1001.9	1.0
20211217	0.0	0.0	49.1	1004.2	6.8
20211218	-2.6	0.0	45.8	1009.3	3.0
20211219	1.3	0.0	60.3	1005.7	3.7
20211220	3.0	0.0	68.0	1003.0	1.3
20211221	5.0	0.0	68.4	1001.0	1.6
20211222	3.0	0.0	59.9	1005.5	0.7
20211223	1.5	0.0	59.8	1007.7	0.5
20211224	1.7	0.0	66.8	1004.7	2.0
20211225	-4.8	0.0	38.6	1011.1	6.3
20211226	-6.8	0.0	40.1	1014.9	4.6
20211227	-1.1	0.0	51.3	1013.2	4.4
20211228	3.7	0.0	56.4	1010.5	3.0
20211229	2.8	0.0	61.5	1003.9	3.1
20211230	1.0	0.0	49.8	1006.7	6.9
20211231	-1.9	0.0	37.6	1012.3	5.7
20220101	-2.2	0.0	36.6	1012.7	0.8
20220102	-0.8	0.0	62.4	1009.6	1.5
20220103	-0.8	0.0	58.6	1008.7	1.3
20220104	3.0	0.0	45.0	1009.3	2.5
20220105	0.3	0.0	48.1	1009.7	0.3
20220106	2.1	0.0	40.0	1010.1	2.2
20220107	-2.2	0.0	52.8	1012.1	0.5
20220108	-0.5	0.0	54.1	1007.7	1.4
20220109	2.5	0.0	67.6	1005.2	1.1
20220110	1.4	0.0	65.4	1003.1	0.8
20220111	-1.7	0.0	46.5	1001.4	5.8
20220112	-3.0	0.0	41.4	1004.8	3.6
20220113	-3.9	0.0	46.0	1003.1	5.1
20220114	-1.9	0.0	35.3	1007.6	2.4
20220115	0.2	0.0	54.3	1006.2	1.5
20220116	1.2	0.0	53.5	1007.2	3.3
20220117	-0.5	0.0	47.6	1008.9	4.9
20220118	-2.4	0.0	32.8	1010.0	2.2
20220119	-2.3	0.0	54.6	1006.9	2.5
20220120	-2.2	0.0	52.0	1010.3	1.5
20220121	-2.9	0.0	59.0	1013.4	0.5
20220122	1.6	0.0	58.0	1009.9	0.4
20220123	5.2	0.0	66.5	1004.0	0.5
20220124	4.4	0.0	62.1	1005.5	1.0
20220125	4.1	0.0	68.1	1005.0	1.3
20220126	2.7	0.0	57.5	1007.3	2.3
20220127	2.4	0.0	51.9	1006.4	1.3
20220128	2.1	0.0	35.0	1006.1	3.1
20220129	1.3	0.0	30.6	1003.7	3.5
20220130	1.0	0.0	29.1	1003.7	2.8
20220131	0.6	0.0	35.0	1007.0	1.9
20220201	1.0	0.0	56.9	1008.3	4.6
20220202	0.7	0.0	48.6	1010.3	3.8
20220203	0.9	0.0	39.5	1008.7	3.4
20220204	-1.1	0.0	46.9	1007.2	4.7
20220205	-2.9	0.0	49.1	1008.0	6.8
20220206	-1.6	0.0	47.8	1010.8	3.9
20220207	0.1	0.0	35.5	1010.1	2.6
20220208	0.7	0.0	47.1	1009.9	1.7
20220209	0.9	0.0	56.1	1008.3	0.4
20220210	3.4	0.0	42.3	1005.5	1.7
20220211	1.8	0.0	45.1	1008.9	0.7
20220212	4.3	0.0	41.9	1007.7	0.8
20220213	4.1	0.0	56.5	1004.7	0.7
20220214	3.9	0.0	61.0	1003.7	1.9
20220215	-1.2	0.0	52.4	1003.6	6.2
20220216	-3.8	0.0	50.9	1005.2	6.7
20220217	-4.1	0.0	35.9	1009.6	3.7
20220218	-2.1	0.0	49.4	1012.7	0.8
20220219	1.3	0.0	49.6	1005.7	2.8
20220220	-2.8	0.0	38.3	1008.1	5.8
20220221	0.5	0.0	46.5	1011.3	4.2
20220222	-0.7	0.0	40.3	1013.7	4.5
20220223	-1.8	0.0	33.1	1014.1	4.6
20220224	0.2	0.0	39.4	1012.9	4.2
20220225	4.6	0.0	43.9	1010.4	3.5
20220226	5.3	0.1	52.3	1003.4	1.9
20220227	5.7	0.0	31.4	1005.6	3.8
20220228	5.1	0.0	42.8	1005.3	1.4
20220301	5.8	0.5	66.6	998.6	2.1
20220302	4.7	0.0	37.0	1001.0	4.0
20220303	6.6	0.0	45.5	1002.0	1.7
20220304	6.8	0.0	57.9	998.1	1.6
20220305	4.8	0.0	33.9	998.2	6.8
20220306	3.6	0.0	29.6	1003.9	3.9
20220307	3.4	0.0	48.3	1003.6	0.8
20220308	6.0	0.0	40.4	1002.4	1.1
20220309	8.0	0.0	44.1	1005.0	1.2
20220310	8.4	0.0	53.8	1005.1	1.0
20220311	10.1	0.0	71.5	1002.3	0.7
20220312	14.0	0.0	75.1	1000.2	1.3
20220313	15.0	5.8	89.9	995.8	1.3
20220314	12.1	0.0	83.6	995.7	2.9
20220315	10.5	0.0	56.0	997.4	2.1
20220316	12.2	0.0	55.5	999.1	1.0
20220317	9.0	6.5	78.9	1002.9	1.0
20220318	5.9	8.3	87.1	994.5	1.2
20220319	3.6	3.1	80.5	993.8	2.5
20220320	4.2	0.0	73.4	1002.8	2.0
20220321	7.0	0.0	52.0	1006.2	1.1
20220322	7.8	0.0	50.3	1004.5	1.2
20220323	5.7	0.0	63.5	1002.1	1.4
20220324	8.4	0.0	59.1	1004.1	1.2
20220325	11.6	17.5	79.3	1000.2	3.1
20220326	13.5	43.7	79.8	987.7	3.9
20220327	11.7	0.0	42.0	999.0	3.8
20220328	7.9	0.0	48.8	1009.3	1.8
20220329	9.7	0.0	59.4	1008.5	1.2
20220330	13.0	0.0	73.3	1004.3	1.0
20220331	13.4	3.3	68.3	1006.0	2.3
20220401	9.7	0.5	60.8	1012.0	1.6
20220402	9.7	0.0	55.5	1010.5	1.3
20220403	9.2	0.0	54.8	1011.0	1.1
20220404	10.4	0.0	55.5	1010.8	0.8
20220405	11.7	0.0	39.6	1005.7	1.7
20220406	14.9	0.0	31.8	1003.7	1.6
20220407	12.7	0.4	51.8	1001.6	2.6
20220408	13.1	0.0	52.3	1003.3	1.4
20220409	15.2	0.0	59.3	1000.6	1.4
20220410	15.9	0.0	65.8	1001.3	1.6
20220411	16.6	0.0	81.1	998.5	1.7
20220412	19.2	0.0	78.0	995.3	1.5
20220413	14.4	0.5	88.0	998.3	1.3
20220414	10.9	0.6	77.8	1001.5	1.4
20220415	13.7	0.0	57.5	1000.2	2.2
20220416	12.4	0.0	54.8	1001.0	1.6
20220417	14.4	0.0	32.9	1001.9	1.6
20220418	15.5	0.0	40.0	1001.8	1.4
20220419	15.6	0.0	36.3	1001.2	1.2
20220420	15.2	0.0	41.3	1000.1	1.0
20220421	10.9	2.0	78.0	998.2	0.6
20220422	15.3	0.0	76.6	996.2	1.4
20220423	17.7	0.0	70.8	996.6	1.7
20220424	19.7	0.0	63.4	995.1	1.2
20220425	19.2	9.7	64.3	995.5	1.6
20220426	18.3	27.1	89.9	987.6	1.0
20220427	18.3	0.0	52.5	998.0	2.5
20220428	16.9	0.0	64.6	1000.3	1.5
20220429	11.3	15.1	79.5	999.9	1.5
20220430	13.5	0.0	65.6	1001.6	2.2
20220501	13.5	0.0	44.9	998.1	2.5
20220502	13.2	0.0	47.8	997.9	2.2
20220503	12.3	0.0	60.8	1003.7	1.2
20220504	15.2	0.0	63.9	1003.8	1.4
20220505	16.6	0.0	68.9	1003.3	1.5
20220506	18.3	0.0	71.3	1000.7	1.0
20220507	19.2	0.0	63.4	1000.8	2.3
20220508	17.0	0.0	52.6	1002.3	1.8
20220509	16.0	0.0	57.6	1002.1	1.4
20220510	15.8	0.0	53.0	1001.0	1.3
20220511	19.3	0.0	57.5	999.1	1.0
20220512	20.6	0.0	69.6	995.2	0.7
20220513	17.2	3.0	87.9	992.2	0.8
20220514	16.7	0.0	36.8	996.4	4.1
20220515	16.0	0.0	37.8	997.8	2.2
20220516	16.0	0.0	46.9	997.0	1.7
20220517	17.5	0.0	57.9	999.1	1.0
20220518	19.7	0.0	54.4	1002.0	1.4
20220519	18.3	0.0	51.5	1002.1	0.8
20220520	18.4	1.2	68.5	997.9	1.0
20220521	21.4	0.0	58.0	993.3	2.4
20220522	23.5	0.0	47.5	992.3	3.1
20220523	22.3	0.0	63.4	996.4	1.2
20220524	23.1	0.0	52.6	997.7	1.4
20220525	21.0	9.2	69.6	993.1	1.1
20220526	21.4	0.0	42.9	989.0	3.0
20220527	20.7	0.0	47.6	986.9	2.9
20220528	21.4	0.0	51.6	991.1	1.3
20220529	21.0	0.0	51.5	990.2	1.8
20220530	21.3	0.0	70.4	986.8	2.5
20220531	22.8	0.0	42.8	992.2	2.3
20220601	21.7	0.0	51.0	990.9	1.6
20220602	22.5	0.0	55.1	991.6	1.3
20220603	23.4	0.0	61.1	994.2	1.9
20220604	22.2	0.0	55.0	995.7	1.6
20220605	16.9	40.2	88.0	988.1	1.4
20220606	19.7	0.3	79.9	985.2	1.5
20220607	17.0	7.7	82.0	992.5	1.5
20220608	17.7	0.7	82.3	996.6	1.1
20220609	19.9	0.0	74.6	998.0	1.3
20220610	20.2	0.0	76.0	998.5	1.1
20220611	21.7	0.0	75.1	996.6	0.9
20220612	21.4	0.0	70.9	997.5	1.2
20220613	20.3	0.0	71.6	994.3	1.4
20220614	15.6	14.2	96.5	993.6	1.4
20220615	19.4	3.1	86.3	991.8	1.0
20220616	21.9	0.0	69.3	992.6	1.6
20220617	22.4	0.0	79.5	992.9	1.5
20220618	25.1	0.0	75.9	991.9	1.2
20220619	25.6	0.0	76.3	991.8	1.6
20220620	25.4	0.0	78.4	989.1	1.5
20220621	26.3	0.0	74.8	988.5	1.5
20220622	26.7	0.0	76.9	991.8	1.5
20220623	24.5	7.9	87.3	988.1	2.5
20220624	25.3	38.8	81.5	984.4	1.4
20220625	24.8	0.0	83.0	990.9	2.1
20220626	26.5	0.0	79.9	995.2	2.1
20220627	25.6	39.8	89.5	994.6	2.1
20220628	26.3	0.0	82.4	991.6	2.8
20220629	26.0	3.8	86.9	992.3	2.3
20220630	26.8	0.4	84.0	996.6	1.9
20220701	26.9	0.0	79.8	999.5	1.3
20220702	27.2	0.0	73.4	997.8	0.9
20220703	27.9	0.0	68.6	994.0	1.0
20220704	27.1	0.0	79.5	990.6	1.2
20220705	27.6	0.5	79.3	990.3	1.2
20220706	27.7	0.0	81.3	993.3	1.5
20220707	28.1	0.0	80.8	992.5	2.4
20220708	26.7	0.6	85.9	988.1	1.0
20220709	27.5	0.0	74.6	987.2	1.5
20220710	27.3	0.0	80.0	990.3	1.3
20220711	25.4	9.8	89.6	990.9	1.0
20220712	26.3	4.5	84.4	992.8	1.9
20220713	24.1	0.1	84.8	990.3	2.0
20220714	26.7	2.5	78.5	985.2	1.8
20220715	26.7	0.0	66.8	984.5	1.4
20220716	26.0	0.0	68.0	983.9	2.1
20220717	26.1	0.0	70.5	986.1	1.8
20220718	21.7	56.8	98.3	985.3	0.5
20220719	26.8	0.0	75.1	987.4	2.1
20220720	26.6	0.1	73.6	991.2	1.0
20220721	25.3	1.7	75.9	987.0	2.8
20220722	25.9	0.0	69.0	990.6	2.8
20220723	23.5	4.7	86.6	990.9	1.7
20220724	25.4	2.4	86.5	988.0	1.4
20220725	27.0	0.0	79.8	993.2	1.1
20220726	27.1	0.0	79.8	994.9	1.3
20220727	26.4	0.0	74.9	995.3	1.3
20220728	26.2	0.0	84.4	996.5	1.1
20220729	28.5	0.5	78.0	997.1	0.9
20220730	26.7	0.3	83.9	994.4	0.7
20220731	25.1	87.7	95.9	991.2	3.1
20220801	25.6	74.2	94.9	991.3	3.9
20220802	26.7	8.5	91.5	995.3	1.4
20220803	27.7	0.0	87.8	996.0	0.9
20220804	28.9	0.2	79.5	994.7	1.3
20220805	27.8	0.5	85.8	991.9	0.7
20220806	29.2	0.0	78.4	991.4	0.8
20220807	27.2	0.0	84.0	992.8	1.0
20220808	26.8	0.0	83.8	993.7	0.7
20220809	26.8	0.0	84.4	993.3	0.9
20220810	26.7	0.1	85.5	992.4	0.8
20220811	24.3	9.2	97.8	991.1	0.4
20220812	27.7	0.3	84.4	990.8	0.9
20220813	26.0	32.8	92.0	991.5	0.9
20220814	27.9	0.0	85.3	991.9	0.8
20220815	28.5	0.0	76.9	989.1	1.1
20220816	25.4	39.6	92.0	989.6	0.9
20220817	24.8	3.0	91.3	991.1	0.9
20220818	24.4	0.0	81.9	992.7	1.0
20220819	26.0	0.0	85.8	989.6	0.8
20220820	25.1	27.1	95.4	987.8	0.4
20220821	26.2	0.0	82.4	990.2	0.8
20220822	26.1	0.0	82.4	989.9	0.9
20220823	24.6	2.3	89.4	991.0	0.4
20220824	22.0	24.3	93.6	993.1	0.9
20220825	23.9	0.0	76.3	992.3	1.0
20220826	23.8	0.0	67.6	992.1	1.5
20220827	21.5	0.0	72.1	994.5	1.3
20220828	19.5	0.0	74.9	999.9	0.8
20220829	20.1	0.0	84.6	1000.3	0.5
20220830	20.9	10.2	96.4	995.4	0.5
20220831	22.7	0.3	90.5	992.4	0.8
20220901	21.1	0.6	90.9	998.2	0.7
20220902	20.5	0.0	92.8	1000.2	0.5
20220903	21.0	6.6	97.1	999.2	0.4
20220904	23.9	0.6	90.0	995.1	1.1
20220905	23.8	68.8	96.3	987.8	1.2
20220906	22.1	75.1	75.8	987.0	4.2
20220907	20.8	0.0	69.3	1001.4	1.3
20220908	20.2	0.0	75.6	1002.6	0.9
20220909	20.5	0.0	80.5	1002.2	0.8
20220910	20.1	0.0	82.4	1002.3	0.7
20220911	22.0	0.0	82.5	999.7	0.6
20220912	21.4	1.0	93.9	999.1	0.4
20220913	22.7	0.0	81.8	999.9	0.7
20220914	22.0	0.0	73.3	1000.5	0.9
20220915	22.5	0.0	82.3	997.1	0.7
20220916	23.3	0.0	90.0	994.3	1.0
20220917	24.6	0.9	88.4	993.0	0.7
20220918	26.4	0.0	78.1	985.9	1.9
20220919	26.3	0.0	65.4	982.4	3.7
20220920	18.4	0.0	69.4	997.5	1.1
20220921	16.1	0.0	77.6	1002.2	0.8
20220922	16.5	0.0	78.6	1000.2	0.8
20220923	18.7	0.0	66.9	997.7	2.3
20220924	17.8	0.0	61.0	1001.0	2.0
20220925	16.4	0.0	80.5	1001.2	0.7
20220926	16.4	0.0	87.4	1001.5	0.6
20220927	18.8	0.0	75.6	1000.3	0.9
20220928	17.8	0.0	85.3	998.8	0.6
20220929	18.3	0.0	78.0	999.3	0.9
20220930	18.4	0.0	78.5	1000.9	0.5
20221001	19.1	0.0	73.1	1002.5	0.5
20221002	20.5	0.0	75.9	1002.2	2.1
20221003	24.1	0.0	78.1	999.4	1.8
20221004	21.7	25.5	79.6	997.2	2.5
20221005	16.6	0.0	82.8	1003.5	0.9
20221006	16.7	0.0	77.5	1002.8	0.9
20221007	16.2	0.0	65.0	1003.1	2.6
20221008	14.4	0.0	74.6	1008.4	0.9
20221009	13.0	2.4	89.4	1002.5	1.3
20221010	12.3	0.3	62.8	999.5	5.7
20221011	13.5	0.0	61.9	1004.8	4.0
20221012	11.6	0.0	80.4	1010.6	0.7
20221013	13.5	0.0	82.4	1008.8	0.7
20221014	14.1	0.0	83.4	1004.6	0.7
20221015	15.1	0.0	79.9	1003.6	0.5
20221016	15.9	0.0	81.3	1002.4	0.7
20221017	14.5	0.0	52.9	1002.0	4.1
20221018	9.9	0.0	51.9	1006.1	2.4
20221019	9.1	0.0	60.9	1009.6	1.9
20221020	8.9	0.0	68.5	1011.9	0.6
20221021	11.8	0.2	80.0	1009.0	0.5
20221022	16.1	0.1	70.5	1004.4	1.8
20221023	14.2	0.0	67.0	1002.2	2.2
20221024	9.0	0.0	61.4	1004.7	1.6
20221025	7.5	0.0	72.6	1011.8	0.8
20221026	9.5	0.0	77.4	1011.9	0.6
20221027	12.0	0.0	72.9	1009.1	0.6
20221028	11.1	0.0	74.4	1010.0	0.5
20221029	12.3	0.0	76.3	1010.6	0.5
20221030	11.9	0.0	79.4	1009.9	0.6
20221031	10.5	0.0	81.1	1008.8	0.5
20221101	11.7	0.0	74.0	1005.6	0.7
20221102	9.7	0.0	74.1	1004.5	0.4
20221103	10.5	0.0	63.1	1002.6	1.3
20221104	9.2	0.0	38.1	1005.3	3.7
20221105	8.3	0.0	40.4	1008.4	2.5
20221106	7.1	0.0	69.5	1008.5	0.5
20221107	7.6	0.0	71.1	1007.5	0.4
20221108	8.7	0.0	71.3	1009.0	0.4
20221109	9.0	0.0	67.9	1009.4	0.4
20221110	10.0	0.0	66.1	1008.8	0.5
20221111	12.0	0.0	74.8	1010.2	0.6
20221112	14.6	5.8	87.4	1002.8	1.2
20221113	12.7	12.7	77.8	998.9	2.7
20221114	10.0	0.0	72.6	1002.1	1.5
20221115	8.5	0.0	62.5	1001.7	2.3
20221116	8.1	0.1	73.0	1004.5	1.4
20221117	7.3	0.0	71.8	1008.1	0.6
20221118	6.4	0.0	68.9	1010.2	0.5
20221119	7.8	0.0	74.8	1007.3	0.5
20221120	10.0	0.2	82.8	1004.5	0.4
20221121	9.1	0.0	84.1	1005.6	0.3
20221122	9.6	1.3	91.0	1004.3	0.4
20221123	11.7	0.2	77.8	1000.6	1.8
20221124	7.4	0.0	69.8	1004.9	0.5
20221125	6.6	0.0	75.6	1003.5	0.4
20221126	9.2	0.0	60.8	1001.0	2.0
20221127	6.4	0.0	63.9	1005.1	0.7
20221128	8.6	39.6	88.0	1000.8	0.5
20221129	11.6	11.6	62.5	998.2	3.3
20221130	-0.2	0.0	42.3	1012.2	5.0
20221201	-1.0	0.0	44.6	1013.7	2.5
20221202	-0.6	0.0	59.6	1013.0	1.1
20221203	3.7	0.0	69.0	1009.2	1.2
20221204	4.0	0.0	35.8	1011.5	3.0
20221205	1.1	0.0	28.3	1010.6	2.8
20221206	3.1	0.0	50.4	1007.4	3.1
20221207	5.8	0.0	51.1	1007.7	3.4
20221208	5.1	0.0	60.1	1009.1	0.8
20221209	3.3	0.0	72.5	1006.6	0.6
20221210	2.6	0.0	78.0	1003.5	0.6
20221211	2.2	0.0	62.1	1005.7	1.3
20221212	0.5	0.2	70.4	1004.5	0.8
20221213	4.5	0.2	56.3	1002.2	4.8
20221214	-3.4	0.0	56.0	1009.4	4.5
20221215	-1.9	0.0	64.9	1008.7	0.7
20221216	1.2	0.0	33.9	1011.0	2.5
20221217	-2.9	1.0	58.8	1007.4	3.0
20221218	-5.9	0.0	60.4	1005.9	2.2
20221219	-4.6	0.0	68.9	1009.7	1.2
20221220	-1.7	0.0	68.1	1009.3	0.8
20221221	0.5	1.3	81.0	996.5	1.1
20221222	-2.8	0.7	66.5	992.6	4.6
20221223	-5.6	0.1	59.8	995.1	7.1
20221224	-3.6	0.0	61.1	1001.6	2.9
20221225	-2.8	0.0	63.4	1005.5	1.9
20221226	-1.8	0.0	60.1	1008.2	1.2
20221227	-1.9	0.0	60.9	1011.4	1.2
20221228	1.0	0.0	56.1	1012.6	3.6
20221229	0.0	0.0	55.9	1015.2	2.8
20221230	0.5	0.0	60.8	1014.6	2.6
20221231	2.0	0.0	50.3	1013.7	4.2
20230101	3.5	0.0	48.0	1012.9	3.1
20230102	0.1	0.0	28.0	1013.5	3.5
20230103	-0.6	0.0	43.0	1012.5	3.4
20230104	0.2	0.0	52.0	1013.4	2.2
20230105	-0.1	0.0	69.9	1013.6	0.8
20230106	1.3	0.1	64.0	1006.3	0.6
20230107	3.6	0.3	55.0	1002.9	4.5
20230108	0.6	0.0	60.3	1008.6	0.6
20230109	2.2	0.0	68.8	1007.4	1.5
20230110	1.1	0.0	74.4	1011.9	0.6
20230111	2.3	0.0	60.5	1009.5	0.7
20230112	5.2	1.0	70.9	1006.9	0.9
20230113	12.5	33.6	96.4	995.7	1.1
20230114	8.8	2.6	98.4	996.6	0.5
20230115	2.1	0.4	79.1	1000.7	2.7
20230116	-1.7	0.0	51.6	1006.5	3.4
20230117	-1.8	0.0	56.4	1008.8	2.0
20230118	-0.2	0.0	64.6	1009.1	1.8
20230119	-0.8	0.0	69.9	1007.9	1.4
20230120	0.2	0.0	49.5	1009.4	4.6
20230121	-2.7	0.0	47.8	1012.8	1.2
20230122	-1.7	0.0	58.0	1009.9	0.5
20230123	1.8	0.0	59.9	1005.2	2.2
20230124	-8.5	0.0	38.1	1008.3	8.4
20230125	-8.8	0.0	32.4	1012.1	2.4
20230126	-4.2	0.0	58.4	1006.9	1.0
20230127	-3.1	0.0	42.1	1004.1	5.2
20230128	-3.4	0.0	49.4	1005.3	4.1
20230129	0.9	0.0	54.1	1003.6	2.8
20230130	0.5	0.0	37.6	1006.4	3.3
20230131	-0.8	0.0	55.9	1003.6	0.5
20230201	2.4	0.0	53.8	1001.5	3.0
20230202	0.5	0.0	41.9	1008.4	1.0
20230203	0.1	0.0	43.5	1005.7	1.4
20230204	0.7	0.0	40.8	1008.0	2.1
20230205	-0.5	0.0	52.0	1008.4	0.7
20230206	1.5	0.0	44.8	1005.5	0.8
20230207	3.2	0.0	45.8	1003.8	0.5
20230208	3.0	0.0	46.3	1008.9	1.3
20230209	2.7	3.6	60.8	1010.5	1.0
20230210	2.7	17.1	85.9	1003.6	1.5
20230211	0.9	0.0	87.5	1007.2	0.4
20230212	1.4	1.3	85.1	1005.1	0.4
20230213	5.0	0.4	85.9	1001.1	0.5
20230214	4.0	0.0	68.9	1004.8	1.1
20230215	2.5	0.0	72.3	1012.3	0.6
20230216	3.4	0.0	73.3	1013.8	0.7
20230217	2.9	0.0	70.1	1011.1	0.6
20230218	6.3	1.1	82.4	1003.8	0.5
20230219	5.7	0.0	59.3	1001.9	4.7
20230220	1.6	0.0	42.6	1008.6	4.7
20230221	-0.9	0.0	42.9	1016.6	1.4
20230222	2.3	0.0	60.3	1013.3	0.9
20230223	7.2	0.0	48.5	1006.1	1.3
20230224	6.3	0.0	38.1	1006.6	2.7
20230225	2.1	0.0	40.0	1014.0	3.8
20230226	1.8	0.0	46.1	1019.2	0.8
20230227	3.4	0.0	51.4	1017.3	0.8
20230228	5.2	0.0	60.0	1010.7	0.6
20230301	7.1	0.0	60.3	1004.7	2.7
20230302	3.5	0.0	29.9	1010.1	4.0
20230303	5.1	0.0	38.1	1010.8	1.6
20230304	5.5	0.0	53.1	1011.9	0.6
20230305	6.3	0.0	61.9	1011.1	0.8
20230306	7.5	0.0	53.1	1007.7	1.1
20230307	9.5	0.0	56.4	1005.7	0.9
20230308	10.2	0.0	56.5	1004.2	1.3
20230309	12.8	0.2	59.1	1000.0	1.4
20230310	11.9	0.0	59.4	1004.3	1.3
20230311	13.3	0.0	67.4	1006.7	1.1
20230312	7.1	3.7	73.3	1004.0	4.1
20230313	4.2	0.0	33.8	1006.0	4.2
20230314	7.5	0.0	56.9	1003.9	1.9
20230315	11.1	0.0	64.8	1004.6	1.3
20230316	10.2	0.0	33.6	1009.4	2.4
20230317	8.9	0.0	39.8	1006.4	0.8
20230318	10.8	0.0	38.9	1001.8	1.9
20230319	9.4	0.0	45.9	1003.3	1.0
20230320	9.4	0.0	55.8	999.9	1.3
20230321	14.0	0.0	53.1	996.3	1.2
20230322	11.9	2.2	89.3	995.3	0.5
20230323	15.0	16.6	99.8	990.4	0.4
20230324	12.3	3.5	94.6	999.1	0.9
20230325	9.4	1.0	84.4	1003.0	0.6
20230326	11.0	0.0	61.8	1000.3	1.8
20230327	8.9	0.0	37.9	1004.7	1.9
20230328	8.5	0.0	58.0	1007.9	1.1
20230329	11.3	0.0	58.4	1006.2	0.9
20230330	12.9	0.0	53.9	1003.5	1.0
20230331	15.0	0.0	45.0	1002.0	1.2
20230401	14.5	0.0	49.0	1000.7	1.1
20230402	13.3	0.0	48.8	1003.8	1.8
20230403	13.8	0.0	48.4	1007.0	1.2
20230404	13.3	8.8	72.1	1004.3	2.2
20230405	14.0	55.6	92.8	994.9	4.1
20230406	10.4	2.8	82.6	995.5	2.2
20230407	10.5	0.8	52.3	998.2	4.4
20230408	9.2	0.0	34.9	1003.5	4.4
20230409	12.0	0.0	34.5	1003.3	1.5
20230410	11.3	0.0	58.5	1001.0	1.6
20230411	14.6	0.0	71.1	996.9	1.9
20230412	13.1	0.0	26.4	1001.4	3.2
20230413	12.6	0.0	41.3	1002.1	1.3
20230414	11.5	2.1	82.1	998.2	0.9
20230415	13.3	1.0	80.4	989.2	1.5
20230416	9.4	0.0	76.9	990.3	1.4
20230417	11.7	0.0	63.1	1000.2	1.6
20230418	17.5	0.0	77.1	995.8	2.4
20230419	17.5	0.9	93.4	994.9	1.1
20230420	21.3	0.0	74.1	993.4	1.0
20230421	17.7	0.0	64.5	995.4	1.4
20230422	14.9	0.0	39.4	1003.8	1.7
20230423	12.9	0.0	54.4	1007.5	1.0
20230424	11.8	0.0	64.8	1008.0	0.9
20230425	8.3	6.5	92.1	999.8	0.5
20230426	10.7	0.0	64.5	998.1	3.2
20230427	11.6	0.0	71.6	1004.7	1.6
20230428	14.4	0.0	76.5	1001.6	1.6
20230429	15.0	5.7	83.8	992.0	2.1
20230430	15.2	0.0	45.9	995.3	3.4
20230501	15.6	0.0	45.3	1001.4	2.4
20230502	14.8	0.0	56.5	1007.6	1.5
20230503	15.8	0.0	67.4	1006.4	1.5
20230504	16.0	5.0	86.4	1000.0	3.9
20230505	18.6	90.6	97.3	989.4	3.2
20230506	16.1	11.6	94.0	989.7	2.1
20230507	10.3	6.4	91.1	996.3	1.4
20230508	13.1	0.0	67.6	1000.8	1.1
20230509	15.9	0.0	65.1	1000.8	1.1
20230510	18.0	0.0	55.1	1000.6	1.1
20230511	17.6	0.0	64.4	1003.0	1.5
20230512	16.8	0.0	66.3	1001.6	1.4
20230513	17.5	0.0	73.0	997.3	1.4
20230514	17.7	0.0	73.3	993.8	1.2
20230515	18.4	0.0	69.8	994.0	1.3
20230516	21.1	0.0	69.5	996.5	1.1
20230517	20.4	0.0	74.1	998.8	1.8
20230518	17.2	17.6	95.9	995.4	0.7
20230519	18.1	0.0	83.0	993.9	1.0
20230520	19.6	0.0	77.1	995.5	1.3
20230521	21.0	0.0	67.1	993.3	1.9
20230522	15.5	0.0	72.4	993.1	1.0
20230523	16.7	0.0	75.3	995.0	1.4
20230524	17.6	0.0	67.4	999.6	0.9
20230525	19.2	0.0	64.1	1001.1	1.4
20230526	18.8	0.0	75.6	1003.6	0.9
20230527	21.0	0.0	78.5	1002.5	1.6
20230528	22.0	0.9	88.4	997.9	1.7
20230529	21.0	47.2	99.5	995.1	0.6
20230530	20.9	0.0	85.6	995.3	1.2
20230531	20.7	0.8	67.0	995.8	1.2
20230601	16.4	12.0	94.1	992.0	0.6
20230602	23.6	0.1	67.4	986.4	2.0
20230603	21.7	0.0	61.4	992.8	1.9
20230604	22.6	0.0	45.0	995.7	2.0
20230605	20.4	0.0	64.5	996.0	1.5
20230606	21.0	0.0	75.0	991.7	1.1
20230607	21.7	0.0	71.9	993.7	1.0
20230608	21.7	0.0	74.8	990.0	1.7
20230609	22.8	0.0	71.3	989.2	1.5
20230610	22.8	0.0	75.3	990.6	2.0
20230611	23.5	0.0	77.5	990.1	1.9
20230612	23.5	0.0	76.8	990.0	1.1
20230613	23.0	0.0	77.9	989.1	1.1
20230614	19.4	4.0	85.5	991.0	1.1
20230615	20.9	0.0	80.9	993.5	1.2
20230616	23.5	0.0	70.9	997.6	1.1
20230617	24.5	0.0	72.9	997.0	1.2
20230618	26.2	0.0	66.6	991.8	1.2
20230619	25.5	0.0	67.8	991.9	1.2
20230620	22.7	1.0	69.3	990.4	1.7
20230621	21.2	6.8	91.4	986.7	1.8
20230622	23.4	0.0	68.5	988.9	2.6
20230623	23.8	0.0	70.4	994.4	1.7
20230624	24.0	0.0	75.6	999.4	1.4
20230625	21.8	16.8	87.3	998.1	1.4
20230626	23.2	66.6	95.5	993.4	1.6
20230627	25.5	63.6	85.6	994.3	1.5
20230628	22.6	30.3	90.8	994.4	1.3
20230629	24.2	48.6	94.9	988.4	1.5
20230630	24.0	9.0	94.9	986.2	1.0
20230701	25.3	0.0	89.9	991.1	1.3
20230702	26.2	0.0	83.4	993.6	1.3
20230703	26.5	0.0	83.0	991.3	1.4
20230704	23.1	32.1	94.5	987.6	2.3
20230705	25.3	14.8	79.4	982.2	2.3
20230706	24.9	0.0	79.1	988.4	1.0
20230707	21.2	47.8	95.3	988.6	1.0
20230708	23.3	0.0	93.8	988.4	0.9
20230709	25.5	0.0	92.6	989.1	1.2
20230710	26.5	1.6	87.3	990.2	1.4
20230711	23.9	29.3	96.1	992.0	1.0
20230712	25.1	8.6	93.5	991.3	1.2
20230713	25.4	16.5	94.1	991.0	1.4
20230714	25.4	22.7	90.0	986.7	2.9
20230715	25.4	34.9	89.1	988.0	1.6
20230716	22.9	39.2	98.3	994.0	0.9
20230717	24.8	21.9	95.0	997.8	1.1
20230718	23.2	151.4	100.0	995.2	0.6
20230719	25.5	0.3	88.6	992.4	1.0
20230720	26.9	0.0	82.3	994.2	0.9
20230721	25.8	0.0	84.0	997.7	1.4
20230722	23.7	1.1	86.6	998.8	2.4
20230723	26.0	3.4	90.6	994.7	1.8
20230724	25.0	19.4	94.3	994.9	1.1
20230725	25.3	14.8	94.3	998.8	0.8
20230726	25.7	4.4	91.8	1000.5	0.9
20230727	27.2	0.0	85.6	999.8	0.9
20230728	26.8	0.0	85.9	999.9	0.9
20230729	27.9	0.0	80.1	999.7	1.0
20230730	27.4	0.0	80.6	998.7	1.1
20230731	28.0	0.0	77.0	997.7	0.8
20230801	27.8	0.0	78.1	996.2	0.9
20230802	28.1	0.0	78.5	993.4	0.9
20230803	29.0	0.0	78.1	991.7	0.9
20230804	28.5	0.0	79.1	990.0	1.0
20230805	29.5	0.0	77.8	985.8	0.9
20230806	29.3	0.0	79.5	983.6	0.8
20230807	29.7	0.0	76.4	984.6	1.0
20230808	28.7	2.3	78.0	987.1	1.0
20230809	25.3	60.5	93.3	986.7	1.0
20230810	24.3	152.7	84.6	978.3	4.0
20230811	26.1	0.0	80.4	986.8	1.9
20230812	26.8	0.0	80.0	989.2	1.0
20230813	27.2	0.0	80.5	990.1	1.0
20230814	27.5	0.0	79.3	990.9	0.8
20230815	27.8	0.0	80.3	989.4	1.1
20230816	27.1	0.0	85.9	989.1	1.2
20230817	25.9	7.7	87.9	990.4	1.2
20230818	26.5	1.4	86.9	992.3	0.9
20230819	26.7	4.9	90.4	995.2	0.7
20230820	27.7	0.7	89.4	996.3	0.7
20230821	28.2	0.0	82.8	994.0	1.6
20230822	27.7	0.3	81.8	990.9	1.7
20230823	26.6	50.4	89.5	990.8	2.2
20230824	24.5	43.2	98.8	991.4	1.1
20230825	25.6	0.0	81.9	993.2	1.0
20230826	24.6	0.0	81.3	994.5	0.9
20230827	25.4	2.2	84.1	993.6	1.0
20230828	25.1	7.4	90.0	992.8	1.3
20230829	25.1	45.8	97.1	991.8	2.2
20230830	23.8	114.6	99.0	993.7	1.0
20230831	24.8	9.0	88.0	994.9	0.7
20230901	24.7	0.0	85.0	996.2	0.7
20230902	23.6	0.0	87.1	997.0	0.9
20230903	25.8	1.6	87.4	997.4	0.8
20230904	26.3	0.0	86.5	997.0	0.6
20230905	25.5	0.0	79.5	996.4	0.8
20230906	24.5	0.0	78.8	996.9	1.1
20230907	22.8	0.0	76.1	999.4	1.2
20230908	22.0	0.0	78.9	998.2	0.8
20230909	22.3	0.0	80.4	996.5	0.9
20230910	22.6	0.0	79.5	995.8	0.7
20230911	23.3	0.0	81.5	994.9	0.8
20230912	24.0	0.0	85.0	995.9	0.6
20230913	23.2	7.7	93.5	995.8	0.4
20230914	22.5	17.4	98.4	997.3	0.7
20230915	22.4	32.3	98.0	998.8	0.4
20230916	22.9	36.1	98.4	997.7	0.8
20230917	24.2	17.1	91.4	995.9	1.1
20230918	24.6	0.3	88.8	997.7	0.7
20230919	22.9	0.0	83.5	999.3	0.8
20230920	20.8	48.1	98.3	994.5	0.8
20230921	20.4	4.2	95.9	994.8	0.8
20230922	20.9	0.0	85.8	1000.1	0.7
20230923	19.0	0.0	82.1	1004.4	1.1
20230924	19.2	0.0	78.1	1004.4	1.0
20230925	20.6	0.0	84.5	1001.1	0.6
20230926	21.2	0.1	94.6	998.1	0.5
20230927	23.0	0.0	81.5	996.7	1.2
20230928	22.4	0.0	78.6	998.5	1.6
20230929	20.1	0.0	78.6	999.0	0.7
20230930	19.2	5.7	80.1	996.4	1.5
20231001	17.7	0.0	67.4	999.0	1.8
20231002	15.6	0.0	73.1	1002.9	1.1
20231003	14.5	1.4	92.5	1002.9	0.6
20231004	18.6	0.0	71.8	998.8	1.6
20231005	16.6	0.0	42.0	999.8	3.4
20231006	14.9	0.0	69.4	1003.3	0.9
20231007	15.6	0.5	81.4	1006.5	0.5
20231008	16.4	1.6	83.1	1007.0	0.7
20231009	17.2	0.0	83.3	1004.0	0.7
20231010	16.4	0.0	75.6	1005.0	1.1
20231011	14.7	0.0	80.3	1009.1	0.7
20231012	13.9	0.0	78.5	1009.0	0.8
20231013	15.4	0.0	79.4	1002.7	0.5
20231014	15.6	0.0	79.8	995.2	0.6
20231015	16.9	0.0	66.4	995.6	2.6
20231016	15.1	0.0	66.8	999.7	2.2
20231017	13.0	0.0	69.0	1003.5	1.0
20231018	12.8	0.0	79.8	1004.9	0.7
20231019	14.3	2.0	84.1	1001.2	0.7
20231020	12.6	2.5	59.9	1000.8	4.6
20231021	11.4	0.0	56.0	1005.5	2.8
20231022	11.5	0.0	68.0	1007.8	1.2
20231023	12.1	0.0	82.5	1007.5	0.6
20231024	11.7	0.0	84.6	1005.3	0.5
20231025	13.3	0.0	83.1	1002.8	0.5
20231026	14.6	0.0	80.3	999.9	0.7
20231027	14.4	0.0	70.3	999.0	1.8
20231028	12.1	0.0	79.6	1003.0	0.6
20231029	11.9	0.0	84.3	1006.3	0.5
20231030	12.5	0.0	84.9	1007.1	0.4
20231031	12.2	0.0	73.0	1006.9	0.5
20231101	13.5	0.0	83.6	1004.4	0.5
20231102	16.1	0.0	75.5	1002.8	0.4
20231103	15.3	0.0	79.8	1001.4	0.4
20231104	17.3	12.4	89.6	1005.2	0.5
20231105	18.6	26.7	93.0	1002.4	2.0
20231106	16.6	25.1	68.1	994.0	4.1
20231107	10.4	0.0	55.8	1004.1	4.3
20231108	8.0	0.0	72.6	1007.0	0.8
20231109	12.8	2.2	82.5	1004.7	0.8
20231110	9.9	6.9	52.6	1005.9	3.2
20231111	5.0	0.0	51.6	1010.7	1.8
20231112	5.0	0.0	51.8	1009.9	4.3
20231113	5.0	0.0	44.0	1010.6	3.4
20231114	6.7	0.0	62.0	1010.2	2.5
20231115	6.3	0.0	75.1	1011.4	0.7
20231116	4.7	8.5	90.0	1004.8	1.1
20231117	4.9	1.4	70.1	998.0	3.3
20231118	3.5	0.4	60.6	1001.4	5.8
20231119	9.8	0.0	58.1	1002.2	4.1
20231120	7.7	0.0	57.0	1007.0	1.3
20231121	5.0	0.0	74.4	1006.2	0.5
20231122	6.7	0.0	76.6	1002.0	0.4
20231123	11.3	0.0	69.0	998.0	2.4
20231124	3.3	0.0	42.3	1010.1	5.7
20231125	0.7	0.0	44.1	1014.8	1.4
20231126	2.7	0.0	55.3	1008.9	0.6
20231127	6.8	0.0	77.3	999.7	1.2
20231128	5.9	0.0	54.0	1004.5	3.9
20231129	4.9	0.0	60.0	1007.5	2.8
20231130	0.6	0.0	46.4	1010.5	4.7
20231201	0.7	0.0	56.5	1008.9	3.2
20231202	4.4	0.0	60.0	1009.4	2.5
20231203	5.4	0.0	54.1	1009.2	2.2
20231204	1.6	0.0	66.9	1005.8	0.5
20231205	3.6	0.0	60.6	1001.7	0.5
20231206	4.8	0.8	74.6	996.0	1.5
20231207	6.0	0.0	48.4	1000.5	3.8
20231208	6.0	0.0	75.8	1001.1	0.9
20231209	7.7	0.0	86.8	1003.4	0.3
20231210	10.5	0.0	82.3	1007.0	0.6
20231211	11.2	45.4	98.4	999.7	0.5
20231212	8.4	3.1	96.9	1003.8	0.5
20231213	6.1	0.0	95.4	1012.2	0.6
20231214	7.4	30.9	99.6	1007.5	0.1
20231215	9.9	15.1	92.9	996.3	1.7
20231216	0.7	0.0	68.4	1004.5	6.0
20231217	-4.8	0.0	56.0	1015.1	4.4
20231218	-2.9	0.0	58.5	1016.6	1.8
20231219	0.8	0.0	57.4	1010.9	1.3
20231220	-2.2	0.0	59.6	1008.4	5.0
20231221	-6.8	0.0	55.9	1012.1	2.9
20231222	-6.4	0.0	53.6	1017.6	3.3
20231223	-3.2	0.0	60.5	1019.2	1.8
20231224	-1.6	0.3	73.4	1014.3	1.8
20231225	-1.2	0.0	72.9	1012.9	1.7
20231226	3.0	0.0	63.4	1013.2	2.4
20231227	2.3	0.0	74.6	1013.9	0.5
20231228	2.3	0.0	72.1	1011.5	1.9
20231229	0.9	0.0	75.1	1010.2	0.5
20231230	2.4	0.2	77.9	1002.1	0.5
20231231	4.7	1.1	78.9	1001.4	3.0
20240101	2.4	0.0	80.8	1011.0	0.4
20240102	3.9	0.0	73.4	1005.6	1.8
20240103	3.2	0.2	70.6	1002.9	3.7
20240104	1.4	0.0	60.6	1006.4	1.1
20240105	2.9	0.0	76.8	1004.8	1.1
20240106	4.1	0.0	48.6	1004.9	2.2
20240107	0.0	0.0	44.0	1008.3	5.3
20240108	-2.9	0.0	44.9	1009.6	1.0
20240109	-1.3	0.2	68.5	1003.8	0.5
20240110	2.8	0.0	74.9	1002.6	1.6
20240111	1.2	0.0	68.6	1002.1	2.1
20240112	6.3	0.0	46.3	1001.4	2.6
20240113	3.3	0.0	36.3	1007.5	2.3
20240114	3.9	0.2	66.4	1005.3	1.4
20240115	2.4	0.0	40.0	1008.9	3.1
20240116	-0.4	0.0	46.8	1014.8	0.9
20240117	1.3	0.9	71.5	1010.1	0.5
20240118	6.2	2.2	96.8	1005.5	0.8
20240119	4.9	0.9	89.0	1011.4	0.4
20240120	3.2	23.4	96.8	1007.9	0.8
20240121	4.8	0.4	86.8	1007.1	0.9
20240122	-3.2	0.0	56.3	1008.8	5.8
20240123	-6.5	0.0	52.9	1007.1	7.0
20240124	-3.8	0.0	46.3	1007.1	5.8
20240125	-1.8	0.0	41.4	1010.4	3.1
20240126	1.7	0.0	50.0	1011.2	3.1
20240127	2.4	0.0	52.6	1009.7	1.9
20240128	1.0	0.0	56.6	1011.4	2.7
20240129	-1.4	0.0	68.3	1013.8	0.8
20240130	1.4	0.0	59.5	1012.4	0.8
20240131	8.0	0.0	68.1	1006.9	0.9
20240201	7.1	0.0	62.3	1007.2	1.0
20240202	6.0	0.0	70.6	1010.1	1.0
20240203	4.6	6.3	83.1	1010.8	0.6
20240204	4.9	5.9	89.5	1008.8	0.7
20240205	2.9	21.0	97.0	1003.3	0.8
20240206	3.2	0.0	82.8	1007.5	1.4
20240207	1.4	0.0	63.4	1005.9	1.9
20240208	0.7	0.0	72.1	1004.4	0.6
20240209	1.2	0.0	65.6	1005.3	2.3
20240210	2.4	0.0	61.5	1007.1	1.8
20240211	3.3	0.0	53.1	1007.9	3.7
20240212	2.5	0.0	65.4	1013.3	0.9
20240213	5.4	0.0	73.5	1011.0	0.5
20240214	8.3	1.6	91.8	1006.6	0.6
20240215	6.3	0.0	79.3	1002.4	2.3
20240216	2.1	0.0	69.4	1008.1	0.8
20240217	4.0	0.0	73.3	1006.1	0.9
20240218	5.5	29.7	95.0	1003.8	0.9
20240219	13.4	15.7	89.3	996.0	1.6
20240220	7.0	7.3	94.5	1005.7	0.9
20240221	4.6	11.3	97.9	1004.3	0.7
20240222	2.2	4.7	95.1	1009.1	1.3
20240223	2.1	0.6	83.4	1012.8	1.0
20240224	2.8	5.9	73.1	1011.9	1.1
20240225	3.0	2.2	88.6	1006.3	1.0
20240226	4.2	0.0	71.4	1010.3	0.8
20240227	2.4	0.0	71.4	1014.1	0.9
20240228	4.1	0.0	70.1	1012.2	0.8
20240229	3.4	6.3	87.3	1005.7	1.1
20240301	-0.6	0.0	40.8	1005.3	5.6
20240302	-1.2	0.0	49.5	1005.6	1.9
20240303	4.3	0.0	64.0	1002.8	1.8
20240304	7.1	0.0	59.1	1004.4	1.3
20240305	4.7	11.4	96.9	998.0	0.8
20240306	7.5	0.0	72.0	999.2	1.1
20240307	5.3	0.0	57.6	1000.8	2.4
20240308	3.9	0.0	42.3	1001.4	5.7
20240309	3.1	0.0	43.8	1007.3	2.2
20240310	4.3	0.0	56.1	1011.4	0.8
20240311	5.0	0.0	67.0	1004.8	0.8
20240312	5.7	0.0	76.5	999.0	1.8
20240313	7.0	0.0	54.0	1004.7	2.0
20240314	6.8	0.0	51.9	1005.7	1.5
20240315	8.9	0.0	45.0	1007.7	1.7
20240316	10.6	0.0	45.1	1005.1	1.5
20240317	12.4	0.0	49.1	999.4	3.4
20240318	8.2	0.0	52.3	1004.9	1.4
20240319	8.6	0.0	44.8	1000.5	4.4
20240320	5.1	0.0	41.8	1003.4	5.4
20240321	5.1	0.0	47.8	1002.5	1.6
20240322	7.8	2.5	74.1	999.4	2.3
20240323	16.7	0.2	63.4	998.0	1.8
20240324	11.3	1.5	84.1	1001.7	1.1
20240325	9.0	17.0	89.9	999.4	0.8
20240326	7.8	21.5	83.3	1001.9	1.1
20240327	9.1	0.0	81.1	1007.0	1.3
20240328	9.1	35.8	90.8	993.8	1.3
20240329	12.0	0.0	55.4	992.3	3.1
20240330	11.9	0.0	59.8	995.9	2.0
20240331	11.9	0.0	57.9	995.5	1.2
20240401	13.4	0.0	51.0	998.1	1.1
20240402	12.9	4.2	68.4	998.1	1.8
20240403	12.8	41.9	99.1	990.9	1.0
20240404	12.7	0.0	85.0	999.4	0.8
20240405	13.4	0.0	68.9	1003.2	1.0
20240406	13.0	0.0	74.9	1002.5	0.9
20240407	15.8	0.0	60.1	1001.1	0.9
20240408	15.8	0.0	62.3	999.8	0.4
20240409	13.2	0.0	61.9	1004.8	1.5
20240410	13.3	0.0	60.3	1009.1	1.7
20240411	13.3	0.0	75.1	1005.9	1.0
20240412	15.8	0.0	70.1	1002.4	1.0
20240413	17.8	0.0	61.3	1001.7	1.1
20240414	17.8	0.0	59.8	1002.3	1.5
20240415	15.6	21.8	88.4	996.4	2.3
20240416	16.0	0.0	68.4	996.2	2.1
20240417	14.6	0.0	61.0	995.5	1.2
20240418	16.8	0.0	63.6	994.1	1.1
20240419	17.7	0.0	62.5	996.6	1.1
20240420	13.4	21.0	92.9	994.0	1.9
20240421	13.9	7.2	99.9	994.8	0.4
20240422	13.9	0.0	89.1	997.9	0.5
20240423	13.2	1.6	83.1	995.9	1.0
20240424	13.9	0.6	76.1	992.4	2.0
20240425	16.6	0.0	69.1	994.6	1.2
20240426	16.4	0.0	81.6	994.4	1.0
20240427	19.3	0.0	71.5	994.9	0.8
20240428	19.5	0.0	66.9	997.3	1.9
20240429	14.6	34.1	97.1	993.4	0.9
20240430	17.8	0.4	85.6	990.5	1.2
20240501	13.3	2.0	81.0	996.9	1.5
20240502	14.6	0.0	69.3	1002.4	1.1
20240503	17.5	0.0	66.4	1002.4	1.2
20240504	18.5	0.0	67.1	1001.3	1.5
20240505	17.0	79.1	97.1	995.9	4.2
20240506	17.0	11.2	82.3	992.5	1.7
20240507	14.0	13.0	87.8	995.5	1.3
20240508	13.0	1.1	76.9	1001.6	1.1
20240509	15.7	0.0	61.6	1002.7	1.6
20240510	17.6	0.0	57.6	1002.4	1.6
20240511	17.9	2.6	76.3	998.1	1.8
20240512	18.6	3.8	62.8	993.9	2.7
20240513	17.3	0.0	60.9	998.3	1.4
20240514	17.8	0.0	68.6	999.9	0.9
20240515	16.2	0.5	65.0	995.1	2.6
20240516	15.0	0.3	52.0	994.1	5.3
20240517	17.6	0.0	61.1	999.4	1.0
20240518	18.5	0.0	65.1	1001.4	1.0
20240519	20.6	0.0	56.8	999.1	0.8
20240520	21.1	0.0	50.9	999.1	1.4
20240521	19.4	0.0	73.9	1003.0	1.2
20240522	21.0	0.0	70.3	999.9	1.3
20240523	23.4	0.0	59.9	994.7	1.2
20240524	22.1	0.0	61.1	996.3	1.7
20240525	19.5	0.0	61.9	1000.7	1.6
20240526	19.1	4.4	81.4	992.1	1.9
20240527	20.5	0.2	52.8	988.1	4.3
20240528	18.6	0.0	63.5	990.3	1.5
20240529	20.1	0.0	65.8	997.2	1.0
20240530	19.5	0.1	72.4	995.8	0.8
20240531	22.3	0.1	56.5	993.9	1.9
20240601	20.9	0.0	51.9	994.5	2.8
20240602	20.3	0.0	56.1	994.4	2.1
20240603	18.4	1.6	78.8	995.6	1.5
20240604	20.8	0.0	64.8	1000.1	1.1
20240605	20.4	0.0	67.1	1002.9	1.1
20240606	19.5	0.0	70.3	1001.6	1.0
20240607	21.1	0.0	64.5	998.4	1.2
20240608	18.6	6.2	92.0	994.7	1.6
20240609	22.7	2.5	78.9	992.4	0.9
20240610	24.3	0.0	69.6	992.6	1.1
20240611	25.2	0.0	66.9	991.8	1.2
20240612	24.8	13.4	74.5	989.9	1.1
20240613	25.5	0.0	67.8	989.1	1.2
20240614	24.9	0.0	69.6	990.3	1.3
20240615	25.7	0.5	70.8	987.9	1.2
20240616	25.3	0.0	56.5	991.0	2.1
20240617	21.0	0.0	73.4	992.8	0.9
20240618	26.4	0.0	52.0	991.1	1.6
20240619	25.6	0.0	61.1	993.4	1.5
20240620	21.7	0.0	75.5	990.6	1.2
20240621	25.0	0.0	72.5	987.9	1.7
20240622	22.5	26.7	96.6	984.1	1.1
20240623	24.8	0.0	84.3	984.3	1.5
20240624	24.8	0.0	75.4	988.9	1.6
20240625	23.9	0.0	54.3	995.6	2.4
20240626	23.0	0.0	62.9	999.6	1.3
20240627	19.4	0.0	80.5	997.3	0.9
20240628	23.9	0.0	76.1	992.5	1.4
20240629	22.5	44.1	94.0	990.3	1.8
20240630	24.8	59.4	95.9	984.6	1.0
20240701	26.6	0.0	83.9	988.6	1.2
20240702	25.3	14.3	91.4	990.6	2.2
20240703	26.9	10.8	83.6	993.9	1.4
20240704	27.1	0.0	80.1	992.9	1.1
20240705	27.5	5.0	75.5	990.1	1.7
20240706	27.4	0.0	81.9	990.5	1.7
20240707	27.4	0.0	86.3	990.2	1.4
20240708	26.0	12.8	92.5	989.2	1.2
20240709	24.6	39.6	96.9	990.4	0.9
20240710	26.1	14.7	86.8	984.9	1.8
20240711	24.4	53.8	90.1	986.9	1.2
20240712	25.1	0.1	85.1	987.4	1.1
20240713	24.4	0.0	85.5	991.4	1.4
20240714	23.1	12.7	96.8	994.9	1.1
20240715	24.3	0.0	91.0	997.1	1.2
20240716	23.2	17.6	96.4	997.0	1.2
20240717	25.7	0.0	90.9	995.1	1.3
20240718	26.3	13.3	90.5	990.0	1.8
20240719	24.5	21.4	96.3	991.5	0.6
20240720	26.0	59.3	87.5	993.7	1.3
20240721	27.6	4.4	87.0	993.6	1.1
20240722	28.8	0.0	79.6	992.8	1.9
20240723	28.4	0.0	83.5	990.9	1.2
20240724	27.5	1.4	89.0	990.6	1.3
20240725	28.2	0.3	84.8	992.2	1.4
20240726	26.7	24.2	91.4	996.1	2.9
20240727	27.5	12.2	90.1	1000.8	1.6
20240728	28.5	0.0	81.6	999.0	1.8
20240729	28.8	0.0	75.6	995.0	2.1
20240730	29.4	0.0	72.3	992.9	2.3
20240731	28.9	0.0	79.9	992.2	0.8
20240801	29.0	0.0	83.0	990.6	1.0
20240802	29.9	0.0	82.5	990.2	1.1
20240803	31.0	0.0	77.3	992.3	1.2
20240804	28.3	0.0	86.9	993.4	1.1
20240805	27.0	9.0	88.5	993.6	1.1
20240806	27.6	0.9	85.3	992.9	1.0
20240807	28.6	0.0	82.1	991.4	1.2
20240808	28.9	0.5	78.1	989.8	1.4
20240809	28.4	0.0	77.3	989.4	1.0
20240810	28.0	4.0	82.3	989.2	1.2
20240811	28.5	0.0	78.1	988.7	1.0
20240812	27.9	0.0	76.9	990.2	0.8
20240813	28.1	0.0	73.6	993.2	1.0
20240814	28.2	0.0	76.0	993.3	1.0
20240815	28.6	0.0	76.6	993.1	1.0
20240816	28.5	0.0	76.6	994.0	0.9
20240817	28.1	0.0	79.6	995.6	1.2
20240818	27.5	0.0	79.1	995.1	1.0
20240819	28.5	0.0	79.1	994.0	1.1
20240820	27.8	45.6	89.8	994.6	1.9
20240821	27.4	48.8	90.4	994.4	1.7
20240822	27.0	7.1	91.8	991.8	1.4
20240823	27.1	0.0	80.6	994.2	0.9
20240824	27.7	0.0	80.4	995.4	0.8
20240825	27.9	0.0	82.0	994.1	0.8
20240826	27.8	0.0	80.9	991.9	1.0
20240827	27.0	0.0	83.4	991.0	0.9
20240828	26.1	0.0	77.1	992.9	1.2
20240829	27.6	0.0	72.8	989.6	1.6
20240830	28.7	0.0	68.6	988.8	1.7
20240831	27.0	0.0	72.1	991.8	1.4
20240901	26.0	0.0	77.9	992.8	0.7
20240902	25.5	3.2	84.8	994.3	0.7
20240903	24.2	0.2	85.6	997.3	0.6
20240904	23.9	0.0	76.4	995.5	0.8
20240905	25.9	0.0	76.4	993.5	0.9
20240906	25.2	50.5	93.5	996.3	0.7
20240907	25.3	7.8	95.5	998.6	0.4
20240908	26.9	0.0	85.4	998.5	0.8
20240909	27.4	0.0	83.6	998.2	0.7
20240910	27.5	0.0	83.1	998.8	0.7
20240911	26.3	1.4	91.3	1001.2	0.7
20240912	27.6	0.0	88.5	999.8	0.9
20240913	27.9	0.0	85.5	994.7	0.7
20240914	27.7	0.0	82.9	991.5	0.8
20240915	27.9	0.0	81.6	994.9	0.8
20240916	27.2	0.0	82.6	1000.6	0.9
20240917	29.0	0.0	80.8	999.8	0.7
20240918	29.0	0.0	79.0	999.1	1.0
20240919	28.1	0.0	78.3	999.5	0.9
20240920	25.2	91.0	97.3	996.0	0.8
20240921	23.3	78.7	98.5	990.8	0.8
20240922	21.2	0.6	93.6	996.3	0.6
20240923	19.1	0.4	80.3	1002.6	1.0
20240924	19.0	0.0	83.5	1001.3	0.7
20240925	21.2	0.0	83.3	999.5	0.6
20240926	22.7	0.0	84.6	998.0	0.5
20240927	22.7	0.0	84.4	997.9	0.8
20240928	21.9	0.0	84.4	1002.7	0.7
20240929	20.1	0.0	86.0	1004.9	0.6
20240930	19.3	0.0	84.0	1000.9	0.7
20241001	18.7	0.0	76.5	996.6	1.9
20241002	16.1	0.0	56.8	1001.8	2.4
20241003	14.1	5.6	84.5	1005.2	1.4
20241004	15.1	0.0	84.4	1008.3	1.0
20241005	15.3	0.0	86.8	1007.5	0.8
20241006	14.9	5.1	94.5	1004.9	0.7
20241007	15.8	1.5	87.5	1001.8	1.1
20241008	17.4	0.0	80.8	1000.7	0.9
20241009	16.1	0.0	86.1	1001.0	0.6
20241010	16.5	1.3	85.1	1000.1	0.7
20241011	16.2	0.0	84.6	1002.9	0.8
20241012	15.9	0.0	84.5	1007.5	0.6
20241013	15.9	0.0	86.6	1008.0	0.6
20241014	16.9	24.0	95.6	1004.4	0.4
20241015	18.1	1.8	97.3	1002.3	0.4
20241016	18.7	0.0	88.6	1006.5	0.8
20241017	17.7	0.0	87.8	1007.0	0.7
20241018	18.7	15.1	97.0	999.4	0.4
20241019	19.0	0.0	83.9	1001.7	1.8
20241020	13.5	0.0	68.5	1014.2	1.4
20241021	13.9	8.7	89.3	1008.6	0.4
20241022	17.1	58.9	99.9	999.3	0.5
20241023	14.8	0.0	66.6	1000.9	4.6
20241024	11.6	0.0	75.3	1005.8	1.0
20241025	12.3	0.0	89.4	1009.4	0.5
20241026	14.1	0.0	88.3	1005.9	0.7
20241027	13.1	0.6	96.8	999.4	0.6
20241028	15.1	0.0	83.0	999.4	0.8
20241029	14.8	0.0	80.8	1003.1	0.6
20241030	13.9	0.0	82.6	1006.6	0.6
20241031	13.4	0.0	87.8	1007.6	0.5
20241101	12.8	42.5	98.4	1003.9	0.6
20241102	15.5	17.0	89.5	1001.8	1.0
20241103	13.3	0.0	90.1	1007.3	0.7
20241104	13.9	0.0	78.3	1004.8	1.6
20241105	11.9	0.0	58.3	1004.8	3.1
20241106	9.1	0.0	49.8	1009.2	3.5
20241107	7.7	0.0	79.8	1013.6	0.7
20241108	10.0	0.0	86.4	1012.4	0.5
20241109	11.4	0.0	86.6	1010.7	0.5
20241110	11.2	0.0	92.4	1006.9	0.3
20241111	11.6	0.0	83.5	1004.5	0.8
20241112	13.0	0.0	77.4	1003.5	1.1
20241113	10.3	0.0	85.0	1007.3	0.4
20241114	11.4	0.0	89.4	1005.6	0.5
20241115	13.0	0.0	86.9	1003.7	0.4
20241116	15.5	0.0	81.9	1001.1	0.5
20241117	13.0	0.0	46.5	1004.6	4.2
20241118	4.3	0.0	39.6	1013.9	2.7
20241119	4.0	0.0	75.3	1013.8	0.5
20241120	7.1	0.0	70.9	1007.7	0.8
20241121	8.9	0.0	70.4	1004.8	1.4
20241122	8.6	0.0	56.6	1005.9	2.5
20241123	4.2	0.0	75.1	1011.0	0.6
20241124	6.4	0.0	78.5	1013.3	0.5
20241125	8.2	2.2	79.8	1009.4	1.1
20241126	8.5	21.7	67.5	997.5	3.6
20241127	3.5	0.6	67.9	997.2	4.3
20241128	4.7	0.4	71.4	996.1	3.5
20241129	4.6	0.0	72.5	996.6	2.8
20241130	6.1	0.0	63.8	1000.2	3.3
20241201	6.0	0.0	80.4	1000.9	0.5
20241202	8.2	0.0	75.9	1001.1	1.7
20241203	5.2	0.0	48.1	1005.6	2.4
20241204	4.3	0.0	56.3	1004.7	1.9
20241205	6.3	0.0	62.8	1001.1	3.6
20241206	5.8	0.0	56.5	1003.6	4.1
20241207	2.4	0.0	61.9	1007.0	2.4
20241208	2.8	0.0	46.3	1008.5	4.2
20241209	3.7	0.0	58.9	1007.6	2.9
20241210	4.2	0.0	57.0	1006.2	2.1
20241211	2.8	0.0	61.9	1005.2	0.6
20241212	2.0	0.0	51.8	1007.1	1.5
20241213	2.5	0.0	47.5	1004.8	1.9
20241214	1.6	0.0	53.1	1007.8	4.1
20241215	4.1	0.0	60.1	1004.6	3.8
20241216	4.2	0.0	55.0	1005.6	2.9
20241217	3.2	0.1	57.8	1007.8	1.8
20241218	0.3	0.0	54.9	1008.1	3.6
20241219	-1.7	0.0	56.9	1011.8	1.1
20241220	0.3	0.0	68.8	1006.4	1.1
20241221	1.2	0.9	67.8	1002.2	4.3
20241222	-0.7	0.0	42.4	1009.0	3.3
20241223	2.6	0.0	51.3	1009.7	2.8
20241224	2.4	0.0	52.0	1010.8	2.4
20241225	1.5	0.0	67.8	1009.1	1.4
20241226	3.9	0.0	52.6	1006.8	4.7
20241227	1.4	0.0	54.5	1008.0	5.0
20241228	0.1	0.0	56.5	1006.9	5.1
20241229	1.9	0.0	65.3	1009.1	1.7
20241230	3.3	0.0	69.8	1004.1	1.1
20241231	4.1	0.0	41.0	1003.1	4.4
